11911,-155.2329870,19.42655600
11921,-155.2243220,19.43510200
11763,-155.9978943,19.64699936
11665,-155.3110962,19.67090034
11664,-155.0653992,19.72680092
11668,-155.0702972,19.72979927
11663,-155.0691986,19.73110008
11672,-155.0683746,19.73168945
11766,-155.8977966,19.89529991
11934,-155.8657074,19.92280006
11936,-155.7908020,19.93180084
11935,-155.8143000,19.93410000
11928,-155.7917330,19.94023500
11825,-155.8608980,19.94148400
11772,-155.7002000,19.96150000
11777,-155.7339020,19.99010086
11774,-155.7324982,19.99230003
11817,-156.4295959,20.60910034
11798,-156.4404040,20.68049800
11938,-156.4376984,20.68149948
11807,-156.4434967,20.69639969
11940,-156.4434052,20.69650078
11941,-156.4418945,20.70389938
11809,-156.4479065,20.70870018
11814,-156.4478302,20.71486282
11821,-156.4483032,20.71549988
11806,-156.4481964,20.71579933
11820,-156.4488983,20.71829987
11818,-156.4604034,20.76219940
11816,-156.4622955,20.77379990
11822,-156.4709625,20.78936577
11855,-156.6768951,20.86940002
11851,-156.6806030,20.87479973
11857,-156.6773071,20.87540054
11752,-156.4721069,20.89360046
11852,-156.6970062,20.91850090
11865,-156.6593000,20.92140000
11866,-156.6963043,20.92250061
11867,-156.6958008,20.92519951
11853,-156.6956024,20.92639923
11864,-156.6954041,20.92810059
11894,-156.3667680,20.92952000
11747,-156.6929016,20.93309975
11863,-156.6943054,20.93610001
11861,-156.6940002,20.93880081
11844,-156.6940002,20.95009995
11850,-156.6941986,20.95050049
11859,-156.6903992,20.95359993
11862,-156.6885986,20.95820045
11860,-156.6793976,20.97610092
11749,-156.6811066,20.97789955
11789,-156.6554871,20.99547768
11885,-156.6676025,21.00180054
11886,-156.6401062,21.02000046
11790,-156.6362000,21.02309990
11856,-156.6217957,21.02589989
11878,-157.2215000,21.14280000
11899,-156.9479980,21.22590100
11738,-157.8235016,21.26729965
11712,-157.8235016,21.26790047
11706,-157.7803955,21.27350044
11723,-157.8238068,21.27490044
11721,-157.8256989,21.27569962
11727,-157.8260956,21.27619934
11713,-157.8242950,21.27630043
11710,-157.8262024,21.27659988
11725,-157.8249969,21.27689934
11732,-157.8231964,21.27729988
11699,-157.8244934,21.27809906
11719,-157.8271942,21.27820015
11742,-157.8265991,21.27860069
11730,-157.8276978,21.27869987
11728,-157.8276062,21.27869987
11702,-157.8283997,21.27939987
11689,-157.8334961,21.27980042
11682,-157.8264008,21.28000069
11722,-157.8280029,21.28009987
11683,-157.8262939,21.28009987
11736,-157.8298950,21.28059959
11714,-157.8273010,21.28059959
11744,-157.8276978,21.28079987
11718,-157.8307037,21.28120041
11695,-157.8341980,21.28140068
11717,-157.8347015,21.28170013
11741,-157.8336945,21.28170013
11711,-157.8280029,21.28170013
11739,-157.8312073,21.28210068
11685,-157.8276978,21.28219986
11743,-157.8258972,21.28249931
11735,-157.8321075,21.28280067
11716,-157.8329010,21.28289986
11737,-157.8321991,21.28289986
11709,-157.8302002,21.28289986
11704,-157.8280945,21.28319931
11733,-157.8305750,21.28382500
11708,-157.8287964,21.28389931
11731,-157.8316956,21.28400040
11715,-157.8307953,21.28409958
11684,-157.8300018,21.28560066
11692,-157.8386830,21.28581500
11688,-157.8334961,21.28689957
11681,-157.8338928,21.28709984
11698,-157.8383026,21.28759956
11740,-157.8345947,21.28759956
11697,-157.8381958,21.28779984
11700,-157.8397064,21.28790092
11696,-157.8421021,21.28800011
11703,-157.8408966,21.28809929
11745,-157.8352051,21.28820038
11691,-157.8368073,21.28860092
11707,-157.8352966,21.28980064
11680,-157.8423004,21.29290009
11720,-157.8433990,21.29890060
11724,-157.8632965,21.31240082
11686,-157.9163055,21.34009933
11701,-157.9214020,21.34079933
11645,-157.9274000,21.38380000
11751,-157.9942017,21.70070076
11835,-159.4490051,21.87330055
11901,-159.4499969,21.87360001
11833,-159.4416962,21.87870026
11836,-159.4638977,21.87989998
11834,-159.4654999,21.88249969
11832,-159.4725952,21.88339996
11902,-159.4694061,21.88450050
11903,-159.4692993,21.88459969
11869,-159.3580017,21.96100044
11870,-159.3562927,21.96739960
11948,-159.6806030,22.03700066
11787,-159.3318939,22.05220032
11784,-159.3264008,22.06380081
11788,-159.3405000,22.09580000
11908,-159.4579010,22.21240044
11659,-159.5453810,22.22070800
11904,-159.4948620,22.22178300
11905,-159.4745026,22.22209930
11906,-159.4732971,22.22279930
11907,-159.4920959,22.22450066
8915,-81.7961190,24.54721200
8925,-81.7945300,24.54768000
8930,-81.7969971,24.54809952
8885,-81.7900310,24.54840800
8878,-81.7957993,24.54859924
8872,-81.7932968,24.54940033
8928,-81.7734985,24.55069923
8874,-81.7888200,24.55088000
8911,-81.7992020,24.55100060
8873,-81.7990036,24.55130005
8898,-81.8003090,24.55276500
8887,-81.7969971,24.55279922
8910,-81.7967682,24.55298042
8903,-81.8008140,24.55403200
8907,-81.8013992,24.55640030
8879,-81.7484970,24.55649948
8893,-81.8041000,24.55730057
8938,-81.7985001,24.56010056
8922,-81.8068008,24.56080055
8908,-81.8047028,24.56080055
8900,-81.7777023,24.56240082
8888,-81.7511978,24.56620026
8919,-81.7518005,24.56760025
8892,-81.7497000,24.56870000
8936,-81.7627640,24.57125473
8924,-81.7537003,24.57150078
8896,-81.7588577,24.57157707
8877,-81.7536090,24.57171800
9182,-81.0189972,24.73270035
8733,-80.8144989,24.82530022
8727,-80.6531982,24.90250015
8730,-80.6349029,24.91970062
8723,-80.6346970,24.91979980
8722,-80.6316986,24.92270088
8725,-80.6219400,24.92953000
8724,-80.6035004,24.94549942
8855,-80.4693120,25.06836200
8861,-80.4403305,25.09479141
8856,-80.4392014,25.09589958
8869,-80.4349976,25.09659958
8862,-80.4019012,25.13890076
8458,-80.4768982,25.44280052
8459,-80.4753113,25.44692421
8462,-80.4729004,25.44799995
8464,-80.4757385,25.45004272
8461,-80.4767990,25.45750046
8463,-80.4774017,25.45929909
8690,-80.4737930,25.46711922
8314,-80.3675003,25.57880020
9278,-80.3368530,25.63571548
9274,-80.3142014,25.68610001
9280,-80.3172607,25.68786240
9231,-80.3839035,25.69079971
8849,-80.1603012,25.69269943
8292,-80.2808310,25.71104700
8289,-80.2792969,25.71260071
8280,-80.2409973,25.72890091
8282,-80.2390976,25.73040009
9240,-80.2352982,25.73119926
8283,-80.2376022,25.73150063
9230,-80.3841553,25.73228455
8288,-80.2181460,25.73636500
9228,-80.3328160,25.73666300
8279,-80.2181015,25.73679924
8286,-80.2688980,25.74790001
9244,-80.2531460,25.74971700
8293,-80.2581024,25.75029945
9226,-80.2033005,25.75099945
8290,-80.2556992,25.75230026
9249,-80.1923270,25.75912900
9246,-80.1989975,25.76140022
9266,-80.1914978,25.76320076
9358,-80.1342011,25.77000046
9315,-80.1331024,25.77009964
9356,-80.1326981,25.77029991
9263,-80.1903000,25.77149963
9232,-80.1903000,25.77210045
9392,-80.1324005,25.77269936
9348,-80.1343050,25.77294300
9379,-80.1318850,25.77398000
9306,-80.1318970,25.77479935
9302,-80.1317978,25.77560043
9352,-80.1317330,25.77626100
9300,-80.1315994,25.77689934
9308,-80.1315002,25.77720070
9387,-80.1315002,25.77729988
9288,-80.3122100,25.77734200
9255,-80.1885986,25.77779961
9369,-80.1311035,25.77820015
9292,-80.1322021,25.77829933
9257,-80.3048019,25.77840042
9312,-80.1312027,25.77840042
9251,-80.2882996,25.77849960
9321,-80.1331024,25.77860069
9391,-80.1312027,25.77860069
9347,-80.1322580,25.77866900
9317,-80.1318970,25.77869987
9309,-80.1308975,25.77960014
9372,-80.1320343,25.77973175
9344,-80.1331024,25.78009987
9316,-80.1330032,25.78009987
9333,-80.1315002,25.78059959
9237,-80.3132935,25.78064346
9334,-80.1317978,25.78070068
9320,-80.1307983,25.78070068
9236,-80.2641983,25.78079987
9349,-80.1312027,25.78210068
9254,-80.2806015,25.78219986
9259,-80.2855988,25.78230095
9374,-80.1410980,25.78230095
9364,-80.1312400,25.78260000
9264,-80.2973023,25.78289986
9355,-80.1313019,25.78300095
9282,-80.3289032,25.78310013
9270,-80.1302570,25.78327000
9323,-80.1313019,25.78330040
9233,-80.2641983,25.78350067
9314,-80.1299973,25.78429985
9304,-80.1311035,25.78459930
9394,-80.1297989,25.78520012
9370,-80.1296997,25.78560066
9371,-80.1298981,25.78569984
9311,-80.1305180,25.78638200
9340,-80.1306229,25.78775787
9376,-80.1306000,25.78779984
9324,-80.1318970,25.78809929
9297,-80.1305008,25.78809929
9350,-80.1299973,25.78930092
9279,-80.1889038,25.79059982
9273,-80.1871033,25.79109955
9339,-80.1316986,25.79129982
9377,-80.1297989,25.79140091
9361,-80.1297989,25.79159927
9378,-80.1297989,25.79170036
9330,-80.1296005,25.79179955
9310,-80.1306000,25.79240036
9242,-80.1295020,25.79264900
9357,-80.1295013,25.79299927
9385,-80.1294022,25.79310036
9382,-80.1293030,25.79400063
9331,-80.1296005,25.79450035
9293,-80.2600021,25.79500008
9384,-80.1293030,25.79500008
9388,-80.1288986,25.79537010
9325,-80.1284485,25.79542160
9267,-80.3598023,25.79829979
9337,-80.1274250,25.79956500
9227,-80.3395996,25.79990005
9351,-80.1259918,25.80248451
9256,-80.3370972,25.80299950
9290,-80.3370972,25.80480003
9381,-80.1247025,25.80520058
9258,-80.3412018,25.80529976
9268,-80.2636810,25.80574100
9243,-80.2614975,25.80730057
9397,-80.2751236,25.80783653
9396,-80.2810590,25.80813000
9398,-80.2790460,25.80813700
9250,-80.3255005,25.80820084
9401,-80.2827180,25.80851800
9276,-80.1895981,25.80870056
9399,-80.2637670,25.80889700
9222,-80.3292007,25.80920029
9223,-80.3145981,25.80940056
9224,-80.3694000,25.80970001
9234,-80.3252029,25.80970001
9247,-80.3252029,25.81010056
9252,-80.3843002,25.81150055
9291,-80.3678970,25.81159973
9400,-80.2386000,25.81230000
9298,-80.1229019,25.81320000
9326,-80.1227646,25.81364632
9343,-80.1224976,25.81500053
9336,-80.1224976,25.81520081
9386,-80.1223984,25.81579971
9335,-80.1231995,25.81669998
9332,-80.1229019,25.81900024
9359,-80.1220520,25.82365700
9380,-80.1219025,25.83189964
9295,-80.1209030,25.83379936
9253,-80.3302002,25.83699989
9479,-80.1483994,25.84840012
9245,-80.2316971,25.85330009
9327,-80.1200027,25.86039925
8658,-80.3217260,25.86644400
10111,-80.1212540,25.87322235
8051,-80.1222000,25.88269997
8655,-80.3244019,25.88339996
8053,-80.1240006,25.89130020
8052,-80.1242870,25.89911200
8659,-80.3314810,25.91353700
8657,-80.3292960,25.91353700
9191,-81.7266998,25.92189980
9193,-81.7267990,25.92250061
9192,-81.7276001,25.92620087
30682,-97.4922028,25.93009949
30684,-97.4963989,25.93330002
30680,-97.4979019,25.93519974
30686,-97.4981995,25.93530083
10105,-80.1213989,25.93729973
30683,-97.5057983,25.94779968
30685,-97.5046320,25.94843700
10104,-80.1205978,25.94899940
30687,-97.5058975,25.95170021
8044,-80.1445999,25.95240021
8046,-80.1397520,25.96023700
8045,-80.1397018,25.96059990
8652,-80.1423035,25.97550011
8650,-80.1644974,25.98530006
8688,-80.1188965,25.99040031
8651,-80.1289978,25.99119949
8683,-80.1459579,26.01023674
8671,-80.1928024,26.01029968
8677,-80.1651459,26.01171112
8678,-80.1595993,26.01910019
8665,-80.1656494,26.03311348
8676,-80.1679001,26.03330040
8663,-80.1576150,26.04802100
8674,-80.1573029,26.04829979
8493,-80.1672200,26.06258000
32291,-97.1643448,26.07701492
32292,-97.1659012,26.08020020
32285,-97.1644974,26.08419991
8514,-80.3713880,26.08454600
32287,-97.1638690,26.08562000
32283,-97.1641922,26.08597946
32289,-97.1648026,26.08880043
8324,-80.2274857,26.09081078
8467,-80.1576996,26.09169960
8492,-80.1568985,26.09329987
32286,-97.1657791,26.09659958
8521,-80.1303000,26.09680000
8465,-80.1330032,26.09830093
8472,-80.1365320,26.09917700
8481,-80.1324997,26.10029984
8483,-80.1299973,26.10050011
8513,-80.1258011,26.10059929
8495,-80.1247025,26.10059929
8496,-80.1144028,26.10079956
8487,-80.1210950,26.10093700
9839,-80.2643967,26.10530090
9837,-80.2557983,26.10540009
8505,-80.1065850,26.10770600
8469,-80.1072006,26.10810089
8517,-80.1066971,26.10860062
8479,-80.1064987,26.10989952
9838,-80.2014460,26.11210000
32284,-97.1694760,26.11339000
9835,-80.2528000,26.11380005
9834,-80.2524033,26.11380005
8482,-80.2518780,26.11383700
32288,-97.1695760,26.11419000
32290,-97.1693726,26.11458206
8506,-80.3195400,26.11552000
8474,-80.1055310,26.11724000
8515,-80.1369019,26.11910057
32293,-97.1691780,26.11910500
9833,-80.2633972,26.12080002
8477,-80.1643540,26.12166200
9840,-80.2539978,26.12310028
8502,-80.3326034,26.12400055
10109,-80.3303986,26.12400055
8490,-80.1435013,26.12459946
9842,-80.2630005,26.12500000
9841,-80.2563019,26.12549973
8518,-80.1036987,26.12689972
32281,-97.1713028,26.12800026
8526,-80.1055985,26.13240051
32294,-97.1719971,26.13509941
8525,-80.1314545,26.13673782
8522,-80.1033020,26.13689995
9444,-81.7808991,26.13820076
9430,-81.7829971,26.13829994
9439,-81.7852310,26.13975500
9437,-81.7976990,26.14150047
32229,-97.6568985,26.14329910
10108,-80.3253021,26.14489937
9836,-80.2574768,26.14586067
8510,-80.1013031,26.15349960
9435,-81.6846008,26.15640068
9440,-81.6879450,26.15684800
9427,-81.6845330,26.15739000
9441,-81.8081970,26.15749931
9450,-81.6840897,26.15753937
32460,-97.9869995,26.15880013
32459,-97.9586029,26.15880013
9436,-81.7975998,26.16090012
31283,-97.6841965,26.16160011
31290,-97.6836700,26.16174316
8468,-80.1162033,26.16570091
8478,-80.1650080,26.16599800
9429,-81.8104019,26.16720009
8498,-80.2309113,26.16838646
32461,-97.9752502,26.16949081
30975,-98.0287552,26.17439270
9424,-81.7997971,26.17499924
8524,-80.0999374,26.17626572
8508,-80.0980460,26.17783900
8509,-80.0980988,26.17840004
30974,-98.0372543,26.17922783
31286,-97.6687012,26.18079948
31797,-98.2376022,26.18260002
31288,-97.7151032,26.18330002
31843,-98.2905121,26.18374062
9443,-81.6866455,26.18381691
31783,-98.2333984,26.18400002
9431,-81.7997971,26.18440056
8494,-80.0975037,26.18460083
31285,-97.7015991,26.18639946
31788,-98.2329025,26.18650055
8476,-80.1865006,26.18650055
10157,-80.2025986,26.18670082
9497,-80.1551971,26.18680000
31782,-98.2241974,26.18700027
8512,-80.2036438,26.18710136
10156,-80.2072983,26.18750000
8500,-80.2034460,26.18792800
31779,-98.2334976,26.18860054
31787,-98.2310028,26.18889999
31844,-98.2894974,26.18939972
31781,-98.2288971,26.18959999
31791,-98.2303990,26.18978300
8473,-80.1147003,26.19029999
31287,-97.7142029,26.19059944
8519,-80.0968018,26.19059944
31795,-98.2063980,26.19079971
31780,-98.2321014,26.19099998
31289,-97.7188900,26.19129800
31778,-98.2473984,26.19210052
31790,-98.2316971,26.19269943
10155,-80.2616119,26.19393539
9124,-80.0963669,26.19467163
8523,-80.1909027,26.19479942
31786,-98.2810974,26.19580078
31794,-98.2806015,26.19580078
31789,-98.2805023,26.19580078
9446,-81.8003998,26.19610023
31845,-98.2993720,26.19771400
8486,-80.1108017,26.19840050
8484,-80.1470032,26.19930077
31841,-98.3200989,26.19980049
9451,-81.7679450,26.20056600
32231,-98.1550980,26.20070076
31292,-97.7213974,26.20079994
8485,-80.1526760,26.20141200
31284,-97.7221985,26.20239449
9442,-81.8047028,26.20260048
8475,-80.1761017,26.20269966
31785,-98.2243490,26.20291400
8501,-80.1577988,26.20330048
8491,-80.1361008,26.20339966
8516,-80.1518021,26.20350075
8527,-80.1374969,26.20380020
31939,-98.1682739,26.20420074
9449,-81.8004990,26.20459938
31793,-98.2343979,26.20490074
8504,-80.1448975,26.20800018
9425,-81.7434006,26.20980072
9434,-81.8005981,26.21019936
9445,-81.8071490,26.21123700
9433,-81.7434006,26.21150017
9845,-80.1426392,26.23133659
31941,-98.1775971,26.23640060
8294,-80.2552032,26.23839951
9849,-80.1009064,26.24266243
9447,-81.7660980,26.24690056
9846,-80.0880790,26.24926300
9448,-81.8202972,26.25320053
9438,-81.8240967,26.26140022
30995,-98.1723400,26.26496900
8296,-80.2505035,26.26899910
9432,-81.7409973,26.27300072
8295,-80.2502975,26.27569962
30994,-98.1686020,26.27650070
9844,-80.0966034,26.28330040
30997,-98.1466980,26.30183983
8379,-80.1110001,26.30229950
8375,-80.1214981,26.30319977
8378,-80.0774994,26.30570030
9428,-81.5543976,26.30710030
8297,-80.2826996,26.30719948
8373,-80.0775986,26.31226158
8374,-80.0776215,26.31329727
8382,-80.0766754,26.31596375
8383,-80.1200027,26.31679916
8380,-80.1117020,26.31839943
8384,-80.1087036,26.31859970
8381,-80.1112976,26.31870079
8089,-81.8065010,26.32062900
8090,-81.7536011,26.33149147
8094,-81.8041000,26.33149910
8095,-81.8039017,26.33200073
8067,-80.0792999,26.34000015
8101,-81.8078003,26.34919930
8098,-81.8058014,26.35219955
32016,-98.7725500,26.35510000
8080,-80.1224976,26.36350060
32017,-98.7907530,26.36439500
8081,-80.1249008,26.36650085
8075,-80.1723023,26.36770058
8066,-80.1677590,26.36788600
8074,-80.1677017,26.36800003
8077,-80.1214981,26.36820030
8068,-80.1237030,26.36849976
8065,-80.0764008,26.37450027
8071,-80.1148987,26.37610054
8072,-80.1164017,26.39399910
8069,-80.0972977,26.39649963
8070,-80.0967026,26.39649963
8096,-81.8363037,26.39809990
8576,-81.8743973,26.40309906
8083,-80.0901032,26.41040039
8582,-81.8992996,26.41180038
8573,-81.9013977,26.41629982
8078,-80.0911026,26.41780090
8082,-80.0920029,26.41790009
8073,-80.0932007,26.42099953
8076,-80.0639260,26.42394700
9980,-82.0997009,26.42720032
9981,-82.1023026,26.42810059
9979,-82.0509033,26.43309975
9974,-82.0472031,26.43569946
9976,-82.0380020,26.44050026
9978,-82.0366974,26.44109917
9977,-82.0281982,26.44519997
8570,-81.9466019,26.44980049
8579,-81.9542618,26.45191765
8574,-81.9522018,26.45199966
8580,-81.9643380,26.46064700
8397,-80.0678024,26.46179962
8400,-80.0608978,26.46190071
8399,-80.0584030,26.46249962
8532,-81.8370972,26.47570038
31999,-97.7689972,26.48180008
8562,-82.0099250,26.48629800
8572,-81.9376984,26.49290085
8557,-81.9688034,26.49309921
8106,-80.0709992,26.52890015
8541,-81.8722000,26.53650093
8105,-80.0911026,26.54050064
8547,-81.8727035,26.54229927
8537,-81.8001022,26.54579926
8544,-81.8003311,26.54612350
8104,-80.0885010,26.54689980
8565,-81.7888031,26.54700089
8530,-81.8061981,26.54739952
8549,-81.8003006,26.54840088
8552,-81.8693008,26.55159950
8554,-81.8693008,26.55209923
8550,-81.8841019,26.55920029
8161,-82.2048000,26.56020000
8154,-81.9458237,26.56245995
9113,-80.0665970,26.56500053
8535,-81.8722763,26.57130814
9116,-80.0623150,26.57223700
8543,-81.8722000,26.57379913
8153,-81.9422470,26.58090000
9714,-80.0388031,26.58200073
9174,-80.0390990,26.58386200
9115,-80.0663560,26.58703500
8558,-81.8722992,26.59040070
8556,-81.8718796,26.59070969
8560,-81.8721542,26.59195709
9712,-80.0387640,26.59244200
8563,-81.8505020,26.59639931
8534,-81.8396530,26.59734100
8561,-81.8526993,26.59740067
8564,-81.8572998,26.59749985
8540,-81.8504028,26.59860039
9081,-80.1709976,26.61739922
9709,-80.0386963,26.62080002
9710,-80.0385971,26.62310028
8551,-81.8726654,26.63237572
8531,-81.8430000,26.63840000
8533,-81.8834000,26.65880013
8542,-81.8833000,26.65888000
8559,-81.8858310,26.66075600
8545,-81.8860550,26.66332626
10374,-80.0743027,26.68029976
8536,-81.7962570,26.68105888
10376,-80.0529022,26.69020081
10375,-80.0700989,26.69070053
10363,-80.0766983,26.69090080
10358,-80.0716790,26.69103700
8163,-82.2514038,26.69459915
10361,-80.0707016,26.69569969
10370,-80.0715027,26.69589996
10365,-80.0718002,26.69910049
9708,-80.0346985,26.70009995
10378,-80.0633011,26.70829964
10369,-80.1479034,26.71050072
9715,-80.0384979,26.71649933
10377,-80.0905650,26.71749100
10360,-80.0903625,26.71888351
10357,-80.0864029,26.72240067
8244,-80.9525986,26.75399971
8246,-80.9384003,26.75410080
10381,-80.0970993,26.75880051
10364,-80.0875015,26.75880051
9875,-82.0549530,26.75957400
10362,-80.0951996,26.76099968
10384,-80.0944977,26.76119995
10036,-80.0335007,26.77809906
9889,-80.0703000,26.78110000
10037,-80.0344009,26.79109955
9720,-80.1368027,26.83499908
9719,-80.0979004,26.83819962
9718,-80.0976028,26.83819962
9717,-80.1035995,26.83860016
9481,-80.0604000,26.84590000
8841,-80.0557022,26.87820053
32495,-99.2578964,26.87980080
8842,-80.0565033,26.88139915
9872,-82.0022965,26.89436340
8847,-80.0790024,26.92020035
8843,-80.0772018,26.92650032
8846,-80.0699005,26.92919922
8844,-80.1388016,26.93429947
8845,-80.1387024,26.93449974
9871,-82.0543976,26.93540001
9854,-82.1274109,27.00226974
9855,-82.0454025,27.01840019
9856,-82.0457993,27.01950073
10302,-82.4236450,27.07162666
10305,-82.4247971,27.08079910
10307,-82.4578018,27.09970093
10309,-82.4337660,27.10251700
10301,-82.3858032,27.10950089
10304,-82.4447021,27.11210060
9477,-82.4537530,27.12521900
10101,-80.2404022,27.18160057
10100,-80.2510147,27.18943405
10097,-80.2506027,27.19000053
10098,-80.2525711,27.19055748
8036,-81.8618012,27.20730019
9522,-80.8302994,27.20820045
31048,-98.1424026,27.21590042
31047,-98.1966000,27.22270000
9073,-81.3290024,27.22736931
8838,-80.1978989,27.25609970
9999,-82.5212021,27.25900078
9988,-82.4540253,27.26989555
10018,-82.5477000,27.27000000
9989,-82.4562988,27.27029991
9867,-80.2941971,27.28089905
9996,-82.4508972,27.30080032
9997,-82.5714035,27.30470085
9868,-80.4224625,27.30652809
9869,-80.4225006,27.30839920
9870,-80.4139023,27.30839920
9986,-82.5296020,27.32069969
9865,-80.3179016,27.32139969
10001,-82.4756000,27.32300000
10002,-82.5302963,27.32731056
10007,-82.5488120,27.33743700
9984,-82.4533005,27.33830070
10003,-82.5494995,27.34110069
9138,-82.6115036,27.35359955
10014,-82.5535240,27.37197200
9994,-82.5542984,27.37439919
9993,-82.5549316,27.37635612
9987,-82.5550995,27.37750053
10009,-82.5524979,27.38050079
10011,-82.5504990,27.38139915
9990,-82.5525971,27.38170052
10006,-82.5476990,27.38179970
10000,-82.4457016,27.38759995
8112,-82.4469986,27.39039993
9998,-82.5615997,27.39329910
9142,-82.6482010,27.39979935
8589,-80.3261108,27.40647316
8586,-80.3944855,27.41067314
8590,-80.3945999,27.41390038
8594,-80.3918533,27.41468811
8585,-80.3903427,27.41494942
8591,-80.3907440,27.42014600
8110,-82.5754623,27.42172813
8115,-82.5754013,27.42485619
8118,-82.5755005,27.42499924
8587,-80.3256988,27.43569946
8595,-80.3257980,27.44179916
10028,-81.3584976,27.45109940
8593,-80.3007350,27.46666800
8108,-82.5631027,27.46870041
31645,-97.8553009,27.46929932
8109,-82.4755020,27.49270058
8114,-82.4756012,27.49279976
8107,-82.4794083,27.49346733
8116,-82.4750440,27.49398200
8113,-82.5633011,27.50090027
31666,-99.5056000,27.50239944
31643,-97.8411540,27.51106200
31644,-97.8407745,27.51448441
31641,-97.8585358,27.51541328
31639,-97.8406982,27.51600075
31661,-99.5034027,27.52099991
31665,-99.5034027,27.52190018
8435,-82.5120010,27.52879906
8436,-82.5067978,27.52930069
10030,-81.5013199,27.53067207
31667,-99.5139999,27.53219986
8434,-82.5047989,27.53249931
31671,-99.5046997,27.54450035
31670,-99.5044540,27.54847100
31663,-99.5040970,27.55500031
31669,-99.5043540,27.55615500
31662,-99.5000992,27.56389999
8047,-81.5135574,27.56672859
31664,-99.5010986,27.57530022
30655,-97.7878647,27.57807159
30805,-97.2124023,27.60180092
30784,-97.2211990,27.61870003
10321,-80.3526360,27.63171200
10317,-80.3894882,27.63248634
10314,-80.4579010,27.63680077
10318,-80.5126572,27.63865662
10310,-80.5082016,27.63909912
10316,-80.3565979,27.65399933
30810,-97.3226990,27.68558200
30819,-97.3515015,27.69779968
30785,-97.3561020,27.70000076
31973,-97.1580963,27.70009995
30808,-97.3566971,27.70039940
10056,-82.6787033,27.70619965
10049,-82.7369995,27.70940018
30786,-97.4048996,27.71269989
9893,-82.3929977,27.71279907
10076,-82.7381740,27.71444600
10084,-82.7385559,27.71469879
30796,-97.3833008,27.71500015
30794,-97.3948975,27.71879959
30789,-97.3991852,27.72091103
10087,-82.7413025,27.72559929
10058,-82.6795578,27.72575569
10079,-82.7421030,27.72651700
10083,-82.7423310,27.72712400
30399,-98.0764999,27.72850037
10069,-82.7434006,27.72929955
30791,-97.4181366,27.73106956
10071,-82.7450027,27.73220062
10070,-82.7452011,27.73250008
10080,-82.7456970,27.73292542
10074,-82.7460022,27.73369980
30801,-97.4441986,27.74430084
30400,-98.0828018,27.75559998
10286,-82.7657013,27.75900078
30799,-97.4082031,27.76689911
10054,-82.6341019,27.76810074
10041,-82.7692032,27.76849937
10296,-82.7693024,27.76899910
10280,-82.7697983,27.76950073
10051,-82.6334000,27.77199936
10053,-82.6361008,27.77479935
10064,-82.6298981,27.77779961
10061,-82.6337814,27.77783775
10040,-82.6314540,27.77799400
10046,-82.6797562,27.77843666
30803,-97.3939972,27.78179932
30812,-97.3944015,27.78380013
10052,-82.6796036,27.78420067
10043,-82.6765366,27.78616714
30782,-97.3914032,27.79400063
30823,-97.3918991,27.79470062
30815,-97.4676285,27.79558182
30779,-97.3928540,27.79694800
30804,-97.4637985,27.79730034
30793,-97.4685974,27.79980087
30818,-97.4468994,27.80010033
30822,-97.4852860,27.80184600
30809,-97.4703850,27.80258000
30807,-97.4498978,27.80279922
30783,-97.4529572,27.80289268
30787,-97.4531021,27.80290031
30792,-97.4533539,27.80400085
30780,-97.4916992,27.80640030
10059,-82.6796036,27.81430054
32018,-97.6421433,27.81516647
10063,-82.6792984,27.81789970
30814,-97.3909302,27.81926346
30816,-97.3901977,27.81929970
9485,-82.8252029,27.81970024
10047,-82.6687012,27.82133675
10026,-80.4728012,27.82220078
30806,-97.3883972,27.82279968
31969,-97.0641022,27.82629967
30790,-97.3843002,27.82880020
9828,-82.7119980,27.83959961
30781,-97.5851974,27.85000038
8217,-82.7014694,27.86500359
8192,-82.7090988,27.87470055
31992,-97.3205490,27.88030052
31525,-97.2054977,27.88030052
8712,-82.8488998,27.88279915
10062,-82.6692963,27.88619995
31993,-97.3134155,27.88694572
10055,-82.6670740,27.88947300
8214,-82.6799316,27.89179993
8216,-82.7003021,27.89220047
8184,-82.7003021,27.89240074
8213,-82.6874619,27.89343452
8191,-82.6869125,27.89346313
9119,-82.7269974,27.89360046
8186,-82.6825790,27.89369011
8211,-82.7017975,27.89389992
8200,-82.6848984,27.89389992
8201,-82.6678009,27.89389992
8202,-82.6638031,27.89399910
8188,-82.6775971,27.89439964
9422,-81.9737778,27.89455986
8183,-82.6827011,27.89459991
8194,-82.6768036,27.89459991
8199,-82.7153015,27.89859962
30449,-97.1417999,27.89959908
30450,-97.1420975,27.89999962
9080,-81.5994034,27.90060043
30448,-97.1493835,27.90380669
31994,-97.3076019,27.90780067
30451,-97.1399460,27.91065788
10215,-82.5065155,27.91397858
8864,-82.7996000,27.91630000
8212,-82.7300262,27.92149162
10165,-82.5057983,27.93639946
10253,-82.4537290,27.93752600
10249,-82.5057983,27.93930054
8131,-82.3330420,27.94132000
10170,-82.3376999,27.94140053
8130,-82.3732000,27.94290000
8235,-82.8356018,27.94370079
8134,-82.3263016,27.94429970
8133,-82.3263016,27.94459915
10234,-82.3342972,27.94479942
10203,-82.3347015,27.94510078
10219,-82.3348440,27.94670900
8132,-82.3258972,27.94689941
10176,-82.3419037,27.94700050
10216,-82.4604034,27.94759941
10169,-82.3409576,27.94762421
10185,-82.5242004,27.94910049
10163,-82.3490440,27.94966300
10224,-82.4581986,27.95030022
31898,-97.5808792,27.95104790
10239,-82.4615021,27.95159912
10241,-82.5183029,27.95219994
10243,-82.5249023,27.95240021
10173,-82.5058975,27.95240021
10250,-82.5245666,27.95355606
10225,-82.5240021,27.95590019
10200,-82.5278015,27.95610046
10159,-82.5244980,27.95700073
10172,-82.4833000,27.95800000
10191,-82.5240021,27.95849991
10190,-82.5161972,27.95940018
10199,-82.4452972,27.96019936
8209,-82.7520065,27.96026230
8182,-82.7427540,27.96036300
8195,-82.7107010,27.96080017
8208,-82.7297974,27.96109962
8190,-82.7179489,27.96112442
10207,-82.5137024,27.96150017
10206,-82.4402008,27.96179962
10223,-82.4977035,27.96290016
10240,-82.5156021,27.96319962
10175,-82.5061569,27.96333694
8197,-82.7303009,27.96369934
8193,-82.7302170,27.96480560
8219,-82.8244019,27.96629906
10201,-82.5682983,27.96649933
10237,-82.5112991,27.96649933
8205,-82.7302017,27.96660042
10209,-82.5681000,27.96669960
10195,-82.5496979,27.96680069
8222,-82.8206024,27.96719933
8229,-82.8258133,27.96728516
8234,-82.8265991,27.96730042
10233,-82.5696030,27.96750069
10180,-82.5689011,27.96890068
10179,-82.4020996,27.96890068
8230,-82.8295975,27.97060013
8238,-82.8294983,27.97109985
8227,-82.8274002,27.97940063
10174,-82.3335037,27.97940063
10238,-82.3375015,27.97970009
10161,-82.3404999,27.97990036
9495,-82.4612540,27.98129800
10226,-82.3816986,27.98170090
8215,-82.7294998,27.98189926
10393,-81.6793976,27.98229980
10205,-82.3313980,27.98310089
10218,-82.3585350,27.98938600
8187,-82.7954025,27.99090004
9895,-82.6877975,27.99090004
10247,-82.5463790,27.99272700
8315,-81.6889550,27.99505800
9097,-81.9748001,27.99629974
10246,-82.5567820,27.99636300
10211,-82.5487976,27.99640083
10204,-82.3731995,27.99640083
8207,-82.7299423,27.99659729
9106,-81.9748993,27.99670029
9705,-80.6321000,27.99850000
9100,-81.9571991,28.00230026
10396,-81.7257004,28.00399971
10229,-82.3562780,28.00462300
10397,-81.7307434,28.00701141
10395,-81.7304993,28.00740051
8422,-82.7920140,28.01272600
8423,-82.7895966,28.01519966
10183,-82.4373322,28.02478409
10164,-82.5038681,28.02533722
10202,-82.5385971,28.02540016
8189,-82.7281036,28.02680016
32022,-97.0491028,28.02820015
10235,-82.4317017,28.03240013
10177,-82.4272003,28.03240013
10217,-82.4265090,28.03279700
9831,-82.1050034,28.03339958
9832,-82.1258469,28.03400230
9829,-82.1052780,28.03401375
10208,-82.5403976,28.03510094
9704,-80.6519928,28.03516388
9830,-82.0994034,28.03619957
32023,-97.0425034,28.03680038
10254,-82.3520813,28.04000854
9112,-81.9552002,28.04420090
32269,-97.5259018,28.04490089
10162,-82.4259033,28.04490089
10399,-81.7231000,28.05100000
10160,-82.4262009,28.05270004
10255,-82.4186325,28.05406380
10220,-82.4191971,28.05419922
10167,-82.4293160,28.05426300
10228,-82.4568370,28.05446300
9094,-81.9520430,28.05486300
10186,-82.4187012,28.05640030
9731,-82.7385025,28.06380081
10267,-82.3547974,28.06389999
10188,-82.3546530,28.06396400
10269,-82.3728027,28.06480026
10268,-82.3547974,28.06489944
10251,-82.3713989,28.06690025
10178,-82.4534607,28.06886292
9494,-82.4534430,28.06916300
10248,-82.4565964,28.06920052
10242,-82.3548126,28.06940460
10198,-82.3651962,28.06979942
10171,-82.3621430,28.06983600
9493,-82.3619003,28.07040024
31171,-97.0403976,28.07049942
9096,-81.9563980,28.07509995
9207,-80.6213000,28.07510000
8648,-81.6490021,28.07600021
10356,-80.6987686,28.07836342
9105,-81.9665990,28.08139400
9730,-82.7393417,28.08189392
9101,-81.9712982,28.08639908
10231,-82.4559021,28.08755112
9104,-81.9711990,28.08790016
9215,-80.6106370,28.09454400
9103,-81.9516983,28.09589958
9102,-81.9525986,28.09799957
9098,-81.9515991,28.09950066
9729,-82.7394028,28.10619926
9110,-82.0114975,28.11160088
9728,-82.7398987,28.11490059
10258,-82.7397995,28.12430000
8649,-81.6400757,28.12537193
10259,-82.7403030,28.12610054
8699,-80.5779030,28.12737900
10210,-82.3697968,28.13159943
10256,-82.7398987,28.13459969
10261,-82.7576981,28.14640045
10021,-80.5972977,28.20919991
9457,-82.7399521,28.21044350
9209,-80.6940000,28.22300000
8319,-81.6212997,28.22369957
8320,-81.6494130,28.23109500
8322,-81.6517181,28.23513794
10350,-82.3531494,28.23692513
10353,-82.3574677,28.23770714
10352,-82.3333400,28.23866400
9455,-82.7277000,28.23890000
10351,-82.3406982,28.23900032
10404,-82.1856995,28.24160004
9459,-82.7279968,28.25239944
9456,-82.7282410,28.25546074
10408,-82.1883011,28.25670052
9458,-82.7264328,28.26688385
8948,-81.4685974,28.28089905
8944,-81.3587036,28.28890038
8958,-81.3534660,28.28922300
8979,-81.3623962,28.29150009
8951,-81.4578171,28.30376244
8966,-81.4483566,28.30388451
8957,-81.4517975,28.30419922
8994,-81.4225082,28.30423737
8949,-81.4438019,28.30430031
8950,-81.3971024,28.30459976
8996,-81.4629288,28.30504227
8975,-81.4460983,28.30629921
9859,-82.6993027,28.31139946
8956,-81.4671402,28.31211662
8995,-81.4682846,28.31423759
8940,-81.4686737,28.31533051
8974,-81.6044006,28.31710052
8978,-81.4703980,28.31870079
8988,-81.4710007,28.32369995
8990,-81.4865036,28.32629967
9860,-82.6988983,28.32690048
8983,-81.4722671,28.32830238
9858,-82.6995163,28.32840538
31225,-98.1141968,28.32889938
8269,-80.6110458,28.33013916
8266,-80.6108017,28.33060074
8939,-81.4739990,28.33069992
8969,-81.5905430,28.33111000
8964,-81.4897560,28.33185300
8985,-81.5511627,28.33246231
8999,-81.5590973,28.33250046
8945,-81.5188200,28.33256300
8992,-81.5176430,28.33256300
8267,-80.6108017,28.33270073
8989,-81.5318298,28.33272171
8973,-81.5851960,28.33276300
8997,-81.5176468,28.33293724
8998,-81.5035171,28.33298302
8993,-81.5106964,28.33300018
8946,-81.5093002,28.33300018
8942,-81.5304337,28.33312798
8967,-81.4938920,28.33313700
8959,-81.5263740,28.33323700
8987,-81.5838550,28.33332300
8972,-81.5137810,28.33333700
8971,-81.5889969,28.33379936
8982,-81.5346985,28.33399963
8981,-81.5886993,28.33419991
8965,-81.5904999,28.33499908
8986,-81.4813003,28.33499908
8941,-81.5913925,28.33524704
8263,-80.6103973,28.33670044
8980,-81.5954742,28.33792686
8323,-81.6723310,28.33808900
8943,-81.5960007,28.33999634
8954,-81.4889984,28.34519958
8961,-81.6392136,28.34655762
8265,-80.6093979,28.34900093
8260,-80.6089020,28.35050011
9546,-81.5778290,28.35063300
8274,-80.6081009,28.35239983
8259,-80.6050339,28.35283279
8271,-80.6085030,28.35290300
9611,-81.5089430,28.35584700
9210,-80.6886749,28.35679245
9218,-80.6950410,28.35733700
8252,-80.7970962,28.35899925
8248,-80.7938003,28.35980034
9635,-81.5087550,28.36003700
9019,-81.5699005,28.36210060
9037,-81.5615997,28.36520004
9017,-81.5429001,28.36709976
8261,-80.6056976,28.36750031
8272,-80.6042023,28.36800003
8268,-80.6055985,28.36820030
8257,-80.6055985,28.36840057
9664,-81.5030975,28.36879921
9038,-81.5631027,28.36989975
8253,-80.8046920,28.37146700
9615,-81.5035019,28.37199974
8250,-80.8078170,28.37242600
9028,-81.5597992,28.37280083
9014,-81.5553970,28.37369919
9029,-81.5114975,28.37400055
9022,-81.5335007,28.37570000
10323,-81.5552000,28.37710000
9026,-81.5233002,28.37730026
9560,-81.5021973,28.37739944
9003,-81.5076981,28.37779999
9583,-81.5009003,28.37779999
9032,-81.5072021,28.38100052
8457,-81.3727420,28.38122900
9031,-81.5065002,28.38159943
9010,-81.5213013,28.38170052
9639,-81.5061920,28.38420100
9011,-81.5522995,28.38430023
9004,-81.5525971,28.38439941
9620,-81.5086975,28.38579941
9025,-81.5366974,28.38590050
9561,-81.5018040,28.38594100
9550,-81.5002540,28.38596600
9008,-81.5018005,28.38599968
9006,-81.4990006,28.38678360
9035,-81.5061400,28.38802100
9661,-81.5065002,28.38809967
9600,-81.4988600,28.38814700
9039,-81.5028430,28.38885400
9033,-81.4969760,28.38940200
9595,-81.4971008,28.39030075
9568,-81.5032250,28.39039500
9665,-81.4730988,28.39039993
9009,-81.5030975,28.39049911
9030,-81.4735000,28.39220000
9034,-81.4933550,28.39309700
9567,-81.4676971,28.39489937
8148,-80.6119995,28.39539909
8149,-80.5965400,28.39570600
9036,-81.5223999,28.39909935
9005,-81.4644012,28.39929962
8251,-80.7536926,28.40124893
9023,-81.5857010,28.40329933
9605,-81.4697037,28.40620041
9651,-81.4745026,28.40649986
9212,-80.7020000,28.40900000
9027,-81.5736008,28.40900040
9656,-81.4246979,28.41029930
9020,-81.5598984,28.41040039
9650,-81.4673004,28.41180038
9018,-81.5767975,28.41469955
9604,-81.4702988,28.41489983
9021,-81.5904007,28.41530037
30644,-97.7556000,28.41589928
9599,-81.4662018,28.41850853
9582,-81.4664001,28.41900063
9687,-81.4629974,28.41909981
9623,-81.4601974,28.41909981
9667,-81.4647217,28.41988754
9649,-81.4624023,28.42320061
9569,-81.4602203,28.42355919
9618,-81.4634552,28.42518806
9658,-81.4645996,28.42550087
9555,-81.4752579,28.42680931
9675,-81.4698430,28.42856300
9626,-81.4063860,28.42856400
9671,-81.4096985,28.42869949
9659,-81.4707031,28.43120003
9683,-81.4549560,28.43326000
9577,-81.4722977,28.43390083
9621,-81.3062973,28.43549919
9672,-81.4031982,28.43589973
9607,-81.4043961,28.43759918
9594,-81.4682007,28.43799973
9669,-81.4682999,28.43840027
9652,-81.4682999,28.43860054
9616,-81.4711990,28.43910027
9540,-81.4713974,28.43919945
9589,-81.4037018,28.43939972
9562,-81.4722977,28.44129944
9627,-81.4681015,28.44160080
9638,-81.4704971,28.44339943
9646,-81.4710693,28.44382286
9642,-81.4026413,28.44497871
9629,-81.4727020,28.44650078
9576,-81.4720993,28.44720078
30645,-97.7757034,28.44860077
9686,-81.4708023,28.44969940
9206,-80.6900000,28.45000000
9653,-81.4680023,28.45030022
9566,-81.4656982,28.45030022
9553,-81.4648972,28.45050049
9666,-81.3498154,28.45110130
9609,-81.4654007,28.45140076
10038,-82.6304016,28.45210075
9598,-81.4684982,28.45280075
9587,-81.4684982,28.45319939
9585,-81.4685974,28.45339966
9592,-81.4710007,28.45420074
9608,-81.3307495,28.45553589
9578,-81.4669037,28.45610046
9644,-81.4713974,28.45626450
9657,-81.4685211,28.45630074
9633,-81.3066025,28.45630074
9647,-81.4689178,28.45635986
9663,-81.3075027,28.45689964
9542,-81.5096970,28.45859909
9670,-81.4739000,28.45910000
9593,-81.4589005,28.45940018
9601,-81.3069000,28.45989990
9575,-81.3060989,28.45999908
9622,-81.4589550,28.46003900
9558,-81.3128967,28.46010017
9613,-81.3086014,28.46019936
9591,-81.3078995,28.46030045
9549,-81.4638519,28.46127892
9619,-81.4658051,28.46162033
9584,-81.3059006,28.46170044
9572,-81.4605550,28.46206300
9543,-81.4654999,28.46240044
9662,-81.4617004,28.46240044
9668,-81.3054790,28.46246000
9625,-81.4598007,28.46260071
9610,-81.4797974,28.46290016
9685,-81.3088989,28.46299934
9565,-81.3126984,28.46349907
9678,-81.4605789,28.46362686
9673,-81.4614029,28.46470070
9603,-81.4606018,28.46470070
9660,-81.4689540,28.46925800
9541,-81.4560013,28.47590065
9612,-81.4589005,28.47710037
9573,-81.4552689,28.47717094
9597,-81.4629580,28.47777800
9606,-81.4590225,28.47779083
9632,-81.4626830,28.47820200
9581,-81.4533997,28.48049927
9624,-81.4533005,28.48060036
9557,-81.4531021,28.48080063
9545,-81.4560013,28.48299980
9579,-81.4559021,28.48299980
9684,-81.4587860,28.48532677
9645,-81.4579010,28.48579979
9590,-81.4578018,28.48579979
9571,-81.3971405,28.50843811
32362,-98.1803970,28.51029968
10345,-82.5637436,28.52178574
8141,-82.2360992,28.52309990
8137,-82.2360001,28.52309990
8139,-82.2343979,28.52350044
8239,-81.7403000,28.53410000
9588,-81.3787994,28.53879929
8240,-81.7418976,28.54380035
9634,-81.3871994,28.54660034
10277,-80.8538971,28.54999924
10274,-80.8531036,28.55080032
10275,-80.8526916,28.55087090
10347,-82.5326000,28.55120000
10391,-81.5831070,28.55123711
9520,-81.5455017,28.55170059
9519,-81.5414963,28.55170059
9518,-81.5410004,28.55179977
9679,-81.4175200,28.55256300
10278,-80.8488083,28.55275154
9544,-81.4058991,28.55279922
10271,-80.8470001,28.55380058
31989,-96.6446991,28.55570030
10273,-80.7969971,28.55620003
10331,-81.1117000,28.56420000
9564,-81.1964035,28.56559944
9570,-81.2109985,28.56719971
9648,-81.2080002,28.56789970
9556,-81.2074127,28.57188034
9602,-81.2078018,28.57220078
9554,-81.3731384,28.57302284
9617,-81.2080002,28.58230019
9628,-81.2080002,28.58799934
9563,-81.2124023,28.59690094
10401,-81.3648987,28.59720039
9654,-81.2176971,28.59779930
9596,-81.2161026,28.59810066
9614,-81.2148972,28.59970093
9677,-81.2155991,28.59980011
9552,-81.3903122,28.60789680
9170,-81.4255000,28.62150000
9171,-81.3929977,28.62960052
9580,-81.4014969,28.63290024
9559,-81.4012985,28.63299942
31988,-96.6201477,28.63669014
30988,-100.3237991,28.65460014
30987,-100.3294983,28.65609932
7994,-81.3862991,28.65710068
7997,-81.3901977,28.65870094
7991,-81.3935013,28.65929985
8034,-81.4778595,28.65962791
7999,-81.3933029,28.66200066
7992,-81.3850021,28.66209984
7995,-81.3923035,28.66220093
7989,-81.3906021,28.66300011
7993,-81.3902969,28.66300011
7998,-81.3905029,28.66500092
7996,-81.3835983,28.66589928
7990,-81.3863983,28.67320061
9154,-81.4308000,28.69150000
30989,-100.4783020,28.70899963
30986,-100.4774017,28.70949936
9636,-81.7826090,28.72615800
30990,-100.4952393,28.73517990
9059,-81.3653030,28.74489975
9066,-81.3638992,28.74860001
9064,-81.3607101,28.74988747
9061,-81.3627014,28.75040054
9060,-81.3675920,28.75733000
9065,-81.3601990,28.75880051
9063,-81.3601990,28.75919914
9968,-81.2833023,28.76479912
9062,-81.3558380,28.78753700
9131,-81.8813019,28.79560089
9417,-81.6454392,28.79804039
9969,-81.2480011,28.80100060
8692,-82.5766525,28.80321312
32410,-96.9830017,28.80800056
32407,-96.9842911,28.80804825
32413,-96.9802017,28.80900002
9970,-81.3397980,28.81150055
9967,-81.3342972,28.81150055
32412,-96.9654040,28.81607600
9965,-81.2648430,28.81626200
32406,-96.9636002,28.81660080
9414,-81.6315002,28.81859970
31610,-97.8559036,28.81959915
9133,-81.8872528,28.82589722
9132,-81.8878021,28.82759857
10389,-82.0429001,28.84709930
10387,-82.0406036,28.84709930
32408,-96.9965973,28.86359978
32414,-97.0017990,28.86372700
32411,-96.9970017,28.86429977
8402,-81.2813034,28.87490082
8312,-82.5906982,28.87709999
8403,-81.3113000,28.88750000
8311,-82.5844269,28.89444160
8653,-82.4279022,28.90010071
8308,-82.5991974,28.90019989
9529,-81.2755966,28.91110039
8310,-82.6100464,28.91882133
8309,-82.6128006,28.92412567
31164,-95.3588680,28.95367700
30607,-96.0717730,28.96096900
9528,-81.2988434,28.96916962
30609,-95.9455185,28.98150063
30608,-95.9844971,28.98259926
30610,-95.9704971,28.99449921
30744,-95.3953018,29.00609970
30743,-95.4029999,29.00914383
30747,-95.4088460,29.00975600
30745,-95.4064026,29.01009941
30742,-95.4059982,29.01020050
30746,-95.4208145,29.01023293
8393,-81.2387009,29.01770020
9467,-80.9196625,29.02182579
9465,-80.8909988,29.02840042
31657,-95.4740295,29.04371452
8392,-81.2797012,29.04529953
31658,-95.4580002,29.04770088
31054,-98.1474991,29.13590050
32462,-95.6537018,29.13899994
9504,-82.1877975,29.14830017
9501,-82.1882019,29.14900017
9499,-82.1889038,29.14949989
9508,-82.1880035,29.15040016
9510,-82.1810989,29.15559959
8330,-80.9713974,29.15570068
9507,-82.1772003,29.15780067
8343,-80.9736023,29.15900040
8369,-80.9738560,29.15971800
8367,-81.0960236,29.16005516
32463,-95.6250992,29.16239929
30998,-96.3224120,29.16307400
8336,-81.0932617,29.16324425
9517,-82.1405040,29.17242600
8325,-80.9809036,29.17280006
8350,-81.0836029,29.17320061
9509,-82.1401977,29.17469978
8333,-81.0820007,29.17480087
8331,-80.9842987,29.17889977
8357,-80.9844284,29.17919922
30445,-95.4331970,29.18470001
9516,-82.1878586,29.18596268
9503,-82.1831970,29.18619919
9512,-82.1831970,29.18650055
9514,-82.1884994,29.18709946
8370,-81.0765839,29.18744659
8368,-81.0117035,29.18950081
8359,-80.9909515,29.19148445
8346,-81.0626984,29.19269943
8360,-81.0655518,29.19340324
8365,-81.0674973,29.19389915
8341,-81.0673981,29.19429970
8344,-81.0626984,29.19440079
8334,-81.0557022,29.19519997
8348,-81.0391998,29.20149994
8335,-81.0185013,29.20219994
8371,-80.9984741,29.20660019
9513,-82.1888740,29.20832100
32386,-99.7764969,29.21249962
10033,-82.0608902,29.21408272
32387,-99.7707977,29.21489906
8366,-81.0063019,29.22439957
8345,-81.0089035,29.22850037
9502,-82.2553024,29.23380089
31753,-98.7915000,29.23516000
8358,-81.0133972,29.23719978
8351,-81.0141983,29.23929977
8347,-81.0150986,29.24119949
8338,-81.0187988,29.24860001
31200,-94.8509979,29.25270081
9694,-81.1185989,29.25550079
8329,-81.0222180,29.25658400
9699,-81.1149750,29.25778961
8349,-81.0247110,29.26164200
31187,-94.8283997,29.26539993
31181,-94.8264542,29.26654434
31183,-94.8314972,29.26749992
31184,-94.8236008,29.26819992
31196,-94.8190002,29.27099991
31207,-94.8292007,29.27169991
31203,-94.8510350,29.27257700
31197,-94.8151016,29.27300072
9692,-81.0340347,29.27851868
9690,-81.0373001,29.28639984
31204,-94.8548340,29.28767400
31189,-94.8358994,29.28879929
31205,-94.7885971,29.28990173
31198,-94.7858190,29.29209100
31212,-94.7942980,29.30638900
31199,-94.7665024,29.31220055
32466,-96.1157989,29.32500076
9693,-81.1265030,29.33239937
9700,-81.1325989,29.33679962
32082,-98.4248962,29.35350037
32171,-98.5266037,29.35530090
32225,-98.6024933,29.36986542
30947,-100.9007034,29.37150002
30950,-100.9051971,29.38400078
32089,-98.4853510,29.38608600
30952,-100.9052410,29.38627600
30953,-100.9051895,29.38739395
32348,-94.9933014,29.39130020
32346,-94.9507523,29.39161491
32349,-94.9511032,29.39539909
32112,-98.3930206,29.39813614
32167,-98.6264038,29.39870071
32194,-98.6269989,29.40320015
32147,-98.6178970,29.40620041
30949,-100.9048004,29.40909958
32108,-98.5080185,29.41036987
32347,-95.0399017,29.41110039
30410,-95.2319031,29.41220093
32193,-98.5031586,29.41399956
32097,-98.5019989,29.41548920
32079,-98.5002975,29.41799927
32071,-98.4904022,29.41860008
32175,-98.4885025,29.41880035
32127,-98.4996033,29.41990089
32101,-98.4993973,29.42009926
32130,-98.4881973,29.42060089
32144,-98.4993940,29.42104100
32083,-98.4798966,29.42200089
32132,-98.4842330,29.42201200
32192,-98.5028000,29.42250061
32165,-98.4824960,29.42269300
32142,-98.4872971,29.42270088
32176,-98.4833984,29.42280006
32156,-98.4932200,29.42301800
32177,-98.4923019,29.42309952
32228,-98.4913025,29.42359924
32152,-98.4909973,29.42370033
32168,-98.4993973,29.42429924
32113,-98.4194031,29.42490005
32179,-98.4867020,29.42499924
32109,-98.4826965,29.42506218
32118,-98.4915008,29.42510033
32196,-98.4816971,29.42530060
32162,-98.4909973,29.42569923
32160,-98.4879990,29.42569923
32150,-98.4913025,29.42580032
32138,-98.4830017,29.42600060
32215,-98.3998795,29.42623711
32210,-98.4912033,29.42639923
32199,-98.4842987,29.42639923
32181,-98.5014570,29.42691300
32212,-98.4895410,29.42746300
32186,-98.4052506,29.42786026
30412,-95.2433014,29.42860031
32107,-98.4921036,29.42869949
32224,-98.4849091,29.42998123
32140,-98.4897995,29.43180084
32096,-98.4071503,29.43268394
30411,-95.2286835,29.43507767
32208,-98.4929962,29.43651581
32216,-98.4845962,29.43919945
32157,-98.4536743,29.43994522
32187,-98.6407013,29.44090080
32148,-98.3983002,29.44770050
32218,-98.4252853,29.44851685
32124,-98.4221940,29.45103900
32170,-98.6277008,29.45549965
32197,-98.6255035,29.45809937
32159,-98.6816025,29.46120071
32080,-98.6237030,29.46139908
30948,-100.9163971,29.46319962
32122,-98.6185074,29.46631241
32191,-98.6763000,29.46829987
32219,-98.6073990,29.48290062
32099,-98.4023056,29.48364639
32111,-98.5945969,29.48410034
32172,-98.5337982,29.48419952
32190,-98.5349655,29.48453903
32095,-98.5809479,29.48674965
32136,-98.5783005,29.48810005
8176,-82.8600998,29.48850060
32226,-98.5799866,29.48902321
32166,-98.4011002,29.49160004
32076,-98.5562973,29.49204254
32141,-98.4009410,29.49223700
8177,-82.8674011,29.49939919
31673,-95.1157989,29.50239944
32070,-98.4819031,29.50449944
32100,-98.5724029,29.50559998
32178,-98.5466003,29.50580025
32126,-98.5486984,29.50939941
32211,-98.5500031,29.50999832
32120,-98.3967972,29.51320076
32134,-98.3957977,29.51429939
32093,-98.4614029,29.51449966
32198,-98.4583969,29.51589966
32102,-98.5709000,29.51860046
32163,-98.4826965,29.51860046
32104,-98.4623032,29.51930046
32213,-98.4895020,29.52000046
32103,-98.4881973,29.52000046
32128,-98.4865036,29.52000046
32119,-98.4848023,29.52059937
32185,-98.4830017,29.52059937
32116,-98.4904022,29.52070045
32149,-98.4872971,29.52070045
32146,-98.4866028,29.52070045
32143,-98.5030975,29.52099991
31239,-97.4423981,29.52280045
32110,-98.3926468,29.52529907
32207,-98.3938540,29.52612600
32088,-98.5580978,29.52720070
32195,-98.4878006,29.52910042
32081,-98.5635986,29.52989960
32458,-95.1274260,29.53070500
32201,-98.5652008,29.53129959
32125,-98.4851990,29.53149986
32033,-95.8106003,29.53160095
32035,-95.8075027,29.53179932
32117,-98.5628967,29.53249931
32184,-98.5609970,29.53510094
32214,-98.5646973,29.53669930
32153,-98.5652008,29.53720093
32158,-98.5677032,29.53820038
32114,-98.3759232,29.54101181
32457,-95.1392975,29.54170036
32115,-98.5534973,29.54290009
32223,-98.5826320,29.54354200
31492,-95.1072998,29.54409981
31455,-95.1079025,29.54479980
32188,-98.5862410,29.54556300
31380,-95.1333008,29.54570007
32456,-95.1306000,29.54570007
31650,-95.8247000,29.54690000
9722,-81.2077026,29.55060005
31418,-95.1261978,29.55100060
31463,-95.1243973,29.55249977
32385,-98.3215027,29.55430031
9727,-81.2156677,29.55476570
31495,-95.1191025,29.55579948
31393,-95.0755997,29.55699921
31935,-95.3196030,29.55949974
32251,-95.0391006,29.55999947
32250,-95.0414963,29.56200027
32252,-95.0503006,29.56419945
32155,-98.5916138,29.56791115
32151,-98.4794998,29.56819916
32098,-98.4789352,29.56982422
32217,-98.5908432,29.57043648
32315,-95.6791010,29.57111900
32077,-98.5932007,29.57130051
31933,-95.2861023,29.57579994
31323,-95.1062012,29.57889938
32257,-97.9922028,29.58370018
32135,-98.4704971,29.58539963
32094,-98.6222305,29.58890533
32145,-98.4741974,29.59029961
32261,-97.9990997,29.59320068
32318,-95.6219430,29.59642200
15540,-90.7463110,29.60270500
9723,-81.1921997,29.60289955
8626,-82.3713989,29.60350037
32189,-98.4717026,29.60499954
32260,-97.9570007,29.60659981
15536,-90.7465950,29.60683700
32227,-98.6091003,29.60880089
8628,-82.3416977,29.61179924
8619,-82.3833008,29.61560059
8633,-82.3837738,29.61569214
8624,-82.3833440,29.61753500
32078,-98.4662018,29.61800003
15537,-90.7651977,29.61879921
8608,-82.3859329,29.62120819
32316,-95.6027985,29.62140083
8612,-82.3863983,29.62220001
8617,-82.3863983,29.62269974
8615,-82.3361282,29.62319946
8627,-82.3862991,29.62360001
32302,-95.5834274,29.63300514
32305,-95.5841980,29.63360023
8614,-82.3393402,29.63370895
8606,-82.3395570,29.63446300
32306,-95.5842972,29.63629913
32308,-95.5650024,29.63629913
32307,-95.5838013,29.63680077
32303,-95.5829010,29.63769913
32301,-95.5720978,29.64150047
32304,-95.5823975,29.64340019
8427,-81.5971985,29.64609909
8618,-82.4187012,29.64809990
8610,-82.4155579,29.64861107
31653,-95.0307007,29.65169907
31309,-95.2490997,29.65189934
31458,-95.2538986,29.65209961
31652,-95.0272675,29.65335274
31359,-95.2538986,29.65480042
31382,-95.2636032,29.65509987
31651,-95.0288010,29.65530014
31345,-95.2540970,29.65559959
31442,-95.2549973,29.65699959
31392,-95.2682037,29.65789986
31932,-95.1587982,29.65789986
31411,-95.5623016,29.65800095
31454,-95.2786026,29.65800095
8616,-82.4224320,29.65860939
8613,-82.4226685,29.65943718
8609,-82.4213028,29.65950012
30764,-96.5309982,29.66020012
8623,-82.4166031,29.66040039
31489,-95.2576981,29.66130066
31400,-95.2601013,29.66489983
31931,-95.2035980,29.66489983
31317,-95.2617035,29.66720009
10096,-83.3761470,29.66811500
31366,-95.2766647,29.67038727
31439,-95.4247971,29.67700005
31424,-95.4257355,29.67954254
31437,-95.5200000,29.68680000
31312,-95.4194031,29.68820000
31891,-98.1166992,29.68880081
31352,-95.3027000,29.68930000
31407,-95.4125977,29.69039917
8607,-82.4511032,29.69059944
32248,-96.9007850,29.69313300
15648,-91.1848000,29.69370300
15649,-91.1763410,29.69444700
31379,-95.4026080,29.69549100
31894,-98.0879974,29.69610023
31466,-95.4125977,29.69689941
31888,-98.0893021,29.69700050
30765,-96.5539017,29.69750023
30946,-95.1239014,29.69799995
30945,-95.1235962,29.69799995
30944,-95.1238022,29.69840050
31885,-98.1059036,29.69930077
31878,-98.0928116,29.70165062
15646,-91.2011032,29.70210075
31893,-98.0930939,29.70276260
31469,-95.4144821,29.70666313
31408,-95.4049988,29.70689964
31883,-98.0898972,29.70709991
31877,-98.0904159,29.70789146
31874,-98.0923004,29.70829964
31890,-98.0904730,29.70869900
31320,-95.4031982,29.70870018
31929,-95.2193909,29.71018219
31394,-95.4032974,29.71019936
31445,-95.4007034,29.71030045
31456,-95.5050278,29.71139717
31395,-95.5028000,29.71430016
8028,-84.9980011,29.71590042
31326,-95.5578003,29.72080040
31324,-95.4563980,29.72470093
31435,-95.4436035,29.72850037
31346,-95.4225998,29.72870064
31354,-95.4838409,29.72974777
31370,-95.5585022,29.72990036
31428,-95.4667969,29.73060036
31377,-95.4226120,29.73105800
31333,-95.4889984,29.73109245
31412,-95.4207993,29.73110008
31369,-95.4152985,29.73119926
31318,-95.4910965,29.73159981
31462,-95.4331970,29.73159981
30618,-94.9575272,29.73212433
31410,-95.4591150,29.73341600
31409,-95.4595032,29.73349953
31461,-95.5587997,29.73390007
31321,-95.5587997,29.73410034
31404,-95.5587006,29.73450089
31448,-95.5490036,29.73450089
30619,-94.9772034,29.73530006
31482,-95.4664993,29.73559952
32254,-96.1436997,29.73620033
31367,-95.4666977,29.73679924
31347,-95.4669520,29.73684200
31396,-95.5481033,29.73699951
31344,-95.5475998,29.73699951
31499,-95.4623032,29.73810005
31416,-95.5599976,29.73929977
31356,-95.4698029,29.73940086
31335,-95.5721130,29.73969269
31485,-95.5588989,29.73979950
31375,-95.5588989,29.74040031
31419,-95.4577026,29.74049950
31444,-95.4656180,29.74073600
31500,-95.4613037,29.74099922
31371,-95.4561997,29.74110031
31465,-95.4645004,29.74200058
31467,-95.5597000,29.74250031
31478,-95.4581986,29.74320030
31441,-95.3873560,29.74326300
31414,-95.4579010,29.74399948
30658,-98.6951981,29.74600029
30657,-98.6955032,29.74620056
31348,-95.6446991,29.74740028
31384,-95.4549026,29.74799919
31481,-95.4510410,29.74826700
31399,-95.3609009,29.74900055
31447,-95.4564972,29.74959946
31360,-95.4554977,29.75090027
31350,-95.3727035,29.75370026
31378,-95.3630981,29.75429916
31426,-95.3690033,29.75699997
31420,-95.4579140,29.75709900
31314,-95.3775024,29.75760078
31357,-95.3712997,29.75830078
32255,-96.1585999,29.75970078
32256,-96.1517410,29.76078224
31451,-95.4608994,29.76180077
31421,-95.3604965,29.76269913
30611,-94.9775009,29.76530075
31423,-95.4577026,29.76700020
31488,-95.2130966,29.76860046
31434,-95.2248993,29.77149963
31329,-95.2180099,29.77282715
31319,-95.2431030,29.77400017
30727,-95.1287003,29.77750015
31328,-95.4281998,29.77799988
30731,-95.1233978,29.77960014
31330,-95.6445923,29.77993584
31325,-95.5552979,29.78129959
32490,-94.3510971,29.78350067
31353,-95.5258026,29.78359985
31376,-95.5615790,29.78387600
31438,-95.5762024,29.78389931
31432,-95.6498032,29.78420067
31385,-95.5822983,29.78420067
30616,-94.9681015,29.78420067
31427,-95.6545029,29.78429985
31373,-95.6508026,29.78429985
31490,-95.6500015,29.78429985
31343,-95.6071014,29.78440094
31605,-95.7558975,29.78459930
31606,-95.7562027,29.78470039
31604,-95.7556992,29.78470039
31361,-95.6454010,29.78470039
31450,-95.6184998,29.78510094
31460,-95.6582031,29.78660011
30729,-95.0970612,29.78839874
31413,-95.6401977,29.78870010
30728,-95.1259003,29.79050064
30620,-95.0316009,29.79809952
15874,-90.8141022,29.79820061
15872,-90.8179540,29.80024100
7988,-82.5057983,29.80060005
7987,-82.5140915,29.80132866
31476,-95.4492035,29.80430031
30612,-94.9832001,29.80489922
30615,-94.9853058,29.80519676
30613,-94.9819031,29.80540085
30614,-94.9820023,29.80590057
31480,-95.4460983,29.80660057
31342,-95.4424973,29.80879974
15516,-91.5102005,29.80929947
31327,-95.4615021,29.81419945
30661,-98.7175980,29.81819916
31491,-95.4714966,29.81929970
32232,-97.9921875,29.82221031
30617,-94.8986100,29.82245700
8433,-81.3805389,29.82451248
31436,-95.4725000,29.82800000
31337,-95.5602493,29.83135414
9913,-81.2745000,29.83620000
31364,-95.4887619,29.83899307
9936,-81.2671433,29.84056282
31351,-95.4952011,29.84259987
31459,-95.4956970,29.84289932
31383,-95.4954987,29.84289932
31494,-95.4957657,29.84319496
31349,-95.5156021,29.85309982
9955,-81.2676697,29.85478592
32240,-97.9384994,29.86910057
31310,-95.4108370,29.86956400
32239,-97.9364014,29.87080002
31483,-95.5319000,29.87370000
15532,-90.0499380,29.87509100
32241,-97.9488983,29.87599945
32234,-97.9228973,29.88269997
32237,-97.9226456,29.88299179
32242,-97.9175120,29.88856500
9951,-81.2926025,29.88907814
31338,-95.5846710,29.89036369
31388,-95.6416016,29.89039993
31417,-95.6415024,29.89049911
32247,-97.9153976,29.89069939
9908,-81.3136978,29.89150047
32246,-97.9126205,29.89293671
32233,-97.9129028,29.89369965
9928,-81.3113022,29.89439964
32244,-97.9114761,29.89509010
32235,-97.9106293,29.89544296
15533,-90.0875030,29.89568900
15520,-90.3911972,29.89690018
9903,-81.3154983,29.89929962
15534,-90.0722810,29.89981900
9914,-81.3154983,29.90069962
32243,-97.9043045,29.90142822
9926,-81.3335000,29.90260000
9920,-81.3209000,29.90430069
9945,-81.3184509,29.90588570
9931,-81.3194656,29.90704536
15886,-90.1604996,29.90710068
15433,-90.1872025,29.90900040
31401,-95.3352000,29.90920000
9866,-85.3729040,29.90996000
15724,-90.0532989,29.91130066
9901,-81.3221970,29.91169930
9924,-81.3225021,29.91220093
15612,-90.3477390,29.91274100
9953,-81.3413162,29.91426277
9918,-81.3219986,29.91500092
31386,-95.6202011,29.91519928
31322,-95.6182022,29.91539955
31433,-95.6175003,29.91600037
9935,-81.3243027,29.91659927
9947,-81.3243600,29.91695600
9922,-81.4104996,29.91699982
31487,-95.6144028,29.91720009
15613,-90.3622000,29.91740000
9902,-81.4128037,29.91760063
9944,-81.4139786,29.91764259
9961,-81.3226013,29.91769981
9921,-81.4137497,29.91802597
9956,-81.4139023,29.91819954
9925,-81.4169006,29.91850090
31402,-95.6089020,29.91990089
31505,-95.3022995,29.92309952
15521,-90.0374820,29.92367000
31987,-93.9627991,29.92399979
9917,-81.4194031,29.92399979
15692,-90.0896680,29.92409600
31986,-93.9453049,29.92658615
15685,-90.0943985,29.92709923
15716,-90.0941009,29.92749977
15671,-90.0844390,29.93077400
15679,-90.0799450,29.93480900
15766,-90.0792007,29.93530083
15710,-90.0790220,29.93542600
15772,-90.0747986,29.93750000
31406,-95.3317032,29.93759918
31984,-93.9813003,29.93810081
15768,-90.0744019,29.93820000
31387,-95.3911972,29.93849945
31398,-95.3673019,29.93849945
31279,-93.9289140,29.93869400
15712,-90.0709080,29.93903400
31340,-95.3889008,29.93910027
31464,-95.3887024,29.93910027
15714,-90.0643005,29.93919945
31280,-93.9234009,29.94020081
15769,-90.0744934,29.94040108
31457,-95.3311410,29.94090800
31446,-95.4035034,29.94099998
31453,-95.3627014,29.94120026
31390,-95.3311997,29.94129944
15757,-90.0682350,29.94135000
15718,-90.0659027,29.94169998
31308,-95.3999023,29.94260025
15752,-90.0646973,29.94289970
31332,-95.3314133,29.94315529
31431,-95.3314972,29.94319916
15785,-90.0658035,29.94319916
15777,-90.0669080,29.94331900
31512,-95.2949970,29.94369200
15726,-90.0723038,29.94409943
15698,-90.0660019,29.94449997
31477,-95.3314972,29.94459915
15707,-90.0662003,29.94479942
31443,-95.3471985,29.94589996
15775,-90.0671997,29.94639969
31358,-95.3319570,29.94715400
15739,-90.0709992,29.94770050
15719,-90.0640030,29.94799995
15673,-90.0672690,29.94830400
15743,-90.0660980,29.94831000
15761,-90.0672989,29.94840050
31504,-95.4097977,29.94860077
15793,-90.0662640,29.94884600
15797,-90.0693970,29.94930077
15763,-90.0705032,29.94939995
15703,-90.0724029,29.94989967
15730,-90.0702972,29.95000076
31479,-95.3323898,29.95004272
15788,-90.0674973,29.95019913
15702,-90.0651620,29.95023600
15771,-90.0686645,29.95034218
15725,-90.0731100,29.95037300
15728,-90.0764970,29.95082600
15744,-90.0681270,29.95084300
15737,-90.0690970,29.95090200
15764,-90.0671997,29.95100021
15731,-90.0688019,29.95149994
15686,-90.0671997,29.95159912
15795,-90.0646973,29.95159912
31372,-95.5364990,29.95170021
15782,-90.0673981,29.95179939
15695,-90.0739822,29.95218277
15717,-90.0714035,29.95219994
15715,-90.0708008,29.95249939
15733,-90.0687027,29.95269966
15723,-90.0755005,29.95280075
15780,-90.0693970,29.95280075
15697,-90.0691986,29.95280075
15776,-90.0710983,29.95299911
15722,-90.0687027,29.95350075
15770,-90.0731110,29.95356600
15699,-90.0698013,29.95389938
15794,-90.0758972,29.95400047
15754,-90.0681000,29.95420074
15792,-90.0663986,29.95439911
15693,-90.0693970,29.95479965
15778,-90.0710090,29.95481500
15789,-90.0680008,29.95499992
15721,-90.0642014,29.95529938
15729,-90.0703870,29.95532000
15779,-90.0682983,29.95549965
15787,-90.0650360,29.95587300
15762,-90.0654983,29.95619965
10089,-82.1072998,29.95619965
15767,-90.0681992,29.95639992
15700,-90.0686400,29.95716800
15774,-90.0667725,29.95733833
10088,-82.1063995,29.95779991
15530,-90.1839981,29.95789909
15727,-90.0665970,29.95809937
15691,-90.0771790,29.95819092
15765,-90.0633011,29.95859909
15689,-90.0644989,29.95870018
15748,-90.0682180,29.95920200
31502,-95.5475464,29.96038818
15742,-90.0599020,29.96162600
15684,-90.0665730,29.96224500
15690,-90.1453018,29.96249962
31391,-95.5502014,29.96400070
31484,-95.4195023,29.96509933
15531,-90.1921320,29.96535800
15791,-90.0527930,29.96766300
15759,-90.0552979,29.96780014
31415,-95.5370026,29.96879959
15633,-90.1937280,29.97671100
15546,-90.2805023,29.97909927
31336,-95.5665207,29.98074532
31316,-95.4228973,29.98139954
31506,-95.2813034,29.98250008
15552,-90.2617035,29.98320007
15621,-90.1669006,29.98439980
15666,-91.8587494,29.98473740
15668,-91.8573180,29.98526300
15665,-91.8528976,29.98550034
9915,-81.4583588,29.98746872
15549,-90.2509003,29.98970032
9963,-81.4660400,29.99164000
9046,-82.5915375,29.99166679
15630,-90.1518021,29.99220085
15667,-91.8697000,29.99260000
15627,-90.1552734,29.99271011
15629,-90.1529007,29.99349976
15625,-90.1551971,29.99379921
15618,-90.1529007,29.99430084
31403,-95.4832993,29.99620056
31341,-95.5811005,29.99679947
31496,-95.5809021,29.99679947
15631,-90.1583600,29.99810000
15623,-90.1557007,30.00130081
9056,-82.5969391,30.00307083
15617,-90.1595993,30.00320053
15553,-90.2406080,30.00356700
15547,-90.2384186,30.00506592
15622,-90.2117996,30.00510025
15628,-90.1548386,30.00534821
15624,-90.2054790,30.00562600
31514,-95.2645035,30.00589943
31315,-95.4877014,30.00620079
15555,-90.2372770,30.00658900
15790,-90.0149002,30.01049995
30624,-94.1154022,30.01199913
15550,-90.2427480,30.01416300
31511,-95.2641983,30.01530075
31510,-95.2640991,30.01549911
15626,-90.1549988,30.01810074
31334,-95.4295654,30.02130318
31355,-95.4227982,30.02289963
31374,-95.4297028,30.02370071
31381,-95.4339981,30.02759933
30630,-94.0957031,30.03249931
30635,-94.1593840,30.03500600
15551,-90.2379990,30.03750038
31507,-95.2559433,30.03758621
15683,-89.9754280,30.03804700
30627,-94.1460037,30.04750061
15696,-89.9621950,30.04786500
31614,-99.1371994,30.04960060
31613,-99.1353073,30.05165863
32300,-95.4338140,30.05172500
30622,-94.1424026,30.05349922
30623,-94.1399994,30.05999947
31618,-99.1225400,30.06351400
31616,-99.1175003,30.06599998
31619,-99.1166687,30.06614113
31615,-99.1164627,30.06637764
31611,-99.1172028,30.06660080
30633,-94.1340400,30.06683700
30636,-94.1361313,30.06785965
15509,-90.9669037,30.07299995
30632,-94.1351013,30.07859993
15603,-90.4815979,30.07889938
15602,-90.4792000,30.08080000
15601,-90.4549026,30.08300018
9827,-83.5718002,30.08790016
32364,-95.6318970,30.09169960
9042,-82.7115000,30.09410000
30634,-94.1323013,30.09560013
30631,-94.1277008,30.09569931
9825,-83.5812988,30.09679985
30629,-94.1299973,30.09819984
15804,-90.9988000,30.09910000
30603,-97.3246536,30.10327911
30621,-94.1326981,30.10460091
30605,-97.3348007,30.10549927
8298,-84.3755035,30.11219978
31905,-93.7531967,30.12140083
31908,-93.7667923,30.12149048
31909,-93.7544098,30.12158775
31906,-93.7582380,30.12213600
31907,-93.7619110,30.12273600
32356,-95.4419022,30.12290001
30604,-97.2977982,30.12360001
32354,-95.4151001,30.13559914
8747,-81.5272310,30.14049100
9770,-85.7232971,30.14150047
30669,-96.3704987,30.14369965
30670,-96.3964996,30.14640045
9055,-82.6499023,30.14780045
32361,-95.4738007,30.14850044
30671,-96.3860703,30.14934540
9764,-85.7477035,30.15119934
9050,-82.6190033,30.15259933
9740,-85.5913544,30.15513039
30673,-96.4253006,30.15640068
9737,-85.6690979,30.15940094
32358,-95.4578018,30.16119957
15564,-92.0401580,30.16436900
9744,-85.7882996,30.16720009
15575,-92.0621033,30.16790009
32353,-95.4514008,30.16900063
32360,-95.4613037,30.16909981
32355,-95.4609985,30.16950035
32352,-95.4558029,30.17070007
32359,-95.4555969,30.17070007
9538,-81.7378000,30.17170000
9045,-82.6878738,30.17276764
9053,-82.6853714,30.17530060
9749,-85.6599197,30.17549896
31232,-96.9318619,30.17603302
32357,-95.5055008,30.17659950
9057,-82.6696014,30.17910004
9044,-82.6779022,30.17970085
9049,-82.6855840,30.17985500
9052,-82.6809998,30.18009949
31231,-96.9224014,30.18020058
9040,-82.6843033,30.18020058
9048,-82.6830978,30.18040085
9738,-85.7136002,30.18059921
9784,-85.8141022,30.18099976
9760,-85.8000790,30.18117000
9766,-85.8163986,30.18230057
8801,-81.6256943,30.18309593
9762,-85.8168030,30.18309975
8788,-81.6275024,30.18309975
9748,-85.7274628,30.18390083
9765,-85.6501700,30.18416000
9532,-81.7018967,30.18619728
9539,-81.7266998,30.18639946
9536,-81.7033997,30.18700027
30509,-97.7405014,30.18779945
9743,-85.6556168,30.18916321
9739,-85.6617889,30.18929291
9733,-85.6426010,30.18930054
9745,-85.6425018,30.18950081
9534,-81.7020264,30.18961334
9742,-85.6414032,30.19020081
9736,-85.6585007,30.19079971
15572,-92.0063019,30.19120026
15577,-92.0158005,30.19219971
8770,-81.6052017,30.19269943
8789,-81.7395020,30.19330025
15566,-92.0113983,30.19339943
9531,-81.7070007,30.19370079
15570,-92.0030975,30.19389915
8744,-81.7378998,30.19400024
8820,-81.7407379,30.19408035
9761,-85.8374600,30.19460600
8804,-81.7415008,30.19470024
8761,-81.7418976,30.19519997
15574,-92.0161972,30.19709969
15598,-93.2023010,30.19820023
9852,-81.3855972,30.20350075
15588,-92.0134320,30.20410700
15579,-92.0129013,30.20520020
9776,-85.8576660,30.20530128
9850,-81.3967972,30.20770073
9755,-85.8623430,30.20792100
15863,-93.3762970,30.20840073
15563,-92.0641000,30.20860000
8790,-81.5478973,30.20989990
30575,-97.7548981,30.20999908
30529,-97.7547989,30.21010017
30583,-97.7546005,30.21039963
15518,-90.9446030,30.21080017
15519,-90.9065880,30.21117600
30560,-97.7537994,30.21139908
15869,-93.3764610,30.21237000
30505,-97.7520523,30.21239471
30496,-97.7530975,30.21249962
15517,-90.9441986,30.21269989
30540,-97.6648026,30.21330070
15868,-93.3283180,30.21356300
15861,-93.3258972,30.21360016
15866,-93.3764580,30.21366300
9773,-85.8732050,30.21373600
30538,-97.7493973,30.21459961
30568,-97.7496033,30.21470070
15591,-93.3724976,30.21540070
30555,-97.7531815,30.21550179
8808,-81.5698013,30.21559906
15565,-92.0042267,30.21698761
30504,-97.6939392,30.21718025
8799,-81.5695038,30.21719933
30535,-97.6903000,30.21800041
15864,-93.3759003,30.21809959
30551,-97.6905441,30.21810913
9851,-81.3719025,30.21829987
8794,-81.5720050,30.21830000
15573,-92.0416031,30.21870041
8774,-81.5673981,30.21879959
15865,-93.3762970,30.21890068
8787,-81.5725021,30.21920013
8818,-81.5849991,30.21940041
15862,-93.3760986,30.21969986
8777,-81.5763016,30.22089958
8773,-81.5680008,30.22089958
8754,-81.5655975,30.22089958
8817,-81.5749430,30.22103700
15854,-89.7867966,30.22410011
15593,-93.2093420,30.22827500
30562,-97.7435970,30.22858300
30590,-97.7427780,30.22998000
30587,-97.7428970,30.23170090
30494,-97.7416992,30.23189926
30553,-97.7400971,30.23340034
9051,-82.6532000,30.23430000
15578,-92.0084000,30.23439980
30502,-97.7418518,30.23550034
30527,-97.8340988,30.23679924
30552,-97.8180008,30.24099922
15828,-92.0848923,30.24159622
15544,-92.6328964,30.24279976
8740,-81.5877075,30.24280167
15826,-92.0671997,30.24300003
15545,-92.6687012,30.24609947
15850,-89.7659988,30.24629974
8791,-81.5997009,30.24670029
8776,-81.5879400,30.24723600
8765,-81.5883026,30.24729919
8741,-81.5840988,30.24740028
8772,-81.5879974,30.24780083
8810,-81.5375977,30.24799919
8785,-81.6009979,30.24819946
8758,-81.6010971,30.24830055
30513,-97.7354126,30.24832916
8746,-81.5980988,30.24839973
834,-87.6884003,30.24869919
15590,-93.1802979,30.24900055
8805,-81.5995026,30.24950027
15567,-92.0341873,30.24953461
8756,-81.5994034,30.24959946
15576,-92.0132980,30.25009918
8826,-81.5981598,30.25031281
15592,-93.1803400,30.25051200
30581,-97.7494230,30.25066700
15583,-92.0134964,30.25090027
15580,-92.0133972,30.25090027
15586,-92.0136032,30.25099945
15851,-89.7615050,30.25135900
8775,-81.5390100,30.25208100
15585,-92.0366974,30.25230026
15595,-93.1802979,30.25349998
30544,-97.7370834,30.25451088
15571,-92.0148010,30.25480080
1069,-87.6482010,30.25480080
9156,-82.1213532,30.25568390
8831,-81.3919983,30.25569916
30545,-97.7500992,30.25830078
30549,-97.7482986,30.25880051
30522,-97.7462997,30.25889969
31135,-98.8714981,30.26059914
8766,-81.5512009,30.26149940
8748,-81.4374008,30.26199913
31131,-98.8743973,30.26219940
1070,-87.6173019,30.26250076
30531,-97.7423019,30.26259995
30570,-97.7443008,30.26320076
30534,-97.7418976,30.26370049
844,-87.6886520,30.26436234
30541,-97.7388000,30.26490021
30517,-97.7180023,30.26490021
30511,-97.7354970,30.26507500
31134,-98.8786011,30.26569939
9157,-82.1331024,30.26569939
31140,-98.8782578,30.26609993
8750,-81.6130524,30.26740456
8800,-81.6136627,30.26769447
30518,-97.7415008,30.26790047
1073,-87.5905380,30.26826859
8821,-81.6144028,30.26840019
30525,-97.7462006,30.26899910
9756,-85.9806976,30.26989937
31160,-98.8653030,30.27020073
8815,-81.5590973,30.27029991
30582,-97.7341003,30.27059937
8780,-81.4373779,30.27099991
30567,-97.7414017,30.27190018
30554,-97.7384033,30.27210045
30588,-97.7316208,30.27277184
839,-87.6843940,30.27536300
30516,-97.7428970,30.27770042
9043,-82.6308212,30.27825165
30771,-95.4585037,30.28210068
15849,-89.7535019,30.28249931
15853,-89.7529650,30.28263700
15852,-89.7499237,30.28292465
8054,-81.9833984,30.28400040
15848,-89.7570038,30.28470039
30580,-97.7254105,30.28705788
31151,-98.8901977,30.28820038
30514,-97.7224121,30.28914070
8781,-81.5257034,30.28930092
8833,-81.3896027,30.28960037
30492,-97.8600998,30.29109955
8828,-81.3900986,30.29210091
30773,-95.4645691,30.29298019
15489,-91.9145966,30.29350090
835,-87.7388950,30.29433800
30776,-95.4657360,30.29572000
15581,-92.0246600,30.29677000
846,-87.5615006,30.30150032
8830,-81.3921661,30.30263329
8819,-81.6445999,30.30450058
15597,-93.1951940,30.30560300
8763,-81.8485031,30.30579948
20329,-89.3780975,30.30640030
837,-87.6827011,30.30730057
30510,-97.7212982,30.31060028
15491,-91.8332977,30.31220055
30564,-97.7091930,30.31257600
30591,-97.7079697,30.31564713
8764,-81.6569977,30.31640053
8757,-81.6560974,30.31640053
8827,-81.6545029,30.31640053
30579,-97.7093506,30.31751060
9136,-82.9710007,30.31769943
9134,-82.9709015,30.31780052
8749,-81.6579971,30.31859970
30523,-97.7067032,30.31879997
30530,-97.7092972,30.31940079
30489,-97.7096481,30.32068253
30520,-97.7020187,30.32098389
30524,-97.6996002,30.32220078
9135,-82.9592972,30.32419968
8796,-81.6616974,30.32559967
30515,-97.7057037,30.32670021
30557,-97.9266810,30.32814100
30519,-97.7054977,30.32880020
30566,-97.7028000,30.33160000
30493,-97.7052002,30.33180046
30536,-97.7034988,30.33200073
9820,-87.1427002,30.33480072
30507,-97.7031021,30.33550072
8771,-81.7598038,30.33550072
9824,-87.1248016,30.33580017
9819,-87.1249008,30.33589935
9822,-87.1247025,30.33589935
30741,-95.0998993,30.33609962
30548,-97.7020035,30.33659935
30512,-97.6976013,30.33819962
8762,-81.5431976,30.33819962
30563,-97.6987840,30.34216200
30495,-97.7032013,30.34329987
30589,-97.6971817,30.34461975
30572,-97.6969986,30.34490013
30408,-103.7018433,30.34619331
8039,-81.4134979,30.35250092
8040,-81.4138107,30.35263634
30571,-97.6900711,30.35405159
31847,-95.5840710,30.35412600
30565,-97.6882060,30.35917600
30772,-95.4822235,30.36531067
8412,-86.3299026,30.37140083
15558,-92.9135400,30.37205400
30558,-97.9877014,30.37369919
31869,-96.0817000,30.37400000
30528,-97.6774979,30.37409973
802,-87.6836014,30.37509918
15442,-91.0587997,30.37599945
15464,-91.0587997,30.37639999
801,-87.6831970,30.37669945
803,-87.6834030,30.37770081
8418,-86.3567200,30.37795830
8408,-86.3263600,30.37870000
30543,-97.7408981,30.37879944
15460,-91.0644520,30.38374700
8413,-86.3798981,30.38400078
30407,-103.5678024,30.38439941
30577,-97.7384033,30.38439941
30404,-103.5682983,30.38450050
8404,-86.3375626,30.38476944
15445,-91.0641022,30.38500023
30508,-97.7416000,30.38520050
30521,-97.7393036,30.38570023
8405,-86.4641037,30.38570023
8414,-86.4260025,30.38619995
30499,-97.7378006,30.38730049
20237,-88.5126060,30.38743600
8407,-86.4374960,30.38855600
9813,-87.2689972,30.39030075
30497,-97.7390976,30.39039993
30593,-97.7367020,30.39049911
800,-87.6836014,30.39130020
8410,-86.4260025,30.39170074
8419,-86.4805985,30.39189911
20013,-88.8669700,30.39257600
30574,-97.7500000,30.39319992
8409,-86.4956970,30.39329910
20005,-88.8911972,30.39360046
20017,-88.9497510,30.39370300
8416,-86.4560000,30.39380000
20010,-88.9437760,30.39390400
20008,-88.9403440,30.39390500
20016,-88.9432400,30.39392600
20007,-88.8917240,30.39398900
15454,-91.0866013,30.39489937
20014,-88.9054870,30.39513700
31868,-96.0697021,30.39529991
8603,-86.5942993,30.39579964
8600,-86.6003037,30.39640045
15461,-91.0858841,30.39677811
30537,-97.7353973,30.39710045
8605,-86.5975037,30.39730072
8601,-86.6224976,30.39780045
30585,-97.7396011,30.39850044
30546,-97.7394028,30.39850044
15469,-91.0994034,30.39879990
8597,-86.6296005,30.39929962
9452,-86.8615036,30.40150070
8599,-86.6014023,30.40169907
20219,-88.9343109,30.40188599
20063,-88.6407013,30.40189934
32478,-95.5673750,30.40294800
8641,-86.8579788,30.40340614
8598,-86.6074940,30.40389600
30576,-97.6784973,30.40579987
15467,-91.0835037,30.40629959
15448,-91.0830002,30.40640068
8602,-86.6337967,30.40670013
8604,-86.6348038,30.40699959
9788,-87.2767334,30.40706825
9814,-87.2768326,30.40719414
30584,-97.6752014,30.40950012
8769,-81.5661011,30.41449928
9792,-87.2156820,30.41566600
9809,-87.2022018,30.41659927
615,-88.2441870,30.41750000
31656,-98.0129013,30.41830063
15440,-91.1373978,30.41860008
32477,-95.4924011,30.41920090
20078,-89.0932083,30.41968346
9793,-87.2169037,30.42070007
20082,-89.0930023,30.42130089
20085,-89.0931015,30.42149925
20081,-89.0931015,30.42160034
15438,-91.1336975,30.42180061
15446,-91.1339035,30.42189980
15451,-91.1360016,30.42200089
20076,-89.0934982,30.42200089
15449,-91.1371002,30.42210007
20084,-89.0926580,30.42224100
15435,-91.1317978,30.42289925
15456,-91.1333008,30.42300034
15462,-91.1512340,30.42324300
20074,-89.0934982,30.42370033
15447,-91.1256027,30.42410088
15437,-91.1332016,30.42429924
20080,-89.0917969,30.42449951
15453,-91.1271973,30.42460060
10142,-84.2415008,30.42619896
20075,-89.0925980,30.42620087
15443,-91.1503982,30.42639923
15452,-91.0774002,30.42639923
15466,-91.0717810,30.42670000
10131,-84.2300034,30.42690086
15455,-91.1507034,30.42700005
10135,-84.2285004,30.42700005
10138,-84.2329025,30.42720032
10121,-84.2267990,30.42760086
15459,-91.0779300,30.42784200
8786,-81.6577988,30.42989922
20058,-88.8960037,30.43040085
10113,-84.2468033,30.43120003
15444,-91.0590973,30.43160057
15463,-91.0570984,30.43160057
15468,-91.0566025,30.43169975
8737,-81.6585770,30.43184471
8793,-81.6581210,30.43195500
8738,-81.6585999,30.43199921
10146,-84.2900910,30.43564000
20189,-88.5280991,30.43650055
20194,-88.5312880,30.43683300
15499,-90.0837870,30.43695700
10134,-84.2627029,30.43729973
10118,-84.2685394,30.43811035
15500,-90.0836105,30.43823624
10119,-84.2686005,30.43840027
15494,-90.0835490,30.43850900
20190,-88.5278473,30.44043541
15497,-90.0837010,30.44262700
9801,-87.2843990,30.44271100
15465,-91.1893005,30.44280052
15439,-91.0074387,30.44400024
10133,-84.2846985,30.44479942
15813,-91.2441177,30.44699860
20214,-88.8404540,30.44733900
20217,-88.8401450,30.44740700
15812,-91.2484470,30.44796700
10122,-84.3038025,30.44890022
10153,-84.3033752,30.44905472
15811,-91.2440033,30.44930077
15810,-91.2450780,30.45067200
8739,-81.6612000,30.45140000
15504,-90.9570330,30.45253700
20192,-88.5407410,30.45370483
15434,-91.1122971,30.45470047
8803,-81.6595001,30.45499992
20009,-88.8454132,30.45555878
20006,-88.8451370,30.45590500
15503,-90.9570999,30.45660019
20213,-88.8432007,30.45739937
20191,-88.4531600,30.45886000
30506,-97.7939301,30.46030998
15498,-90.1027985,30.46190071
9168,-83.3927000,30.46340000
9165,-83.3946991,30.46360016
20083,-89.1145020,30.46400070
30526,-97.7967987,30.46669960
10147,-84.3615036,30.47190094
10126,-84.2913513,30.47278404
10149,-84.2883987,30.47340012
1108,-87.9190979,30.47380066
10152,-84.2332993,30.47459984
9797,-87.1994019,30.47579956
9796,-87.2036972,30.47690010
10154,-84.3026962,30.47730064
10136,-84.3013992,30.47859955
8782,-81.6488037,30.47979927
8767,-81.6511993,30.47990036
15522,-90.4558029,30.48010063
10112,-84.3030014,30.48049927
10143,-84.3044128,30.48073578
10144,-84.3056030,30.48089981
10137,-84.3043976,30.48130035
15528,-90.4828580,30.48146200
8745,-81.6473007,30.48159981
30561,-97.6857600,30.48188000
8814,-81.6547990,30.48197000
15556,-92.8541031,30.48200035
8825,-81.6496963,30.48200035
15526,-90.4570999,30.48209953
8751,-81.6489410,30.48217010
8809,-81.6523972,30.48229980
8759,-81.6521988,30.48229980
8743,-81.6492538,30.48230743
10114,-84.1650009,30.48310089
8812,-81.6529007,30.48329926
10123,-84.3132019,30.48380089
10141,-84.3134994,30.48450089
32047,-97.6765976,30.48629951
10150,-84.3158035,30.48670006
9805,-87.2581634,30.48675346
10127,-84.3155975,30.48690033
8742,-81.6774979,30.48863411
32045,-97.6783981,30.49049950
9816,-87.2608566,30.49166489
32041,-97.6781998,30.49239922
31600,-99.7481766,30.49281120
31602,-99.7780810,30.49293800
32037,-97.6781998,30.49300003
9798,-87.2618027,30.49370003
30542,-97.7620000,30.49450000
15511,-92.4309006,30.49510002
9810,-87.2272034,30.49559975
10130,-84.2487030,30.49720001
9791,-87.1819000,30.49760056
9794,-87.2210999,30.49939919
10120,-84.2428970,30.50009918
10145,-84.2446976,30.50029945
10148,-84.2433014,30.50029945
10115,-84.2507180,30.50045400
9795,-87.2216034,30.50090027
10132,-84.2527008,30.50119972
9802,-87.2284520,30.50137000
9473,-86.4402990,30.50276300
32038,-97.6825027,30.50279999
15527,-90.5007019,30.50320053
15529,-90.5009003,30.50399971
15525,-90.5009580,30.50408700
9807,-87.1625214,30.50555420
9799,-87.2210999,30.50559998
32049,-97.6841965,30.50600052
15803,-92.0698547,30.50620842
31601,-99.7755737,30.50670052
9789,-87.2208023,30.50970078
777,-87.9180390,30.51331100
32043,-97.7100983,30.51339912
15801,-92.0703964,30.51499939
781,-87.8863983,30.51589966
32050,-97.6871338,30.51661110
32039,-97.6904297,30.51720238
32042,-97.6565018,30.51759911
15523,-90.5009994,30.51819992
782,-87.8861008,30.51819992
783,-87.9141860,30.51837900
9811,-87.3164673,30.51901054
15450,-91.1585999,30.52120018
9474,-86.4914017,30.52169991
20256,-89.6650880,30.52190700
9806,-87.3150177,30.52219391
9472,-86.4919968,30.52381706
9790,-87.3125763,30.52383423
30720,-97.8193970,30.52400017
30721,-97.8319473,30.52637291
32046,-97.6910553,30.52729225
30722,-97.8069000,30.52799988
9407,-87.0870972,30.53260040
32044,-97.6932983,30.53680038
32040,-97.6939011,30.53960037
32048,-97.6929016,30.54050064
20255,-89.6529388,30.54328346
9166,-83.3957000,30.55500000
8004,-81.4430008,30.55649948
15611,-91.5589981,30.55760002
15557,-92.8002014,30.56220055
31763,-98.2781982,30.56870079
32276,-100.6527350,30.57562600
32278,-100.6496277,30.57979012
32277,-100.6323013,30.58079910
31762,-98.2726974,30.58300018
980,-88.1725998,30.58329964
987,-88.1720962,30.58340073
982,-88.1698990,30.58440018
9876,-84.6066971,30.58469963
988,-88.1703340,30.58493400
30750,-96.2863998,30.58550072
997,-88.1717170,30.58574000
999,-88.1722031,30.58659935
992,-88.1688003,30.58819962
30761,-96.2874985,30.58979988
8009,-81.4461975,30.59370041
30751,-96.3079224,30.60625839
30758,-96.3122080,30.60992400
9404,-86.9571533,30.61148262
31226,-97.6909332,30.62075806
31228,-97.6949005,30.62500000
15889,-91.1603012,30.62599945
30756,-96.3347015,30.62770081
30753,-96.3368988,30.62919998
9405,-86.9485016,30.62919998
30759,-96.3379669,30.63030243
30694,-96.3389969,30.63120079
10403,-81.6028000,30.63346000
30754,-96.3267975,30.63450050
30749,-96.3256988,30.63489914
30760,-96.3202972,30.63619995
30755,-96.3205032,30.63629913
8006,-81.4399780,30.63929500
30752,-96.3082962,30.64119911
31227,-97.6789932,30.65107536
709,-87.9124985,30.65259933
710,-87.9113007,30.65439987
708,-87.9116058,30.65544319
30762,-96.3311000,30.65770000
973,-88.1248016,30.65810013
978,-88.1250000,30.65850067
974,-88.1252975,30.65940094
32019,-96.9821014,30.66440010
1001,-88.1327972,30.66909981
8007,-81.4641060,30.67099400
979,-88.1277008,30.67320061
986,-88.1183014,30.67620087
31229,-97.7153015,30.67860031
11108,-83.2259064,30.67902565
11594,-83.2258987,30.67939949
11107,-83.2259979,30.67959976
11104,-83.2263184,30.67968750
983,-88.2014008,30.67980003
976,-88.1275024,30.68420029
972,-88.1247940,30.68619919
968,-88.1276016,30.68689919
991,-88.1228027,30.68899918
11106,-83.1744995,30.68959999
989,-88.0399017,30.69039917
8387,-86.1210022,30.69099998
969,-88.0282974,30.69140053
31695,-94.9431992,30.69470024
9200,-85.2294000,30.69510000
8386,-86.1221670,30.69673700
8388,-86.1212997,30.69816208
31519,-95.5485992,30.69829941
977,-88.1249008,30.70369911
9198,-85.1849976,30.70610046
9202,-85.1849976,30.70890045
31912,-101.1992645,30.71008873
31697,-94.9542236,30.71098328
8302,-86.5694660,30.71654800
8304,-86.5695038,30.71730042
31515,-95.5690002,30.71896744
8301,-86.5690918,30.72020149
9195,-85.1837006,30.72030067
8306,-86.5690002,30.72150040
8305,-86.5693970,30.72439957
15431,-90.5251960,30.72629900
31516,-95.5494995,30.72870064
31911,-101.3770000,30.73260000
31910,-101.3809967,30.73349953
31518,-95.5971400,30.74226000
8178,-85.5507100,30.75073700
30703,-98.2274017,30.75219917
8179,-85.5506973,30.75259972
8180,-85.5374000,30.75830000
31698,-98.6871033,30.75989914
31068,-102.8273010,30.76829910
9201,-85.2070618,30.77017784
15799,-92.6859512,30.77122879
11089,-81.6595001,30.77350044
11088,-81.6544037,30.79000092
11084,-81.6578522,30.79002571
11086,-81.6622314,30.79186440
11598,-83.3037033,30.79229927
1122,-88.0956192,30.80067253
1124,-88.1279983,30.80220032
1123,-88.1122971,30.80249977
11087,-81.7060013,30.80570030
11588,-83.3180008,30.81749916
11601,-83.3145640,30.81899900
11603,-83.3131867,30.81919861
11591,-83.3025207,30.82296371
11607,-83.3024902,30.82296371
11595,-83.3171005,30.82369995
11091,-81.6886978,30.82480049
11600,-83.3264999,30.84251595
11606,-83.3329010,30.84350014
11586,-83.3283005,30.84350014
11602,-83.3291779,30.84439087
11587,-83.3310013,30.84480095
11589,-83.3191986,30.84709930
11531,-83.9449997,30.84900093
11536,-83.9453430,30.84953690
11533,-83.9386978,30.84959984
11534,-83.9461975,30.85300064
11532,-83.9488602,30.86013031
612,-87.7767563,30.86045837
11596,-83.2556992,30.86170006
11597,-83.2848129,30.86348724
20332,-89.1247025,30.87159920
31293,-96.5904007,30.87500000
10722,-84.2079010,30.88269997
614,-87.7874985,30.88380051
10665,-84.5655670,30.88431740
31066,-102.8714981,30.89290047
11590,-83.3197708,30.89395714
31064,-102.9167023,30.89399910
31069,-102.9133150,30.89406300
31065,-102.9003983,30.89920044
10668,-84.5822430,30.90396300
31586,-94.0057983,30.90780067
31588,-93.9978485,30.90973473
31589,-93.9968033,30.93650055
32055,-97.5412979,30.93709946
15493,-92.1847000,30.95350075
10904,-84.8857000,30.96000000
31755,-95.8669968,30.97200012
596,-87.4928970,31.00309944
32395,-104.8555145,31.03054047
32394,-104.8527090,31.03812800
32390,-104.8478012,31.03829956
11052,-81.4144669,31.03896713
32396,-104.8301470,31.03993000
11054,-81.4139099,31.04129982
30649,-97.4598007,31.05727768
11055,-81.4233017,31.06150055
11056,-81.4048996,31.06690025
32329,-97.3662033,31.07309914
32330,-97.3704987,31.07379913
11053,-81.4036026,31.08629990
31630,-97.7166977,31.08860016
32324,-97.3897018,31.08950043
32334,-97.4034000,31.09010000
31631,-97.7250240,31.09221900
31633,-97.7259979,31.09329987
31271,-97.3015976,31.09390068
31637,-97.7376022,31.09720039
31629,-97.7403030,31.10050011
32332,-97.3566971,31.10370064
31625,-97.7098999,31.10659981
31626,-97.7444000,31.10709953
32325,-97.3573990,31.10740089
32333,-97.3577370,31.10863900
31635,-97.7465973,31.11050034
15608,-93.1613007,31.11059952
30778,-97.9103851,31.11079407
595,-87.4739990,31.11100006
32328,-97.3556671,31.11168289
32327,-97.3560409,31.11175346
32331,-97.3531036,31.11370087
32326,-97.3544235,31.11399269
30665,-99.3356018,31.11560059
30666,-99.3355026,31.11660004
30777,-97.8804016,31.11949921
31627,-97.7363510,31.11978531
676,-87.0706482,31.12451744
10425,-83.4371491,31.13477516
10422,-83.4382553,31.13569069
10423,-83.4439011,31.13839912
10707,-81.5812988,31.13949966
11470,-81.3835983,31.14310074
32392,-104.5875015,31.14399910
15606,-93.2649994,31.15369987
11467,-81.3943024,31.15909958
11468,-81.3908997,31.15999985
11238,-83.7614975,31.18740082
748,-85.4011993,31.19039917
754,-85.4031982,31.19109917
749,-85.4067307,31.19353294
32296,-99.3467030,31.19689900
11629,-82.3330994,31.20319939
11633,-82.3267975,31.20330048
11472,-81.3760986,31.20479965
11630,-82.3379974,31.20800018
740,-85.4304047,31.21472931
10692,-81.5166702,31.21497536
11631,-82.3292999,31.21570015
10704,-81.5234470,31.21668700
10708,-81.5242004,31.21710014
736,-85.4315872,31.21777725
10702,-81.5284920,31.21868000
10699,-81.5207977,31.21870041
10694,-81.4869003,31.21870041
10696,-81.5212021,31.21879959
744,-85.4313965,31.21886063
10697,-81.4940033,31.21910095
750,-85.4321050,31.21922600
10698,-81.5205917,31.22032166
10690,-81.5256882,31.22388458
10734,-84.1968500,31.22408400
10705,-81.5267181,31.22484970
745,-85.4319000,31.22509956
739,-85.4319000,31.22520065
10689,-81.5270996,31.22550011
751,-85.4321976,31.22590065
10706,-81.5223007,31.23529434
10695,-81.4951019,31.23649979
20168,-90.4742508,31.24554634
10703,-81.5046158,31.24574661
20166,-90.4770540,31.24728200
20165,-90.4798966,31.24780083
738,-85.4263306,31.24901581
20167,-90.4856080,31.24938500
737,-85.4291000,31.25309944
30725,-95.9880371,31.25716019
20090,-89.2810974,31.26469994
753,-85.4446030,31.26779938
747,-85.4449005,31.26810074
31748,-94.7319031,31.28269958
31749,-94.7316971,31.28269958
31750,-94.7316971,31.28310013
15422,-92.4767990,31.28989983
15428,-92.4784012,31.29430008
15430,-92.4785995,31.29450035
15425,-92.4790730,31.29539900
31751,-94.7263031,31.30439949
762,-85.8293991,31.30710030
566,-86.4716873,31.30833244
15419,-92.4788971,31.30940056
15420,-92.4787979,31.30949974
565,-86.4992981,31.31040001
15427,-92.4780121,31.31117821
20098,-89.3213654,31.31160355
31067,-103.7927017,31.31469917
567,-86.4575043,31.31788445
758,-85.8315735,31.31948471
760,-85.8414383,31.31999016
20094,-89.3542023,31.32469940
20093,-89.3477020,31.32485500
31752,-94.7258610,31.32568400
759,-85.8332825,31.32568932
20088,-89.3550034,31.32799911
20091,-89.3548966,31.32799911
15424,-92.5141983,31.34189987
2181,-110.9309006,31.34490013
15429,-92.5247726,31.34888649
20102,-89.3449783,31.34982681
1940,-109.5558000,31.35053300
15805,-92.4216090,31.35440900
20097,-89.3437500,31.35450000
20100,-89.3438990,31.35464300
15806,-92.4160538,31.35935402
15807,-92.4116974,31.36359978
2186,-110.9419556,31.36537552
2184,-110.9323780,31.36700600
2183,-110.9283981,31.37890053
10886,-81.4317000,31.37920000
20096,-89.3986969,31.37940025
20089,-89.3694992,31.38240051
10677,-84.9215622,31.38354874
10884,-81.4355011,31.38780022
31295,-93.6958000,31.39400000
31936,-103.5042038,31.39590073
31938,-103.4837120,31.40348400
1851,-109.9011993,31.40900040
32057,-100.4718018,31.41570091
32058,-100.4730835,31.41629982
32059,-100.4404984,31.42525482
31223,-97.7230988,31.43490028
31224,-97.7213974,31.43490028
32063,-100.4422000,31.44612000
1087,-85.6576004,31.44759941
1088,-85.6587982,31.44869995
11551,-83.5306396,31.44996643
11546,-83.5272980,31.45000076
11548,-83.5280991,31.45030022
11544,-83.5254974,31.45039940
30698,-96.0787964,31.45070076
11547,-83.4937973,31.45199966
772,-86.9686279,31.45671654
773,-86.9653168,31.45745277
11545,-83.5285034,31.45759583
11552,-83.5279007,31.45770073
2392,-110.9964981,31.46540070
1004,-87.3434982,31.46920013
1006,-87.3453980,31.46929932
1005,-87.3451004,31.46950912
1003,-87.3449783,31.47748184
32064,-100.4556351,31.47927666
10910,-82.8508987,31.48080063
10909,-82.8509979,31.48159981
10911,-82.8510361,31.48740768
32442,-97.1992660,31.50747000
32416,-97.1968002,31.50860023
32434,-97.1566290,31.50940400
32493,-97.1942978,31.50989914
32436,-97.1410070,31.51032000
32425,-97.1893380,31.51170300
32423,-97.1899033,31.51280022
20198,-91.3836975,31.51578712
32433,-97.1362010,31.51839900
2556,-110.2570038,31.52249908
930,-87.8932037,31.52619934
2550,-110.2596970,31.52669907
11522,-83.8142395,31.52716255
2553,-110.2568970,31.53409958
10444,-82.4637985,31.53479958
32419,-97.1282272,31.53907776
32438,-97.1285171,31.53963661
20023,-90.4778519,31.54398346
32430,-97.1256027,31.54549980
928,-87.8789978,31.54789925
553,-85.2855988,31.55139923
2551,-110.3049780,31.55170800
32417,-97.1209030,31.55330086
2544,-110.3027039,31.55349350
2545,-110.2632980,31.55450058
2552,-110.2814560,31.55473700
32435,-97.1241989,31.55660057
32426,-97.1278992,31.55970001
32420,-97.1294022,31.56089973
20203,-91.4029007,31.56100082
20197,-91.4064102,31.56178093
15876,-91.4221000,31.56490000
32427,-97.1339880,31.56632000
10433,-84.1040573,31.57075310
31864,-94.6751022,31.57099915
10439,-84.1075810,31.57198300
31865,-94.6737100,31.57417700
31857,-94.6732025,31.57500076
10432,-84.1579971,31.57530022
31866,-94.6719971,31.57670021
20024,-90.4564972,31.57970047
10431,-84.1850204,31.58678436
10440,-84.1861496,31.58819962
10441,-84.1868668,31.58858490
32422,-97.1091995,31.59160042
32429,-97.1087600,31.59618200
10434,-84.2198029,31.59740067
32432,-97.1103590,31.59762800
11058,-81.8893585,31.59855843
11059,-81.8728027,31.59880066
31862,-94.6537018,31.60470009
20025,-90.4680023,31.60759926
10442,-84.1756973,31.61050034
2629,-111.0476990,31.61289978
2630,-111.0467800,31.61414000
10443,-84.2177582,31.61465454
10429,-84.2258987,31.61720085
10436,-84.2260437,31.61731339
31861,-94.6832199,31.61957932
10438,-84.1769180,31.61958313
31655,-97.0960610,31.62785000
31860,-94.6523972,31.62849998
20043,-89.5619965,31.63689995
31858,-94.6839981,31.63890076
20149,-89.1496429,31.68577194
20151,-89.1465988,31.68720055
20153,-89.1465988,31.69000053
20150,-89.1470261,31.69240761
20152,-89.1390000,31.69680000
1832,-111.0465110,31.70287500
10477,-83.6377029,31.70926857
10478,-83.6400986,31.71059990
10480,-83.6402969,31.71080017
2619,-110.0597992,31.71139908
15656,-93.1818008,31.71660042
31045,-96.1775971,31.72089958
2618,-110.0736008,31.72310066
15654,-93.1577988,31.72783661
30690,-98.9869995,31.72909927
30688,-98.9732971,31.73110008
31030,-106.3115997,31.73469925
31919,-95.6548004,31.74510002
31027,-106.3298690,31.74645200
31021,-106.3330002,31.75000000
15655,-93.1062469,31.75291824
31003,-106.3497925,31.75301552
31915,-95.6474991,31.76029968
31019,-106.3648987,31.76420021
31000,-106.3715973,31.76790047
10856,-84.7895813,31.76925278
15661,-93.1075974,31.77022552
31007,-106.3305969,31.77140045
31016,-106.3747025,31.77359962
31917,-95.6212997,31.77490044
31035,-106.4327011,31.77639961
1153,-85.9336014,31.77650070
31026,-106.4341880,31.77686300
1157,-85.9375992,31.77809906
31014,-106.3635025,31.78050041
31012,-106.3958969,31.78100014
31020,-106.4049988,31.78120041
31009,-106.4110031,31.78129959
31017,-106.4060974,31.78129959
31005,-106.3973007,31.78219986
1154,-85.9514008,31.78319931
31028,-106.4124222,31.78574753
31008,-106.4068756,31.78793526
31036,-106.4060974,31.78809929
31010,-106.3994980,31.78899956
31024,-106.3953018,31.78980064
31002,-106.3948975,31.78989983
31029,-106.3953018,31.79159927
31013,-106.3964005,31.79210091
31038,-106.3944016,31.79730034
1151,-85.9833450,31.79876300
30723,-94.1911011,31.80489922
2057,-111.0257034,31.80579948
31032,-106.5527267,31.81270790
31001,-106.5562973,31.81299973
31033,-106.5544968,31.81340027
31015,-106.5518036,31.81399918
31004,-106.5494766,31.81548309
31899,-102.3629990,31.82600021
31904,-102.3540050,31.82789700
31901,-102.4004288,31.82836914
829,-86.6309891,31.83576775
31031,-106.5673981,31.83639908
31022,-106.5679016,31.83709908
31023,-106.5640030,31.83839989
31037,-106.5723038,31.83970070
31034,-106.5743256,31.84020042
11041,-81.6213989,31.84040070
30748,-99.4256973,31.84449959
31006,-106.5807037,31.84659958
11045,-81.5864029,31.85009956
830,-86.6399841,31.85019875
828,-86.6429977,31.85269928
831,-86.6387024,31.85280037
832,-86.6425018,31.85289955
11043,-81.5787840,31.85338800
2056,-110.9960022,31.85759926
11042,-81.5764070,31.85793700
20164,-89.7396011,31.86700058
764,-85.1556549,31.86754799
765,-85.1584015,31.86890793
2055,-110.9953003,31.87039948
2054,-110.9922028,31.87070084
31903,-102.3107986,31.87400055
767,-85.1483002,31.87770081
31902,-102.3328018,31.88820076
11331,-81.2997971,31.89060020
30767,-98.5857790,31.89815600
31900,-102.3385010,31.89949989
1155,-85.8917007,31.90159988
11332,-81.3135986,31.91589928
15887,-92.6467972,31.92589951
10836,-83.7471980,31.92844300
11333,-81.3031390,31.93804900
31583,-95.2603989,31.94729996
31834,-102.1417007,31.95260048
10837,-83.7496185,31.95931053
10842,-83.7515030,31.95979691
10838,-83.7559814,31.96051788
10834,-83.7557983,31.96080017
10839,-83.7574997,31.96089935
1846,-110.3445400,31.96107400
10844,-83.7602005,31.96150017
1845,-110.3063965,31.96179962
10843,-83.7942963,31.96319962
31824,-102.1247025,31.97039986
31831,-102.1222992,31.97170067
10840,-83.7563019,31.97450066
31833,-102.1113230,31.97914100
11435,-81.1383972,31.97920036
1843,-110.3069000,31.97979927
11394,-81.1470032,31.98170090
11385,-81.1521759,31.98278236
11436,-81.1326750,31.98323500
11577,-80.8475720,31.99206000
11572,-80.8488541,31.99363708
679,-87.2779999,31.99449921
30446,-106.5979004,31.99469948
31825,-102.0810013,31.99519920
30447,-106.5805090,31.99598400
31830,-102.0746002,31.99720001
11414,-81.2831497,32.00083923
11427,-81.2833023,32.00104904
11370,-81.2807999,32.00279999
11416,-81.1231003,32.00310135
11420,-81.1116028,32.00310135
11429,-81.2695999,32.00329971
11384,-81.1132813,32.00373077
11433,-81.2799606,32.00566864
11406,-81.2800140,32.00571442
11434,-81.2794800,32.00581741
11448,-81.2799454,32.00593567
11574,-80.8514023,32.00619888
11371,-81.1158981,32.00989914
11407,-81.1136017,32.01259995
11377,-81.1110764,32.01273346
11400,-81.1110992,32.01290131
11415,-81.1130981,32.01499939
11381,-81.1128006,32.01599884
31302,-97.0938034,32.01744843
11392,-81.1136017,32.02030182
31829,-102.1522980,32.02119827
11409,-81.1126022,32.02310181
1849,-110.3201981,32.02389908
11431,-81.1119995,32.02500153
11274,-81.1093979,32.02539825
31832,-102.0856018,32.03699875
31828,-102.1143036,32.04069901
31826,-102.1140976,32.04079819
31301,-97.0967026,32.04560089
11447,-81.0969090,32.06940600
11397,-81.0926971,32.06969833
1844,-110.2783661,32.07067490
10473,-84.2134018,32.07120132
10474,-84.2133026,32.07120132
10475,-84.2133789,32.07123566
11405,-81.0931015,32.07429886
11382,-81.0979004,32.07580185
11418,-81.0817032,32.07799911
11419,-81.0904007,32.07839966
11408,-81.0846024,32.07889938
11423,-81.0849991,32.07939911
11387,-81.0887985,32.07979965
11401,-81.0889969,32.07989883
11446,-81.1070023,32.08010101
11428,-81.0933685,32.08029938
11410,-81.0912018,32.08100128
11411,-81.0938034,32.08111572
11432,-81.0904999,32.08129883
10472,-84.2392044,32.08187103
11378,-81.0998993,32.08340073
11329,-84.6803360,32.08364868
31304,-97.0341034,32.08919907
11317,-81.2544022,32.10950089
11373,-81.1707620,32.10969900
11383,-81.1952972,32.11149979
11316,-81.2395859,32.11294174
11312,-81.2400207,32.11348343
11313,-81.2416000,32.11360168
11311,-81.2354580,32.11414000
11319,-81.2596817,32.11926270
2637,-110.9344025,32.12530136
2696,-110.9339981,32.12540054
2682,-110.9339981,32.12580109
2670,-110.9339981,32.12609863
2663,-110.9346008,32.12639999
2632,-110.9341965,32.12699890
2642,-110.9335861,32.12830353
2644,-110.9300003,32.12999725
2647,-110.9345016,32.13090134
2648,-110.9338989,32.13230133
2672,-110.9259340,32.13262200
2676,-110.9904200,32.13388000
31296,-94.7854004,32.13479996
11393,-81.2311020,32.13520050
28932,-80.7605972,32.13859940
11403,-81.2367401,32.14012909
28923,-80.7551498,32.14025116
28929,-80.7518997,32.14189911
30716,-94.3275986,32.14419937
28922,-80.7549950,32.14752700
28927,-80.7461190,32.14930600
15888,-91.7116013,32.15390015
11402,-81.2301025,32.15439987
28924,-80.7452011,32.15570068
30715,-94.3201800,32.15722000
28931,-80.7479019,32.16270065
2702,-110.9022980,32.16289902
28928,-80.7210710,32.16348400
28935,-80.7453995,32.16360092
2653,-110.9166794,32.16370392
2662,-110.9152985,32.16379929
2650,-110.9163971,32.16930008
11322,-81.1825027,32.16970062
28938,-80.7422028,32.17050171
2677,-110.9176025,32.17070007
23543,-107.7189026,32.17520142
28933,-80.7313270,32.17560200
10956,-83.1657944,32.17705154
2691,-110.9547160,32.18045400
2635,-110.9573517,32.18076706
31298,-94.7860031,32.18659973
2656,-110.9674683,32.18836975
11326,-81.1934967,32.18880081
11321,-81.1918030,32.19029999
11320,-81.1924973,32.19039917
11324,-81.1946030,32.19369888
11325,-81.1960220,32.19473267
11323,-81.1966171,32.19700623
2708,-110.8752610,32.19899600
2651,-110.8752594,32.20415115
32309,-98.2127991,32.20439911
30486,-95.8712997,32.20550156
2683,-110.9896011,32.20650101
11610,-82.3771973,32.20650101
2690,-110.9802610,32.20654600
32313,-98.2304001,32.20719910
2678,-110.9793625,32.20895767
28940,-80.6832390,32.20946300
11608,-82.3947372,32.21104431
11609,-82.3948517,32.21111298
2680,-111.0485001,32.21139908
28930,-80.7265015,32.21379852
20258,-90.1519400,32.21390000
32311,-98.1900558,32.21446228
2654,-110.9095993,32.21549988
20259,-90.1529999,32.21559906
2694,-110.9802610,32.21632300
2652,-110.9796524,32.21831894
28937,-80.7322998,32.21900177
2649,-110.8796005,32.21950150
30485,-95.8211975,32.21969986
2703,-110.8794022,32.22040176
2673,-110.8358002,32.22050095
2684,-110.8563004,32.22090149
2709,-110.9729560,32.22109700
2715,-110.8878021,32.22140121
2659,-110.8785019,32.22169876
2700,-110.9088516,32.22310638
2687,-110.9095001,32.22549820
28817,-80.7416000,32.22690000
2679,-110.9784012,32.22729874
30652,-101.4704971,32.22919846
2699,-110.9833984,32.23220062
2689,-110.9580994,32.23289871
28926,-80.6913986,32.23440170
2639,-110.9716034,32.23460007
28657,-80.8051987,32.23550034
2704,-110.8539963,32.23559952
2697,-110.8526993,32.23559952
2664,-110.9438019,32.23590088
2714,-110.9107056,32.23628998
2660,-110.9751968,32.23970032
20020,-89.9438000,32.24030000
2713,-110.9782028,32.24160004
2633,-110.9386978,32.24259949
28659,-80.8246994,32.24290085
2695,-110.9946671,32.25018311
2661,-110.8848038,32.25030136
2698,-110.8438187,32.25037384
2671,-110.9952011,32.25049973
2706,-110.8825989,32.25049973
2707,-111.0000992,32.25059891
2675,-111.0000760,32.25063700
2730,-109.8314972,32.25284958
28655,-80.8790970,32.25310135
28658,-80.8536987,32.25740051
23613,-106.7126007,32.25839996
2665,-110.9842987,32.26110077
30654,-101.5027090,32.26147700
30653,-101.5020660,32.26162800
20248,-90.1330032,32.26179886
20243,-90.1362000,32.26210022
2728,-109.8408585,32.26287842
2692,-110.9254540,32.26299900
30651,-101.4369080,32.26387800
2729,-109.8412370,32.26485700
2727,-109.8419037,32.26499939
20241,-90.1378021,32.26520157
23542,-107.7749023,32.26689911
23546,-107.7722931,32.26750183
28654,-80.8589020,32.26800156
20246,-90.1344986,32.26969910
20244,-90.1343994,32.26969910
20239,-90.1353989,32.27009964
20071,-90.1356964,32.27040100
20240,-90.1356049,32.27048111
20242,-90.1352768,32.27074051
28917,-81.0733032,32.27320099
23545,-107.7344000,32.27335000
28918,-81.0808792,32.27365494
23544,-107.7130966,32.27450180
28916,-81.0818710,32.27580261
20249,-90.1377430,32.27744800
20250,-90.0724029,32.27750015
20022,-89.9990997,32.27799988
20251,-90.0746307,32.28093338
888,-86.3074000,32.28330000
23627,-106.7685013,32.28343964
23622,-106.7697850,32.28347600
20143,-90.0985000,32.28360000
23623,-106.7723999,32.28419876
2718,-110.9436520,32.28601000
23612,-106.7431259,32.28670502
23625,-106.7435455,32.28672028
32375,-95.3034973,32.28699875
20327,-90.9164500,32.28706900
11475,-81.7250977,32.28860092
32370,-95.2994995,32.28900146
32369,-95.3051840,32.28950000
32368,-95.3058014,32.28950119
2645,-110.9786453,32.28990555
20117,-90.2612457,32.29001999
23502,-104.2781143,32.29126740
23608,-106.7769012,32.29209900
28919,-81.0703430,32.29232025
23615,-106.7870026,32.29259872
23618,-106.7893982,32.29299927
23609,-106.7862015,32.29309845
11224,-84.0142364,32.29311371
23619,-106.7854996,32.29389954
20130,-90.1765976,32.29740143
20138,-90.1699829,32.29865646
28656,-80.9520035,32.29949951
11012,-83.3960037,32.30009842
32372,-95.3242035,32.30329895
32377,-95.3199997,32.30329895
20115,-90.1679001,32.30429840
20132,-90.1666031,32.30590057
20121,-90.1674720,32.30624800
20139,-90.1670990,32.30749893
2716,-110.9067001,32.30839920
20140,-90.1616974,32.30839920
23508,-104.2694626,32.30896759
32381,-95.2749023,32.31119919
32380,-95.2745972,32.31140137
23617,-106.7413025,32.31169891
32373,-95.2751007,32.31190109
20212,-89.1622009,32.31480026
20318,-90.8807983,32.31529999
2710,-110.9748993,32.31560135
2669,-110.9763031,32.31579971
2688,-110.8487015,32.31750107
1020,-86.2340775,32.31917953
1022,-86.2333374,32.31933212
2638,-110.9748993,32.32180023
20324,-90.8963630,32.32200500
2658,-110.9266500,32.32246600
20312,-90.8703003,32.32279968
20042,-90.3254650,32.32400700
32384,-95.2957001,32.32429886
20039,-90.3275250,32.32514000
20041,-90.3257980,32.32619858
20182,-88.6855011,32.32659912
20119,-90.1191482,32.32767868
2686,-110.8722992,32.32780075
1035,-86.3390450,32.32813500
31281,-96.1445999,32.33079910
31039,-96.6138992,32.33409882
31040,-96.6167297,32.33535385
20142,-90.0962830,32.33547974
2141,-111.0407000,32.33610000
2717,-110.9712982,32.33639908
2701,-111.0696030,32.33779907
30738,-97.4141998,32.33779907
20321,-90.8500977,32.33800125
2643,-111.0707779,32.33845901
20186,-88.6542000,32.34040000
23637,-108.7139969,32.34109879
23638,-108.7144318,32.34266663
20326,-90.8482971,32.34299850
20319,-90.8460999,32.34310150
20315,-90.8399429,32.34392548
1024,-86.2238998,32.34429932
20316,-90.8309610,32.34435500
20322,-90.8284240,32.34448500
20061,-89.4828290,32.34615300
2646,-110.9761963,32.34619904
23629,-106.7643967,32.34759903
20172,-88.6556015,32.34820175
20176,-88.6913986,32.34960175
20173,-88.6935577,32.34989548
1046,-86.2204056,32.35065842
20179,-88.6915283,32.35066986
20183,-88.7077179,32.35084915
20169,-88.6929016,32.35120010
32378,-95.3006360,32.35163900
20181,-88.6930710,32.35170400
20185,-88.6923752,32.35200119
1025,-86.2157974,32.35820007
2142,-111.0942993,32.35829926
2693,-111.0270996,32.35829926
2140,-111.0923004,32.35869980
20178,-88.6716003,32.35969925
1042,-86.2185974,32.35969925
1043,-86.2176971,32.35969925
1017,-86.2146988,32.35969925
1037,-86.2142029,32.35969925
2138,-111.0943985,32.35979843
1034,-86.2157517,32.36001205
2139,-111.0955887,32.36008835
1039,-86.2116013,32.36080170
1027,-86.2433014,32.36289978
1026,-86.2433014,32.36330032
1018,-86.2702331,32.36413574
1015,-86.2078323,32.36466599
1010,-86.2107010,32.36579895
1032,-86.2112610,32.36605600
20177,-88.6853027,32.36740112
20127,-90.1736984,32.36980057
23628,-106.7429581,32.36990356
30992,-98.8333359,32.37097549
20126,-90.1484985,32.37170029
30739,-97.3942032,32.37496567
30737,-98.9714966,32.37509918
32374,-95.3323975,32.37530136
11210,-82.0658710,32.37578700
23506,-104.2280110,32.37671300
32379,-95.3374023,32.37850189
1023,-86.3127975,32.37929916
1038,-86.3120360,32.37999700
20129,-90.1490021,32.38019943
20134,-90.1434021,32.38029861
20144,-90.1462021,32.38098907
20118,-90.1486359,32.38140869
32383,-95.3307571,32.38157272
1030,-86.2109985,32.38190079
20116,-90.1419983,32.38380051
20133,-90.1423645,32.38389206
20125,-90.1687012,32.38539886
29124,-80.6889390,32.38687300
20135,-90.1460820,32.39209500
31621,-94.8634033,32.39229965
11474,-81.8240000,32.39370000
15870,-91.1993866,32.39528656
15871,-91.1996002,32.39749908
2674,-110.9573975,32.39810181
29125,-80.6850967,32.39849854
30373,-99.7648010,32.39889908
20120,-90.1250000,32.39950180
30367,-99.7647610,32.39950700
20131,-90.1396027,32.39970016
31705,-94.6890030,32.40019989
20265,-90.1438980,32.40050125
20260,-90.1428986,32.40119934
20263,-90.1369019,32.40129852
30993,-98.7883606,32.40159988
30369,-99.7649994,32.40209961
30378,-99.7647018,32.40240097
20264,-90.1408005,32.40240097
20262,-90.1370010,32.40280151
30376,-99.7645035,32.40309906
23499,-104.2244034,32.40340042
20266,-90.1404038,32.40349960
11211,-82.0627975,32.40489960
10797,-84.9291687,32.40491867
30763,-100.8705000,32.40510000
32444,-96.8716965,32.40969849
11480,-81.7815018,32.41199875
30372,-99.7736435,32.41307449
23504,-104.2292023,32.41429901
31623,-94.8463974,32.41659927
1139,-85.9103012,32.41849899
1019,-86.2707977,32.42319870
32445,-96.8642220,32.42326200
31624,-94.8381119,32.42473984
31622,-94.8354645,32.42730713
20261,-90.1313020,32.43016800
32446,-96.8585968,32.43059921
1131,-87.0236969,32.43130112
28637,-80.6724014,32.43140030
11477,-81.7818985,32.43249893
1132,-87.0521011,32.43320084
1129,-87.0497971,32.43339920
10796,-84.9562378,32.43349457
1133,-87.0241013,32.43360138
31248,-97.7649002,32.43450165
31247,-97.7723923,32.43515015
10806,-84.9595980,32.43669100
11478,-81.7847977,32.43700027
11476,-81.7847977,32.43709946
28638,-80.7073975,32.44020081
31997,-98.6955109,32.44054031
28643,-80.6874008,32.44070053
28640,-80.6920013,32.44120026
11479,-81.7838974,32.44150162
28646,-80.6983414,32.44167709
2681,-111.2380000,32.44180000
15502,-91.4964981,32.44200134
15831,-93.7269974,32.44300079
31710,-94.7216700,32.44420800
23501,-104.2612228,32.44477081
28636,-80.7474976,32.44559860
31700,-94.7173004,32.44770050
15842,-93.8579025,32.44789886
11306,-83.7525177,32.44793701
32322,-100.4080580,32.44867800
15835,-93.8703003,32.44919968
32321,-100.4048996,32.44940186
15843,-93.8992890,32.44943300
31702,-94.7241440,32.44992065
15833,-93.8619003,32.45009995
32371,-95.1884766,32.45060349
15841,-93.8577347,32.45094299
31713,-94.7077026,32.45209885
30370,-99.7322235,32.45343399
15840,-93.8499985,32.45439911
964,-86.3620987,32.45479965
962,-86.3634033,32.45500183
1104,-85.0104141,32.45507431
15846,-93.8267899,32.45766830
15837,-93.8271027,32.45819855
15816,-91.7576981,32.45890045
15830,-93.8270035,32.45940018
1114,-86.4100037,32.45949936
963,-86.3898010,32.46030045
11297,-83.7356000,32.46040000
15834,-93.8280411,32.46271133
11294,-83.7642975,32.46329880
15845,-93.8277969,32.46340179
10804,-84.9878616,32.46481705
30382,-99.7123032,32.46509933
11293,-83.7492981,32.46580124
11291,-83.7294998,32.46849823
32367,-95.3683830,32.46856300
11295,-83.7429962,32.47019958
11304,-83.7387009,32.47100067
31707,-94.7135010,32.47140121
1116,-86.4291000,32.47370148
11292,-83.7462616,32.47375870
11300,-83.7462006,32.47380066
11301,-83.7460938,32.47387314
1113,-86.4298019,32.47399902
11298,-83.7463455,32.47475815
30371,-99.6957016,32.47520065
31694,-95.3916016,32.47600174
30374,-99.6993942,32.47643280
29132,-80.9733124,32.47726822
31693,-95.4261017,32.47819901
30381,-99.7706730,32.47967900
15636,-92.0559998,32.47990036
10805,-84.9433975,32.48020172
1105,-85.0305176,32.48249054
1111,-86.4166031,32.48310089
10790,-84.9382019,32.48369980
30368,-99.7106200,32.48442000
1118,-86.4123993,32.48460007
15847,-93.7725983,32.48569870
1115,-86.4098968,32.48569870
730,-87.8497009,32.48609924
1109,-86.4105988,32.48759842
20060,-89.4913025,32.49010086
10930,-82.9335022,32.49010086
2636,-110.9246979,32.49060059
15644,-92.0818329,32.49065018
30375,-99.7431107,32.49157715
15643,-92.0827360,32.49197300
31773,-94.3259160,32.49226400
15639,-92.0487976,32.49309921
10925,-82.9300919,32.49379349
10927,-82.9293976,32.49520111
15640,-92.0819015,32.49589920
15637,-92.0818024,32.49610138
31767,-94.3578033,32.49670029
31768,-94.3573990,32.49760056
31769,-94.3572311,32.49777603
31770,-94.3572006,32.49840164
31711,-94.7508011,32.49855042
15645,-92.0535965,32.49950027
15883,-92.1573029,32.50289917
31712,-94.7496109,32.50331116
729,-87.8306351,32.50339508
31771,-94.3563003,32.50419998
15881,-92.1605988,32.50450134
15884,-92.1538010,32.50450134
10812,-84.9476960,32.50491500
15879,-92.1568985,32.50569916
31772,-94.3556290,32.50631332
10803,-84.9523010,32.50669861
30380,-99.7226028,32.50699997
1899,-110.8867140,32.50729900
31708,-94.6988983,32.50780106
15880,-92.1658020,32.50820160
28642,-80.7464066,32.50827789
15882,-92.1697998,32.50910187
10795,-84.9376984,32.50920105
15885,-92.1625977,32.50970078
31714,-94.7964020,32.51060104
15829,-93.7434006,32.51150131
15839,-93.7426987,32.51229858
10798,-84.9534988,32.51250076
10810,-84.9532013,32.51380157
10792,-84.9519119,32.51578903
1187,-88.2988892,32.51684570
15483,-93.7069540,32.51719300
20162,-90.0993620,32.51732500
15481,-93.7120972,32.51739883
15475,-93.7061005,32.51739883
15486,-93.7101974,32.51770020
15477,-93.7100983,32.51779938
15478,-93.7090988,32.51800156
10799,-84.9791031,32.51860046
10809,-84.9570999,32.51860046
15484,-93.7014008,32.52249908
10800,-84.9608994,32.52450180
15488,-93.6967545,32.52628708
31120,-97.3029000,32.52770000
32001,-96.8216019,32.52790070
15476,-93.6737595,32.52826691
15474,-93.6937027,32.52849960
10815,-84.9841919,32.53110504
15642,-92.0795975,32.53120041
10802,-84.9692993,32.53210068
15824,-92.6528015,32.53590012
10794,-84.9699910,32.53597100
30701,-97.3117981,32.53789902
15822,-92.6166000,32.53839874
31703,-94.7292023,32.53919983
15823,-92.6332016,32.54059982
10932,-82.9031830,32.54082870
15820,-92.6153030,32.54119873
15821,-92.6399002,32.54140091
31701,-94.7320023,32.54268265
31835,-96.9760971,32.54320145
15641,-92.0474014,32.54399872
10807,-84.9534988,32.54410172
31706,-94.7516360,32.54474300
10950,-82.8739014,32.54853058
30700,-97.3179245,32.55006027
10793,-84.9704971,32.55080032
30708,-95.7944320,32.55579100
5451,-116.9430084,32.55650330
10979,-83.8836975,32.55730057
10801,-84.9421005,32.55839920
15432,-92.9127274,32.55994415
609,-85.5045013,32.56029892
605,-85.5045013,32.56190109
607,-85.5010986,32.56769943
15638,-92.0412979,32.56840134
31100,-97.3189926,32.57174683
31607,-96.3087006,32.57389832
5463,-117.0840988,32.57580185
30707,-95.8549576,32.57733154
30705,-95.8560028,32.57759857
601,-85.4973297,32.57761383
600,-85.4974976,32.57809830
31757,-97.1323013,32.58060074
5560,-117.0952682,32.58413696
20031,-90.0874023,32.59329987
3421,-117.0393982,32.59469986
11617,-83.5924835,32.59620667
15634,-93.2894974,32.59640121
28947,-80.1165008,32.59640121
15635,-93.2891006,32.59740067
31660,-96.8219986,32.59889984
606,-85.4196014,32.60010147
604,-85.4815979,32.60049820
10928,-82.9749870,32.60280700
599,-85.4814987,32.60300064
20030,-90.0677948,32.60566711
20029,-90.0679016,32.60739899
31659,-96.8224380,32.60969000
30937,-96.8236008,32.61059952
30939,-96.8237000,32.61420059
30719,-96.9206924,32.61421967
11618,-83.6998062,32.61524963
3415,-117.0837021,32.61579895
11620,-83.6896973,32.61750031
11619,-83.6896973,32.61800003
20027,-89.9993973,32.61809921
11616,-83.6712036,32.61809921
11622,-83.6397018,32.61809921
11624,-83.6465607,32.61833572
11051,-83.3699417,32.62126923
20032,-90.0082016,32.62509918
608,-85.4494019,32.62770081
3479,-117.1390991,32.62960052
1057,-85.4085007,32.63539886
10721,-83.7685013,32.63748932
3416,-117.0978012,32.63999939
3424,-117.0984390,32.64009800
3426,-117.0932007,32.64020157
3418,-117.0960007,32.64059830
30982,-96.8914032,32.64115143
1059,-85.3479004,32.64310074
1062,-85.3505859,32.64315796
1063,-85.3547490,32.64346300
1065,-85.3511520,32.64346300
1064,-85.3513031,32.64369965
30983,-96.8886032,32.64429855
30857,-96.7805023,32.64683151
3425,-117.0705109,32.64683533
3423,-117.0640030,32.64789963
31071,-97.3218994,32.65150070
31112,-97.3225021,32.65370178
28854,-79.9403992,32.65489960
32253,-96.5613022,32.65679932
10719,-83.7487030,32.65679932
10717,-83.7483790,32.65694300
10716,-83.7545242,32.65724945
10718,-83.7460022,32.65864944
10715,-83.7427979,32.65930176
30839,-96.8867035,32.66049957
30912,-96.7450485,32.66180038
30984,-96.8943024,32.66199875
30985,-96.8933410,32.66213700
31056,-97.2451019,32.66289902
29242,-80.8151016,32.66350174
15709,-95.4852219,32.66359329
10891,-83.4261020,32.66600000
2785,-114.6174164,32.66939163
2786,-114.6174011,32.66945648
2779,-114.6242981,32.66989899
29241,-80.8548966,32.67010117
2792,-114.6241950,32.67128900
2791,-114.6244190,32.67149200
31262,-97.0434723,32.67600250
31088,-97.4148026,32.67610168
4782,-117.1073990,32.67639923
30462,-97.1425018,32.67753601
4783,-117.1088028,32.67779922
2769,-114.6246033,32.67779922
30466,-97.1359024,32.67779922
30482,-97.1392975,32.67810059
31103,-97.4160004,32.67829895
4784,-117.1091003,32.67879868
30471,-97.1238022,32.67959976
1058,-85.3300018,32.68000031
31101,-97.4130020,32.68009949
30456,-97.1362991,32.68019867
31087,-97.4122009,32.68109894
31093,-97.4023972,32.68109894
3477,-117.1774979,32.68149948
3476,-117.1760101,32.68202972
31096,-97.4120026,32.68239975
3475,-117.1783981,32.68289948
2778,-114.5569000,32.68429947
5531,-117.1119461,32.68526459
2771,-114.5914993,32.68579865
28948,-80.0914993,32.68690109
31124,-97.4002991,32.68730164
29243,-80.8506165,32.69123459
32337,-96.2697983,32.69169998
3474,-117.1673965,32.69459915
2788,-114.6138992,32.69570160
3472,-117.1737976,32.69630051
3196,-115.5007019,32.69680023
2783,-114.6161620,32.69778100
2773,-114.6127930,32.69813156
2775,-114.6032867,32.69853592
2782,-114.6035520,32.69856300
23600,-103.1202011,32.70249939
23599,-103.1193008,32.70339966
32336,-96.2759970,32.70351900
29245,-80.8707962,32.70429993
32274,-100.8841019,32.70520020
32273,-100.8862000,32.70690155
5481,-117.1601750,32.70733700
5524,-117.1647034,32.70880127
5515,-117.2321014,32.70899963
5506,-117.1590360,32.70979300
23601,-103.1136169,32.71024704
5504,-117.1616974,32.71030045
5510,-117.1682968,32.71080017
3197,-115.5001984,32.71310043
5534,-117.1585007,32.71394730
5435,-117.2258987,32.71459961
5474,-117.1598969,32.71473694
5570,-117.1630020,32.71480179
5428,-117.2248993,32.71549988
5572,-117.1670990,32.71580124
5441,-117.1635971,32.71620178
5569,-117.1625977,32.71640015
5567,-117.1666031,32.71760178
5509,-117.2236023,32.71789932
5551,-117.1580963,32.71870041
32452,-97.7833023,32.71979904
5464,-117.1563568,32.72009659
5490,-117.1576538,32.72044754
5476,-117.1708984,32.72119904
2770,-114.6243973,32.72140121
5467,-117.1649017,32.72240067
5565,-117.2285004,32.72330093
5543,-117.1710968,32.72349930
5458,-117.1705170,32.72375870
5556,-117.1675034,32.72409821
5484,-117.2088013,32.72489929
31080,-97.3621979,32.72499847
5537,-117.2279510,32.72525787
5437,-117.2242966,32.72579956
5488,-117.2226028,32.72579956
31117,-97.3612976,32.72589874
5549,-117.1968994,32.72639847
32451,-97.7883987,32.72760010
31098,-97.3603973,32.72790146
32449,-97.7919998,32.72819901
5529,-117.2242203,32.72825623
31089,-97.3611984,32.72869873
5517,-117.1725159,32.72887039
32455,-97.7856979,32.73189926
32453,-97.7910004,32.73360062
31097,-97.4508972,32.73519897
30481,-97.0611100,32.73556300
31817,-96.6126000,32.73585000
31078,-97.4359970,32.73609924
31111,-97.4508972,32.73640060
31110,-97.4876200,32.73718000
31084,-97.4656982,32.73843002
31119,-97.4537964,32.73860168
5528,-117.1600037,32.73870087
32448,-97.7694015,32.73960114
30457,-97.0478973,32.74000168
32468,-97.4498978,32.74034882
31261,-96.9968030,32.74610900
31259,-96.9907989,32.74668503
5521,-117.2098007,32.74710083
5558,-117.2070847,32.74780273
31072,-97.2894974,32.74819946
30461,-97.0970612,32.74820328
11517,-81.6418915,32.74839783
5508,-117.2067108,32.74843979
30473,-97.0615160,32.74856300
30467,-97.0659027,32.74869919
5462,-117.2061768,32.74874115
5489,-117.1919174,32.74929428
5552,-117.1603012,32.75009918
5429,-117.2098312,32.75026321
5453,-117.1950989,32.75030136
30453,-97.0661011,32.75239944
30469,-97.0639038,32.75239944
31094,-97.3295975,32.75260162
30454,-97.0658035,32.75260162
5536,-117.2161942,32.75270844
5434,-117.1943970,32.75310135
30478,-97.0664673,32.75347137
31079,-97.3304977,32.75379944
5495,-117.2160034,32.75429916
30472,-97.0636978,32.75429916
5478,-117.2057037,32.75540161
4188,-117.0142517,32.75562668
5492,-117.2200012,32.75569916
31114,-97.3326034,32.75630188
23603,-103.1771011,32.75699997
30460,-97.0886002,32.75730133
31260,-97.0281982,32.75740051
5432,-117.1978989,32.75759888
20253,-89.1493988,32.75780106
30484,-97.0802002,32.75809860
5507,-117.1821518,32.75863266
5538,-117.1763535,32.75869751
30470,-97.0775757,32.75872421
5471,-117.1775970,32.75880051
5448,-117.1760025,32.75880051
5563,-117.1869354,32.75885391
5466,-117.1854019,32.75899887
5541,-117.1821976,32.75899887
5482,-117.1878967,32.75910187
31109,-97.2619580,32.75952100
5456,-117.1852036,32.75979996
31263,-97.0099716,32.75988770
31074,-97.4764023,32.75989914
5450,-117.1600037,32.75999832
5459,-117.1671524,32.76002884
5566,-117.1685028,32.76029968
5499,-117.1682968,32.76039886
5449,-117.1872101,32.76047134
5480,-117.1867981,32.76050186
5559,-117.1666031,32.76060104
5440,-117.1662979,32.76079941
5486,-117.1598969,32.76129913
30480,-97.0668030,32.76169968
5562,-117.1669006,32.76190186
30465,-97.0664978,32.76190186
30463,-97.0643997,32.76200104
30459,-97.0945969,32.76250076
30476,-97.0661011,32.76259995
30483,-97.0657654,32.76261520
30479,-97.0786972,32.76269913
31816,-96.6227035,32.76269913
5518,-117.1592712,32.76288605
30458,-97.0718002,32.76340103
30464,-97.0664978,32.76350021
4187,-117.0268250,32.76429367
5511,-117.2416000,32.76470184
23604,-103.1846008,32.76470184
5457,-117.2370987,32.76509857
5550,-117.1493988,32.76599884
5436,-117.0597000,32.76599884
20252,-89.1059036,32.76630020
30455,-97.0171000,32.76830000
4184,-117.0359650,32.76838684
31822,-96.6238480,32.76849747
5470,-117.1595993,32.76969910
30468,-97.0630035,32.76990128
4186,-117.0358370,32.77285100
28714,-79.9636993,32.77299881
30474,-97.0626984,32.77410126
4183,-117.0280991,32.77420807
3618,-115.5524597,32.77460098
30892,-96.8097992,32.77489853
5527,-117.2400970,32.77500153
3622,-115.5519130,32.77526300
3620,-115.5512009,32.77529907
5522,-117.1397018,32.77600098
28711,-79.9324036,32.77629852
3623,-115.5718231,32.77725983
28719,-79.9313140,32.77770500
28691,-79.9480972,32.77799988
28692,-79.9312973,32.77809906
28727,-79.9654999,32.77840042
28732,-79.9259491,32.77856445
3616,-115.5522003,32.77880096
1945,-111.6188965,32.77930069
4185,-116.9916992,32.77949905
5500,-117.1600037,32.77970123
30887,-96.8003998,32.77970123
2394,-109.6388016,32.77989960
30900,-96.7992020,32.77999878
28699,-79.9293976,32.78010178
3613,-116.9833984,32.78060150
28687,-79.9329987,32.78060150
28689,-79.9297028,32.78070068
5557,-117.1002274,32.78075409
1946,-111.6200027,32.78079987
28723,-79.9291000,32.78089905
28708,-79.9637985,32.78110123
31257,-97.0603867,32.78155518
30882,-96.7950974,32.78160095
5530,-117.0843735,32.78204727
5487,-117.2085037,32.78229904
5461,-117.0852966,32.78239822
28684,-79.9319992,32.78250122
28724,-79.9329987,32.78290176
30932,-96.8065490,32.78291200
23787,-108.2652512,32.78314972
31256,-97.0587006,32.78350067
23791,-108.2642365,32.78353882
30874,-96.8171000,32.78400000
30922,-96.7945023,32.78450012
28944,-79.7907028,32.78450012
28690,-79.9556351,32.78465652
30886,-96.8178024,32.78480148
30872,-96.8012009,32.78549957
28698,-79.9366989,32.78559875
28726,-80.0088119,32.78582001
28706,-79.9347992,32.78609848
28685,-80.0090027,32.78620148
28695,-79.9352035,32.78749847
28703,-79.9355011,32.78789902
28717,-79.9598007,32.78829956
31118,-97.3481979,32.78900146
31258,-97.0568008,32.78910065
28707,-80.0276032,32.78919983
5444,-117.2534027,32.79000092
28720,-80.0309600,32.79004900
5433,-117.2547989,32.79050064
5439,-117.2055969,32.79059982
5561,-117.2544890,32.79062200
28702,-80.0363998,32.79100037
28977,-79.9051971,32.79140091
28991,-79.8827972,32.79270172
31812,-96.5955963,32.79339981
30891,-96.6964035,32.79380035
3617,-115.5698013,32.79389954
30920,-96.8041000,32.79399872
30890,-96.8013992,32.79399872
28988,-79.9046478,32.79423141
30898,-96.6984024,32.79470062
30906,-96.8242035,32.79629898
30929,-96.6884766,32.79685211
30841,-96.8247986,32.79719925
30927,-96.8068008,32.79740143
3611,-116.9328003,32.79769897
30870,-96.8253021,32.79850006
30911,-96.8253784,32.79892731
5526,-117.2574997,32.79909897
30851,-96.8255997,32.79909897
5430,-117.2565002,32.79999924
687,-86.5746002,32.80070114
30923,-96.8251038,32.80099869
3612,-116.9640620,32.80100200
3614,-116.9511032,32.80130005
684,-86.5717011,32.80199814
28976,-79.8961029,32.80210114
31108,-97.3195720,32.80263900
30878,-96.8332977,32.80279922
28984,-79.8985977,32.80279922
28983,-79.8985977,32.80300140
30921,-96.8068008,32.80329895
28989,-79.8974991,32.80329895
3610,-116.9512024,32.80350113
5460,-117.2174988,32.80360031
686,-86.5791016,32.80390167
30915,-96.8341980,32.80400085
30902,-96.8374023,32.80469894
28992,-79.8928909,32.80478668
28986,-79.8927612,32.80492020
31840,-98.1129913,32.80508423
11153,-83.7277374,32.80529022
28981,-79.8970032,32.80530167
30880,-96.8289150,32.80603600
11148,-83.7316971,32.80640030
11137,-83.7266006,32.80659866
5493,-117.2183151,32.80772400
11143,-83.7282867,32.80789566
30863,-96.8445969,32.80820084
30903,-96.8090973,32.80860138
11165,-83.7219086,32.80881500
11142,-83.7217712,32.80915451
31566,-96.9209360,32.80936900
5473,-117.1490021,32.80950165
11156,-83.7245712,32.80994797
31839,-98.0673981,32.81060028
28980,-79.8646011,32.81090164
30867,-96.8545990,32.81119919
31522,-97.2092972,32.81150055
5496,-117.1165009,32.81159973
5472,-117.1166000,32.81200027
23785,-108.2995250,32.81205600
11160,-83.7205811,32.81214523
1893,-111.6713257,32.81286240
11166,-83.7253037,32.81299973
30918,-96.8654022,32.81389999
30855,-96.8668976,32.81570053
29060,-79.9507840,32.81653500
31814,-96.6364975,32.81890106
31083,-97.3123016,32.81900024
31815,-96.6321030,32.81909943
30896,-96.7866974,32.81990051
31813,-96.6326981,32.82089996
28979,-79.8430480,32.82102600
30928,-96.8784866,32.82118607
1184,-85.2097015,32.82120132
31095,-97.3125992,32.82130051
31041,-97.0650024,32.82210159
28985,-79.8152008,32.82260132
30847,-96.8708496,32.82286835
30844,-96.8706970,32.82320023
31113,-97.3140090,32.82416300
28982,-79.8257980,32.82429886
31122,-97.3152008,32.82559967
31105,-97.0557022,32.82580185
30926,-96.8872909,32.82612228
5452,-117.1402969,32.82619858
30913,-96.8653030,32.82649994
31102,-97.3125000,32.82799911
4169,-117.2769012,32.82960129
31076,-97.3123322,32.83016586
4181,-117.2769012,32.83039856
28990,-79.8246994,32.83209991
28978,-79.8248138,32.83257294
5544,-117.1436005,32.83319855
5477,-117.1428986,32.83359909
30935,-96.8748016,32.83407593
31546,-96.8962021,32.83409882
2398,-109.7069855,32.83425140
5442,-117.1753006,32.83430099
5535,-117.1395035,32.83449554
30910,-96.8779983,32.83449936
5207,-117.1732330,32.83462524
2393,-109.7247009,32.83470154
30883,-96.8361969,32.83489990
31538,-97.0130005,32.83499908
4043,-115.5723038,32.83570099
31545,-97.0100021,32.83580017
31535,-97.0218506,32.83588028
31551,-97.0124969,32.83589935
31531,-97.0087433,32.83594894
31569,-97.0167007,32.83599854
31547,-97.0176010,32.83610153
31559,-96.9509964,32.83639908
31544,-96.9123611,32.83643723
30637,-97.1453018,32.83660126
31082,-97.2917023,32.83679962
30642,-97.1424026,32.83707047
31099,-97.2939987,32.83710098
30639,-97.1184006,32.83710098
30862,-96.8721008,32.83710098
31075,-97.2941971,32.83729935
31560,-97.0065994,32.83729935
30641,-97.1287994,32.83739853
30640,-97.1416016,32.83750153
30643,-97.1337509,32.83756256
31576,-97.0080337,32.83766556
31121,-97.2907028,32.83769989
31529,-97.0109024,32.83779907
23788,-108.2745972,32.83819962
31562,-96.9881973,32.83829880
31539,-97.0216980,32.83860016
31077,-97.2900391,32.83865738
6042,-116.9664001,32.83879852
31043,-97.0830680,32.83923800
31090,-97.2944031,32.83990097
31081,-97.2938003,32.84000015
30908,-96.7761002,32.84030151
31221,-96.5923580,32.84080600
11157,-83.6275024,32.84090042
31524,-97.1908035,32.84149933
31523,-97.1884994,32.84149933
23487,-104.4246979,32.84239960
23489,-104.4238968,32.84260178
4166,-117.2751999,32.84420013
4164,-117.2754974,32.84529877
4167,-117.2755370,32.84664000
4176,-117.2731018,32.84880066
4171,-117.2726974,32.84880066
4173,-117.2740021,32.84920120
31116,-97.3097000,32.84920120
937,-85.1874008,32.84970093
938,-85.1869965,32.85071564
30638,-97.1121292,32.85179520
4170,-117.2539978,32.85179901
4172,-117.2608032,32.85219955
28683,-79.9887910,32.85328000
4175,-117.2580032,32.85459900
11144,-83.6447220,32.85526276
30853,-96.8853989,32.85580063
31216,-96.5985031,32.85710144
30925,-96.8877258,32.85866928
11307,-84.8944015,32.85879898
30840,-96.8874969,32.86019897
30858,-96.8889999,32.86059952
30909,-96.8892975,32.86069870
30842,-96.7707977,32.86130142
31550,-96.9598999,32.86149979
30864,-96.8527985,32.86190033
31073,-97.3115006,32.86299896
30860,-96.7696991,32.86320114
30876,-96.8098984,32.86349869
31557,-96.9386978,32.86380005
31554,-96.9599991,32.86470032
11309,-84.8536758,32.86487579
31542,-96.9953003,32.86550140
31214,-96.5438995,32.86579895
29063,-80.0177994,32.86669922
31567,-96.9395981,32.86750031
31582,-96.9452972,32.86809921
29072,-80.0127029,32.86869812
11138,-83.6585007,32.86899948
29068,-80.0302963,32.86930084
31575,-96.9825974,32.86989975
29066,-80.0121002,32.86999893
4180,-117.2322998,32.87039948
20336,-90.3943024,32.87049866
29064,-80.0130005,32.87080002
5512,-117.2244034,32.87089920
11151,-83.6607971,32.87110138
4179,-117.2380981,32.87120056
31564,-96.9429016,32.87210083
4178,-117.2152023,32.87260056
29079,-80.0135346,32.87263489
31215,-96.6623993,32.87360001
29076,-80.0100021,32.87419891
29062,-80.0112991,32.87440109
31222,-96.6822968,32.87500000
23389,-105.9617004,32.87530136
11637,-85.1336975,32.87570190
23390,-105.9603040,32.87607600
11141,-83.6616974,32.87609863
11150,-83.6653976,32.87649918
1890,-111.7078018,32.87710190
29226,-80.7199783,32.87761307
23391,-105.9605026,32.87820053
29225,-80.7153015,32.87820053
29228,-80.7297974,32.87860107
31218,-96.6835022,32.87870026
1898,-111.7546539,32.87897491
29224,-80.7201996,32.87910080
23388,-105.9597473,32.87930298
1894,-111.8479004,32.87950134
31533,-96.9524994,32.87990189
23386,-105.9602966,32.88040161
1896,-111.7561870,32.88048200
31219,-96.6454010,32.88069916
1895,-111.7575989,32.88100052
31556,-96.9610977,32.88140106
30895,-96.7705994,32.88199997
30873,-96.8961029,32.88209915
31530,-96.9536972,32.88320160
31549,-96.9524002,32.88420105
31578,-96.9608994,32.88470078
31572,-96.9606018,32.88470078
31579,-96.9594421,32.88486862
31552,-96.9591980,32.88489914
31540,-96.9656982,32.88510132
30850,-96.7705994,32.88669968
30917,-96.7705994,32.88679886
31558,-96.9642029,32.88850021
31537,-96.9672089,32.89131927
5438,-117.1185989,32.89189911
5498,-117.1183014,32.89189911
11164,-83.7263031,32.89220047
30879,-96.7686997,32.89270020
5454,-117.2032013,32.89530182
30893,-97.0410995,32.89609909
5494,-117.1949005,32.89720154
29073,-80.0166016,32.89780045
5501,-117.1893005,32.89960098
11155,-83.6868210,32.90008163
11159,-83.6830978,32.90079880
29231,-80.7063500,32.90080000
11154,-83.6918030,32.90169907
5545,-117.1900024,32.90209961
11140,-83.6845017,32.90330124
4168,-117.2433014,32.90340042
30859,-96.9188003,32.90439987
4177,-117.2434998,32.90449905
30905,-96.9214020,32.90499878
5555,-117.1761017,32.90660095
11146,-83.6903560,32.90777400
30852,-96.8693008,32.90980148
30881,-96.8892975,32.90999985
31553,-96.9581986,32.91090012
32032,-96.4489950,32.91111800
31574,-97.0103760,32.91250229
30885,-96.7432022,32.91379929
31568,-97.0077972,32.91389847
30869,-96.7424011,32.91519928
5502,-117.2294006,32.91590118
31555,-97.0139008,32.91600037
31581,-97.0073650,32.91613800
31573,-97.0076981,32.91630173
31577,-97.0126760,32.91673600
5491,-117.1134033,32.91690063
30868,-96.7471008,32.91690063
5532,-117.1140671,32.91709518
31548,-97.0131988,32.91709900
31561,-97.0139999,32.91740036
11167,-83.7069855,32.91747665
30837,-96.7670975,32.91770172
5483,-117.2282270,32.91771700
31532,-97.0170975,32.91889954
31570,-97.0077972,32.91910172
560,-85.9597015,32.91960144
28709,-80.1601028,32.91989899
31580,-97.0076523,32.92006683
11527,-84.3340988,32.92129898
11526,-84.3340988,32.92151642
31543,-96.9965668,32.92227173
30861,-96.9045868,32.92232513
31563,-97.0195999,32.92269897
30845,-96.7683029,32.92309952
31536,-97.0246506,32.92319489
30934,-96.7722015,32.92319870
31273,-97.0735626,32.92332840
30916,-96.7763977,32.92359924
31265,-97.0766983,32.92499924
30875,-96.8158035,32.92549896
30936,-96.7675018,32.92580032
31571,-97.0086975,32.92599869
30924,-96.8241860,32.92663300
30866,-96.7624969,32.92689896
30856,-96.7715988,32.92760086
29230,-80.6893005,32.92839813
29223,-80.6878967,32.92850113
30933,-96.8209992,32.93000031
29061,-80.0476990,32.93059921
23393,-105.9621964,32.93168640
32031,-96.4586029,32.93249893
29071,-80.0519070,32.93371600
557,-85.9718018,32.93420029
30914,-96.7535019,32.93460083
5479,-117.2371979,32.93479919
29070,-80.0497971,32.93519974
30848,-96.7518234,32.93522263
5468,-117.2377014,32.93529892
31541,-97.0126038,32.93610001
559,-85.9739990,32.93619919
5523,-117.2387009,32.93640137
5553,-117.1078033,32.93679810
5542,-117.0981979,32.93719864
30843,-96.8181000,32.93759918
31052,-96.8398972,32.93820190
32007,-96.7414017,32.93820190
29078,-80.0458984,32.93830109
30865,-96.8181000,32.93840027
29075,-80.0458984,32.93840027
29069,-80.0463028,32.93849945
30899,-96.9030991,32.93949890
30871,-96.8405991,32.93970108
29077,-80.0518799,32.94178391
29067,-80.0518036,32.94200134
11145,-83.7464981,32.94240189
11152,-83.7464981,32.94359970
30854,-96.8391630,32.94490400
11163,-83.7465820,32.94538879
2012,-112.7137985,32.94720078
30897,-96.8280880,32.95048000
30919,-96.8254013,32.95090103
29065,-80.0514984,32.95090103
3560,-117.2622986,32.95130157
30846,-96.8282013,32.95130157
5516,-117.1073990,32.95159912
30397,-96.8392181,32.95169830
30901,-96.8234024,32.95190048
5176,-117.0604324,32.95199966
30389,-96.8351974,32.95220184
23527,-105.7431641,32.95248413
30385,-96.8486023,32.95349884
30386,-96.8336105,32.95432663
30393,-96.8375015,32.95439911
30395,-96.8370230,32.95448300
31266,-97.0438003,32.95510101
31269,-97.0380020,32.95610046
5175,-117.0308990,32.95640182
30396,-96.8263016,32.95690155
30894,-96.8218002,32.95709991
31270,-97.0455017,32.95769882
32492,-95.2928162,32.95894241
3564,-117.2654037,32.96039963
31264,-97.0445023,32.96139908
30387,-96.8286972,32.96160126
3562,-117.2671967,32.96300125
28873,-80.0057983,32.96920013
32010,-96.7201004,32.96979904
32008,-96.7213974,32.97000122
31272,-97.0434036,32.97029877
31092,-97.3087997,32.97259903
32009,-96.7221985,32.97380066
11360,-82.8096008,32.97449875
32011,-96.7095032,32.97529984
32012,-96.7151032,32.97539902
5540,-117.0836029,32.97629929
5469,-117.0911026,32.97819901
3563,-117.2564011,32.97840118
3135,-115.5516968,32.97859955
3136,-115.5410004,32.97869873
32006,-96.7068024,32.97940063
32464,-97.1698990,32.98049927
6085,-117.2604141,32.98077774
32014,-96.7089996,32.98139954
6084,-117.2696991,32.98350143
6083,-117.2701035,32.98469925
32013,-96.7098999,32.98680115
30884,-96.8286972,32.98749924
11097,-85.0294113,32.98825455
32015,-96.7096252,32.98928452
5554,-117.0756989,32.99060059
5205,-117.2093964,32.99110031
31683,-96.9655991,33.00189972
11099,-85.0133972,33.00260162
31677,-96.9728699,33.00628281
5204,-117.2067032,33.00709915
31684,-96.9700012,33.00920105
28874,-80.0366363,33.01259232
31679,-96.9764023,33.01509857
31952,-96.7946014,33.01610184
31959,-96.7931976,33.01610184
31950,-96.7919006,33.01620102
29201,-80.2053986,33.01620102
31956,-96.7951736,33.01677322
31676,-96.9847031,33.01689911
31948,-96.7966003,33.01689911
31961,-96.7923355,33.01701736
31965,-96.7086563,33.01934814
31685,-96.9849014,33.01959991
5533,-117.0819016,33.02030182
31686,-96.9831230,33.02084700
31687,-97.0083008,33.02149963
31953,-96.7919998,33.02149963
31957,-96.7917023,33.02149963
5547,-117.0812400,33.02168300
31678,-97.0081024,33.02170181
5497,-117.0819016,33.02489853
31675,-96.9895020,33.02579880
31960,-96.7092972,33.02579880
31690,-96.9904022,33.02709961
31954,-96.7063980,33.02719879
3285,-117.2748032,33.02769852
31946,-96.7073975,33.02849960
10969,-83.9078598,33.02858353
31951,-96.7095032,33.02870178
10973,-83.9218979,33.03110123
31688,-96.9915543,33.03144073
31962,-96.7067510,33.03204200
29189,-80.1524963,33.03368378
20146,-89.5485992,33.03369904
10975,-83.9244995,33.03469849
29194,-80.1510010,33.03549957
28950,-80.1209030,33.03554153
29190,-80.1520996,33.03639984
31681,-97.0011978,33.03689957
29191,-80.1361694,33.03693390
29198,-80.1540299,33.03800583
29195,-80.1539001,33.03839874
20145,-89.5787964,33.03870010
11100,-85.1119003,33.03950119
11096,-84.9942398,33.04107285
10971,-83.9384232,33.04158783
31963,-96.7035980,33.04180145
11094,-84.9749603,33.04196548
11101,-84.9833000,33.04210000
11095,-84.9824982,33.04219818
11102,-84.9757004,33.04290009
10972,-83.9394989,33.04368210
31955,-96.8294983,33.04410172
31958,-96.8289032,33.04489899
3657,-117.2901001,33.04850006
3656,-117.2911987,33.04880142
10974,-83.8982000,33.04910000
10968,-83.9505005,33.05390167
3658,-117.2991486,33.05769730
20148,-89.5693970,33.05770111
31966,-96.7966995,33.05820084
3659,-117.2897034,33.06499863
32350,-96.8941956,33.06518555
31947,-96.7921982,33.07059860
31949,-96.7931976,33.07429886
11635,-82.0044022,33.08259964
31276,-96.0969009,33.08369827
31170,-96.8395996,33.08810043
30401,-96.6818008,33.09049988
20059,-89.8960037,33.09820175
31166,-96.8170090,33.09927300
11634,-82.0226974,33.10020065
3293,-117.2851028,33.10039902
30402,-96.6767578,33.10100555
677,-86.7390289,33.10176849
11218,-83.2505035,33.10430145
11636,-82.0254974,33.10480118
31167,-96.8168030,33.10520172
3303,-117.3129883,33.10587311
3299,-117.3138350,33.10639000
31278,-96.0958328,33.10803604
3295,-117.3220978,33.11090088
11217,-83.2568970,33.11159897
3669,-117.1008987,33.11460114
31168,-96.8053970,33.11479950
11215,-83.2603989,33.11709976
31277,-96.0976770,33.11760700
3300,-117.3181000,33.11819839
11216,-83.2612000,33.11930084
31274,-96.0968018,33.12060165
3296,-117.3199997,33.12210083
3291,-117.2810974,33.12279892
3664,-117.0896988,33.12409973
3675,-117.0905991,33.12500000
3294,-117.3153000,33.12540054
20159,-89.0871963,33.12730026
3671,-117.0936470,33.12875300
3301,-117.2667007,33.12889862
31275,-96.0799484,33.13149643
3297,-117.3308029,33.13380051
5817,-117.1631012,33.13570023
5818,-117.1741867,33.13826752
32319,-95.5641022,33.14229965
32320,-95.5645294,33.14422989
678,-86.7483978,33.14550018
3665,-117.1027985,33.14749908
23845,-107.2466965,33.14879990
31850,-94.9654007,33.15010071
1166,-87.5465012,33.15200043
3290,-117.3365860,33.15502548
3288,-117.3508987,33.15539932
23848,-107.2480392,33.15547943
3305,-117.3506100,33.15611100
3289,-117.3508987,33.15700150
3287,-117.3543780,33.15932200
1180,-87.5210266,33.16139221
31853,-95.2575989,33.16360092
3292,-117.3442001,33.16389847
1175,-87.5513992,33.16650009
1181,-87.5288010,33.16656494
692,-87.4487000,33.16740036
1169,-87.5253372,33.16787338
31849,-94.9997940,33.16835403
1183,-87.5251999,33.16970062
1168,-87.4881973,33.16989899
1182,-87.4809113,33.17216873
1163,-87.5249023,33.17359924
28973,-80.0202026,33.17399979
1164,-87.4744034,33.17539978
1178,-87.4744220,33.17549800
1177,-87.5245972,33.17589951
1142,-86.2918014,33.17610168
1162,-87.5244980,33.17750168
31852,-94.9703445,33.17871857
6464,-117.2279968,33.18080139
30679,-102.2744980,33.18149948
31851,-94.9712982,33.18170166
4885,-117.3229980,33.18249893
4889,-117.3637560,33.18955700
30961,-97.1222790,33.19272800
30971,-97.1258030,33.19336500
1276,-92.6355972,33.19369888
1171,-87.5696030,33.19369888
1185,-87.2603989,33.19369888
31800,-96.6369019,33.19440079
1277,-92.6362000,33.19440079
29147,-80.6043070,33.19466200
29148,-80.6043320,33.19468307
29149,-80.6082001,33.19469833
29150,-80.5987015,33.19490051
29151,-80.6007996,33.19509888
29152,-80.6081009,33.19570160
10997,-84.2835999,33.19630051
1174,-87.5149307,33.19718933
30941,-97.5625992,33.19879913
30969,-97.1380997,33.19900131
30965,-97.1437378,33.19940948
30966,-97.1284060,33.19968000
4884,-117.3696594,33.20079422
4882,-117.3836975,33.20119858
1273,-92.6443024,33.20119858
30963,-97.1464081,33.20164871
3134,-116.3016968,33.20199966
4887,-117.3843780,33.20263900
1280,-92.6455002,33.20360184
31808,-96.6391983,33.20476151
30970,-97.1593018,33.20750046
31806,-96.6379013,33.20819855
4883,-117.3876648,33.20887756
1172,-87.5220032,33.21070099
4890,-117.3979034,33.21120071
31801,-96.6364975,33.21360016
31799,-96.6168976,33.21369934
4881,-117.3470993,33.21419907
30942,-97.5883331,33.21978378
30967,-97.1324630,33.22113300
31804,-96.6343994,33.22309875
30943,-97.5905456,33.22340775
30962,-97.1707001,33.22990036
3676,-117.1416016,33.23099899
30968,-97.1752853,33.23176193
30972,-97.1756973,33.23320007
31803,-96.6307983,33.23590088
1053,-87.5759964,33.23889923
28633,-81.3805008,33.24229813
3666,-117.1456985,33.25559998
3133,-116.3979034,33.25640106
1920,-111.9906006,33.26490021
1625,-93.2195969,33.26599884
1626,-93.2329788,33.26685715
1624,-93.2366028,33.26689911
682,-86.3536835,33.26856995
1567,-91.2347180,33.27155700
1916,-111.8415985,33.27439880
10994,-84.2903976,33.27500153
11000,-84.2913971,33.27750015
10998,-84.2919998,33.28229904
11002,-84.2914963,33.28739929
1918,-111.9692993,33.30250168
1922,-111.9666519,33.30474472
1917,-111.9706270,33.30506300
1910,-111.9697037,33.30509949
1912,-111.9428024,33.30550003
1923,-111.9035034,33.30559921
1919,-111.8957977,33.30590057
1907,-111.9458008,33.30609894
1921,-111.8979034,33.30659866
1913,-111.9700012,33.30690002
1911,-111.9695969,33.30690002
1914,-111.9757996,33.30799866
1908,-111.9686966,33.31760025
23691,-105.6394000,33.31806000
2279,-111.9759350,33.31909200
1909,-111.9758987,33.31909943
6475,-116.6906000,33.31960000
23697,-105.6262054,33.32000732
23693,-105.6278992,33.32239914
11243,-84.7772064,33.32348633
23698,-105.6248932,33.32429123
1096,-86.7898788,33.32460403
11249,-84.7802963,33.32820129
1566,-91.2820820,33.32875800
1569,-91.2816162,33.32912445
23696,-105.5908966,33.33119965
2402,-110.1896000,33.33150000
1089,-86.7811966,33.33229828
1090,-86.7873993,33.33309937
1094,-86.7842255,33.33501053
625,-86.9239273,33.33570480
23690,-105.5807000,33.33578000
1095,-86.7817841,33.33653641
1093,-86.7836456,33.33679962
2947,-118.3326035,33.34030151
2950,-118.3260300,33.34354500
1091,-86.7710037,33.34469986
619,-86.9617996,33.34569931
23699,-105.5711975,33.34643173
2290,-111.9757004,33.34809875
2253,-111.9747620,33.34939957
2032,-111.4580002,33.35169983
2599,-111.9504013,33.35490036
3716,-117.1598969,33.35680008
2033,-111.4446560,33.35998700
1906,-111.8421021,33.36220169
3713,-117.2494965,33.36249924
23695,-105.6551971,33.36259842
11241,-84.7852020,33.36349869
622,-86.9971008,33.36460114
28869,-79.2696991,33.36529922
616,-87.0042038,33.36569977
621,-87.0048981,33.36650085
2166,-111.8414230,33.36713791
28871,-79.2733994,33.36780167
624,-86.9946976,33.36859894
618,-86.9957962,33.36869812
883,-86.8107986,33.37319946
886,-86.8104670,33.37359200
623,-86.9904220,33.37588400
2245,-111.9729004,33.37620163
2577,-111.9633026,33.37689972
11286,-84.5542984,33.37730026
2612,-111.9628983,33.37779999
2608,-111.9628983,33.37789917
2602,-111.9660034,33.37810135
2594,-111.9656982,33.37810135
2578,-111.9598999,33.37810135
2592,-111.9635010,33.37829971
2154,-111.8442001,33.37860107
2604,-111.9627991,33.37889862
887,-86.8085022,33.37889862
2152,-111.8378830,33.38236237
2159,-111.8731003,33.38240051
2587,-111.9264984,33.38339996
2145,-111.8750000,33.38349915
2160,-111.6931000,33.38489914
2307,-112.0129013,33.38510132
2149,-111.6896973,33.38510132
2024,-110.7594070,33.38702774
2171,-111.7878952,33.38739014
2156,-111.7881012,33.38750076
2164,-111.8399540,33.38755100
2157,-111.8538971,33.38790131
1837,-111.5458908,33.38852692
2167,-111.8434982,33.38890076
2155,-111.8527985,33.38899994
2165,-111.8387900,33.38913700
2161,-111.8507996,33.39039993
2148,-111.6850967,33.39120102
2028,-110.7654110,33.39239600
2150,-111.8526001,33.39260101
2591,-111.8889008,33.39289856
2169,-111.7281036,33.39346695
2030,-110.7799988,33.39360046
23687,-104.5599289,33.39413834
11245,-84.7543320,33.39450800
11289,-84.5896683,33.39554214
11244,-84.7443008,33.39659882
11290,-84.5969009,33.39690018
11242,-84.7553024,33.39699936
11239,-84.7412033,33.39720154
23483,-105.6801987,33.39860153
5415,-117.5942612,33.39940643
23694,-105.6754990,33.40060043
20065,-91.0095367,33.40080261
2292,-111.9784012,33.40129852
11287,-84.5935974,33.40169907
2611,-111.9682999,33.40230179
23683,-104.5225983,33.40579987
2589,-111.9608994,33.40610123
23682,-104.5230026,33.40710068
2597,-111.9461920,33.40726300
2283,-112.0076981,33.40890121
11248,-84.7079010,33.40900040
2598,-111.9609630,33.40914800
2144,-111.6845016,33.40930176
11288,-84.5968018,33.40969849
639,-86.6867981,33.41009903
5418,-117.5993729,33.41032791
11208,-84.1656418,33.41052246
2580,-111.9692993,33.41090012
20064,-91.0653992,33.41109848
2606,-111.9697037,33.41139984
884,-86.8060989,33.41180038
2600,-111.9696630,33.41200000
2603,-111.9717026,33.41210175
23484,-105.6824400,33.41228000
11207,-84.1597977,33.41230011
11205,-84.1989975,33.41249847
2593,-111.9692764,33.41287613
2314,-112.0098038,33.41339874
2158,-111.8402023,33.41370010
2173,-111.8393631,33.41447449
2614,-111.9354019,33.41450119
2584,-111.9189148,33.41456223
2605,-111.9258730,33.41456300
2575,-111.9241910,33.41456300
2579,-111.9229202,33.41468048
1835,-111.5576019,33.41471481
2295,-112.0059967,33.41479874
2609,-111.9230957,33.41483688
2147,-111.8378983,33.41519928
2146,-111.7960968,33.41519928
2163,-111.8449340,33.41523700
658,-86.8036090,33.41532900
1834,-111.5643210,33.41548800
2151,-111.7125397,33.41553879
2174,-111.7389832,33.41573715
23849,-104.5218964,33.41579819
628,-86.6941986,33.41579819
627,-86.8034973,33.41600037
23680,-104.5230026,33.41680145
1028,-86.6837000,33.41760000
23679,-104.5226974,33.41889954
10628,-82.0728760,33.41936111
2162,-111.8280029,33.41960144
23685,-104.5231018,33.41970062
668,-86.6948013,33.41979980
2586,-111.9000015,33.41999817
11204,-84.1890030,33.42010117
2595,-111.9774017,33.42060089
649,-86.7009964,33.42160034
2287,-111.9805984,33.42190170
2601,-111.9164963,33.42190170
660,-86.7005005,33.42269897
2325,-111.9792786,33.42290878
2261,-111.9807968,33.42390060
2583,-111.9421997,33.42409897
2248,-112.0302963,33.42459869
2610,-111.9389038,33.42549896
29113,-79.1573029,33.42599869
11199,-84.1764984,33.42610168
5419,-117.6111984,33.42660141
11203,-84.1772995,33.42689896
11201,-84.1828156,33.42803955
656,-86.7089005,33.42869949
11206,-84.1805960,33.42885600
2607,-111.9129028,33.42910004
1784,-94.0294750,33.42944000
2573,-111.9695969,33.42969894
626,-86.7127991,33.43149948
5416,-117.6227036,33.43209839
5413,-117.6292038,33.43280029
1147,-86.0808792,33.43354416
2576,-111.9264984,33.43479919
1867,-112.5028992,33.43529892
647,-86.7213974,33.43610001
643,-86.7211990,33.43619919
653,-86.7188034,33.43640137
23686,-104.5229350,33.43809300
636,-86.7220001,33.43840027
23681,-104.5228424,33.43896866
633,-86.7288971,33.43960190
641,-86.7378998,33.44010162
23688,-104.5223312,33.44016266
665,-86.8321991,33.44049835
20287,-88.8533020,33.44120026
10627,-81.9813995,33.44279861
2037,-112.3411026,33.44404984
2039,-112.3412018,33.44570160
10659,-82.0735016,33.44639969
870,-86.8315964,33.44680023
2596,-111.9265770,33.44693700
2588,-111.9263000,33.44710159
2324,-112.0731660,33.44720100
2267,-111.9888000,33.44829941
10959,-84.4533005,33.44869995
2034,-112.3581009,33.44919968
2337,-112.0731840,33.44947100
10649,-82.0803299,33.44953537
2302,-112.0712967,33.44960022
10655,-82.0802383,33.44985199
10636,-82.0764008,33.45009995
2274,-112.0158350,33.45116300
2301,-112.0738983,33.45119858
2328,-112.0631027,33.45140076
2315,-111.9940872,33.45143890
2272,-111.9872971,33.45159912
10630,-82.0607071,33.45184708
866,-86.8197021,33.45389938
20289,-88.8144989,33.45439911
2582,-111.9265976,33.45510101
2291,-111.9869995,33.45520020
2590,-111.9263000,33.45560074
32342,-94.0430985,33.45579910
2318,-111.9871979,33.45669937
20112,-90.6374969,33.45698547
29119,-79.1292038,33.45729828
20114,-90.6607971,33.45759964
20286,-88.8031998,33.45790100
3277,-117.6712570,33.45794678
20113,-90.6370010,33.45800018
872,-86.8223038,33.45819855
878,-86.8223038,33.45830154
29102,-80.7259827,33.45853043
875,-86.8347015,33.45859909
2293,-112.1700974,33.46049881
2250,-112.0738983,33.46060181
2332,-112.1719666,33.46117401
1779,-94.0429993,33.46210098
3538,-117.6952972,33.46220016
32340,-94.0445023,33.46221542
867,-86.8272700,33.46225400
2036,-112.3582001,33.46279907
2422,-111.9259880,33.46366300
3535,-117.6776962,33.46369934
2297,-112.1692963,33.46390152
3540,-117.6906967,33.46400070
32341,-94.0782640,33.46403400
3539,-117.6840973,33.46419907
2317,-112.1742020,33.46419907
871,-86.8226013,33.46450043
2275,-111.9869003,33.46469879
877,-86.8315964,33.46490097
2335,-112.1666031,33.46500015
2615,-112.2393799,33.46515274
2269,-112.1698456,33.46549988
2247,-111.9909060,33.46556300
2404,-111.9266968,33.46559906
2265,-112.1648026,33.46580124
2273,-112.0712967,33.46580124
2268,-112.0236000,33.46590000
2334,-112.1106570,33.46616700
6311,-117.1298981,33.46620178
29115,-79.1102982,33.46640015
874,-86.8278280,33.46648400
880,-86.8283997,33.46680069
2038,-112.3013992,33.46730042
32345,-94.0640560,33.46741700
876,-86.8263016,33.46770096
29156,-80.5093994,33.46810150
29155,-80.5076981,33.46820068
2035,-112.3582993,33.46839905
6308,-117.1197968,33.46860123
2430,-111.9262009,33.46879959
881,-86.8071976,33.46889877
2616,-112.2400436,33.46966171
10634,-82.1277008,33.46979904
10656,-81.9740300,33.47082900
868,-86.7720032,33.47090149
1785,-94.0410004,33.47100067
32339,-94.0892000,33.47120000
32338,-94.0445820,33.47128600
865,-86.8319092,33.47139359
1781,-94.0429993,33.47230148
2282,-111.9901962,33.47290039
10646,-82.1283035,33.47320175
10660,-82.1285782,33.47361755
31870,-94.4112015,33.47370148
1780,-94.0431976,33.47420120
10623,-81.9858551,33.47431183
32343,-94.0431976,33.47439957
10645,-82.0093002,33.47539902
2285,-112.0737991,33.47589874
3536,-117.7035000,33.47750000
11540,-82.4980011,33.47819901
2306,-112.1131973,33.47850037
10641,-81.9685550,33.47850600
3541,-117.7197037,33.47859955
2304,-111.9788742,33.47986221
2277,-112.0314026,33.48009872
2296,-112.0733032,33.48020172
642,-86.7760010,33.48080063
2270,-112.1102676,33.48113632
2294,-112.0767975,33.48220062
3542,-117.7145157,33.48233795
10626,-82.0875473,33.48260117
29157,-80.4707260,33.48344803
2427,-111.9254532,33.48367691
29159,-80.4684982,33.48419952
28610,-81.6831970,33.48540115
2407,-111.9242096,33.48545074
29153,-80.4694977,33.48590088
2411,-111.9259033,33.48649979
29108,-80.8387222,33.48743820
638,-86.7873001,33.48749924
28611,-81.7194977,33.48799896
869,-86.7873640,33.48909200
2428,-111.9282990,33.48920059
2330,-112.0766640,33.48956400
29112,-80.8516006,33.49100113
10651,-82.0929031,33.49209976
2137,-112.3552017,33.49309921
6309,-117.1493301,33.49476624
2424,-111.9237340,33.49513700
2457,-111.9219971,33.49620056
2438,-111.9241028,33.49670029
2403,-111.9250031,33.49689865
654,-86.8115006,33.49869919
6307,-117.1512380,33.49903400
29114,-79.1177979,33.49919891
6304,-117.1545029,33.50099945
650,-86.7969971,33.50159836
2458,-111.9499969,33.50199890
2441,-111.9327720,33.50242800
5792,-117.6566010,33.50289917
6302,-117.1483994,33.50310135
2321,-111.9683990,33.50379944
11496,-84.2341156,33.50471497
2412,-111.9254837,33.50475311
28616,-81.7089005,33.50490189
2300,-112.0386963,33.50559998
20068,-90.1949997,33.50730133
20066,-90.1937027,33.50730133
2417,-111.9258340,33.50813700
11541,-82.5037613,33.50909805
2262,-112.0346985,33.50920105
2320,-112.0288010,33.50920105
2405,-111.9260025,33.50949860
2276,-112.0223007,33.50970078
635,-86.8943024,33.51050186
10639,-82.0413208,33.51070404
2255,-112.1119614,33.51074600
10640,-82.0448990,33.51200104
10658,-82.0457993,33.51240158
10633,-82.0482025,33.51250076
10629,-82.0504390,33.51328200
11490,-84.2181210,33.51357600
2280,-112.0473022,33.51390076
20048,-88.4344559,33.51393890
10638,-82.0427017,33.51399994
10647,-82.0417786,33.51426315
6300,-117.1592026,33.51430130
6305,-117.1581345,33.51494980
2413,-111.9261017,33.51549911
2244,-112.0310974,33.51660156
10637,-82.0430985,33.51660156
6303,-117.1613007,33.51679993
10625,-82.0430985,33.51679993
4204,-117.7578964,33.51689911
10654,-82.0378342,33.51730347
20051,-88.4031830,33.51754379
2207,-112.0042280,33.51780900
28615,-81.7169571,33.51814651
20049,-88.4134979,33.51829910
659,-86.8066025,33.51860046
20046,-88.4395981,33.51950073
666,-86.8097000,33.51959991
28612,-81.7183991,33.52118683
29107,-80.8827972,33.52140045
29109,-80.8550796,33.52178955
634,-86.8496018,33.52199936
6301,-117.1654968,33.52316666
11539,-82.5046997,33.52330017
11542,-82.5044022,33.52339935
2446,-111.9260025,33.52510071
662,-86.8090973,33.52529907
20050,-88.4361030,33.52633500
630,-86.7171173,33.52687073
2444,-111.9260025,33.52750015
923,-86.7165050,33.52780700
31724,-101.8958969,33.52840042
31728,-101.8957977,33.52840042
31730,-101.8956985,33.52840042
31733,-101.8815994,33.52849960
31743,-101.8684998,33.52849960
20069,-90.1980743,33.52889633
4203,-117.7723999,33.52989960
2426,-111.9256973,33.52999878
4215,-117.7733002,33.53030014
657,-86.7149240,33.53067200
661,-86.6967700,33.53071300
4206,-117.7743988,33.53129959
2437,-111.9621964,33.53129959
2022,-112.2570690,33.53176800
926,-86.6802979,33.53290176
2020,-112.2631750,33.53292100
31742,-101.8441238,33.53304291
31727,-101.9138031,33.53340149
31721,-101.9187012,33.53369904
31740,-101.8452790,33.53416300
11169,-83.4560547,33.53480530
924,-86.6897965,33.53549957
31746,-101.9263992,33.53599930
31734,-101.9274979,33.53620148
4209,-117.7795029,33.53779984
2452,-111.9036026,33.53829956
29101,-80.8080460,33.53845900
29106,-80.8334579,33.53883743
31725,-101.8417969,33.53917313
2019,-112.1875000,33.54000092
11484,-84.2000110,33.54008600
31731,-101.8458023,33.54119873
2451,-111.9261017,33.54240036
31741,-101.8458023,33.54240036
4211,-117.7864990,33.54309845
645,-86.7610016,33.54330063
31717,-101.8444977,33.54470062
2439,-111.9259033,33.54600143
29103,-80.8135986,33.54600143
5791,-117.6741028,33.54619980
29104,-80.8820038,33.54790115
11494,-84.2760790,33.54856400
4202,-117.8011017,33.54880142
29105,-80.8815002,33.54949951
2311,-112.0477982,33.54980087
31735,-101.8547363,33.55025482
11585,-84.5364304,33.55053329
11489,-84.2807999,33.55170059
11488,-84.2722015,33.55229950
11487,-84.2649140,33.55275400
2331,-112.1120224,33.55343246
11491,-84.2735977,33.55350113
29100,-80.8272095,33.55378342
30664,-97.8662491,33.55379868
10739,-85.0812670,33.55465100
11228,-84.3470993,33.55469894
2251,-112.0466003,33.55509949
10741,-85.0709000,33.55580139
11231,-84.3087997,33.55590057
11493,-84.2678070,33.55622300
28619,-81.7204971,33.55659866
11173,-83.4751968,33.55699921
29059,-81.9358368,33.55714035
11485,-84.2127991,33.55749893
2319,-112.1137009,33.55789948
11171,-83.4776001,33.56029892
941,-86.5223465,33.56194687
11229,-84.3193970,33.56209946
29188,-80.3339233,33.56256104
2419,-111.9197006,33.56340027
28614,-81.7680950,33.56378200
28613,-81.7473526,33.56491852
11235,-84.3201065,33.56547928
2432,-111.9201965,33.56560135
28607,-81.7353668,33.56583023
11233,-84.3434372,33.56603241
2298,-112.1038971,33.56750107
11582,-84.5397339,33.56759262
2323,-112.1150970,33.56760025
11579,-84.5392990,33.56930161
11580,-84.5398026,33.57030106
1250,-92.8366013,33.57031250
2263,-112.1169968,33.57239914
11232,-84.3394012,33.57320023
2011,-111.7613430,33.57478800
2258,-112.1161880,33.57524872
2429,-111.9260025,33.57569885
28995,-79.0281982,33.57730103
2421,-111.9257965,33.57759857
31738,-101.8999023,33.57770157
11234,-84.3454971,33.57830048
11230,-84.3398972,33.57929993
2289,-112.1200027,33.57960129
2299,-112.1150970,33.57979965
4600,-117.6705017,33.58000183
1047,-86.5086899,33.58050537
11483,-84.1461029,33.58144760
11060,-84.3753967,33.58150101
2266,-112.1145020,33.58200073
2435,-111.8954010,33.58219910
11062,-84.3759994,33.58240128
2409,-111.7889023,33.58250046
2459,-111.8862991,33.58390045
28867,-78.9919968,33.58430099
2243,-112.1145020,33.58470154
4220,-117.6895981,33.58549881
11584,-84.5158150,33.58584800
10966,-84.3779450,33.58636475
1249,-92.8013830,33.58669300
2442,-111.9604034,33.58720016
31732,-101.8552017,33.58829880
2252,-112.1166000,33.58980179
31737,-101.8552017,33.59000015
2284,-112.1166992,33.59059906
31726,-101.8870773,33.59216309
811,-86.8031006,33.59239960
814,-86.8029022,33.59239960
948,-86.1219330,33.59474182
2312,-112.0651016,33.59479904
32268,-96.5981522,33.59650421
1159,-86.6472015,33.59889984
2408,-111.7562027,33.59949875
1639,-91.7938995,33.60010147
1944,-114.5251999,33.60260010
1076,-85.8331528,33.60263824
1083,-85.8317050,33.60299700
1099,-86.2828674,33.60383606
10853,-83.8302002,33.60440063
947,-86.1185989,33.60520172
29213,-78.9726791,33.60540771
31175,-97.1567310,33.60565600
3119,-114.6033096,33.60584259
2567,-112.3010025,33.60599899
3117,-114.6029968,33.60639954
3118,-114.6018830,33.60646300
1075,-85.8290024,33.60670090
3115,-114.5416031,33.60789871
810,-86.8024979,33.60800171
2415,-111.9260025,33.60810089
1086,-85.8280640,33.60854721
812,-86.8076019,33.60889816
813,-86.8078995,33.60940170
4818,-117.9300613,33.60980606
3112,-114.6063995,33.60990143
1098,-86.2807007,33.61000061
3116,-114.6064987,33.61009979
3114,-114.5892639,33.61034775
1081,-85.7860031,33.61040115
28606,-81.6923981,33.61069870
1085,-85.7865295,33.61199188
1077,-85.7909012,33.61220169
10965,-84.4026184,33.61253738
1078,-85.7889640,33.61374100
2462,-111.8937988,33.61420059
10773,-84.4401016,33.61420059
10777,-84.4431992,33.61460114
10962,-84.4018021,33.61479950
10787,-84.4403458,33.61495209
10963,-84.3963650,33.61616400
4807,-117.9170990,33.61669922
4816,-117.8787994,33.61700058
29214,-78.9615021,33.61709976
10852,-83.8415985,33.61859894
4815,-117.8739014,33.61880112
4814,-117.8860016,33.61890030
4813,-117.9209650,33.61892900
29212,-78.9740219,33.61978149
1079,-85.7829971,33.62030029
4809,-117.9309998,33.62070084
31178,-97.1501007,33.62329865
2205,-112.0033000,33.62420000
31176,-97.1527023,33.62450027
10776,-84.4554977,33.62469864
10781,-84.4619980,33.62480164
10789,-84.4546967,33.62480164
10779,-84.4542541,33.62482834
2278,-112.1132965,33.62530136
2305,-112.1138992,33.62540054
10788,-84.4524994,33.62609863
10602,-84.4522018,33.62609863
10784,-84.4522018,33.62620163
10780,-84.4517975,33.62630081
10967,-84.3856735,33.62663269
2414,-111.9256973,33.62680054
10616,-84.4578018,33.62680054
4097,-117.7169037,33.62699890
864,-85.5946350,33.62706375
4219,-117.7235031,33.62720108
4235,-117.7170029,33.62730026
2461,-111.9368973,33.62760162
10785,-84.4581986,33.62760162
4236,-117.7164001,33.62839890
10778,-84.4625340,33.62846300
10782,-84.4512024,33.63109970
1637,-91.8023987,33.63169861
2237,-112.2372589,33.63256073
2436,-111.9121017,33.63489914
2241,-112.2331009,33.63650131
2240,-112.2416992,33.63700104
2455,-111.9257278,33.63703918
2242,-112.2360001,33.63719940
2239,-112.2352982,33.63740158
2571,-112.3283310,33.63757324
2420,-111.9255981,33.63759995
2238,-112.2205963,33.63819885
3496,-117.9207916,33.63820267
2021,-112.2267990,33.63840103
2568,-112.3284988,33.63850021
2018,-112.1781235,33.63866425
2445,-111.9253006,33.63880157
2410,-111.9255981,33.63890076
1160,-86.6168976,33.63890076
20330,-88.7060013,33.63899994
2456,-111.9255981,33.63909912
1251,-92.8386993,33.63949966
2257,-112.0947113,33.63984680
1161,-86.6149979,33.64009857
2286,-112.1141968,33.64039993
2249,-112.1141968,33.64070129
2450,-111.8967972,33.64080048
31179,-97.1550980,33.64319992
2316,-112.1147003,33.64379883
2454,-111.9076996,33.64400101
823,-86.8312640,33.64517200
3495,-117.9154968,33.64519882
4238,-117.6887970,33.64524078
2416,-111.9159012,33.64559937
2425,-111.8956985,33.64569855
2447,-111.9164963,33.64780045
3491,-117.9115982,33.64830017
1638,-91.7981033,33.64889908
4023,-117.9901962,33.64970016
3488,-117.9088974,33.65100098
10828,-84.0000992,33.65140152
2326,-112.1165924,33.65158463
10833,-84.0109024,33.65309906
32265,-96.6073532,33.65325928
4095,-117.7394028,33.65330124
4100,-117.7145004,33.65370178
4817,-117.8672028,33.65399933
31174,-97.1558991,33.65449905
10607,-84.3684998,33.65459824
4020,-117.9981995,33.65470123
10831,-84.0056000,33.65480042
10827,-84.0122833,33.65573883
4230,-117.2966690,33.65786362
4092,-117.7547989,33.65869904
4237,-117.6976013,33.65869904
10520,-84.4300995,33.65890121
10589,-84.4281998,33.65890121
10521,-84.4353561,33.65892410
10553,-84.4337006,33.65900040
10547,-84.4247971,33.65909958
4015,-118.0051880,33.65950012
2569,-112.3780975,33.66019821
11007,-84.4227982,33.66149902
11006,-84.4225998,33.66180038
10953,-84.4293976,33.66230011
10952,-84.4283981,33.66230011
10531,-84.4302979,33.66310120
4089,-117.7723999,33.66320038
31923,-95.5102005,33.66339874
10516,-84.4281006,33.66339874
29052,-78.9132996,33.66339874
10826,-84.0326157,33.66442490
10830,-84.0271988,33.66479874
5873,-117.8799973,33.66519928
3486,-117.8947983,33.66529846
31927,-95.5112991,33.66590118
29039,-78.9176025,33.66600037
31926,-95.5112991,33.66640091
2388,-114.2198029,33.66680145
4812,-117.8641100,33.66692300
32266,-96.6122971,33.66709900
32264,-96.6114807,33.66720963
10832,-84.0343018,33.66730118
4239,-117.6653976,33.66770172
4811,-117.8610992,33.66790009
4820,-117.8645020,33.66820145
3498,-117.9184799,33.66871262
32267,-96.6111984,33.66929626
2260,-112.1213989,33.66960144
29022,-78.9035034,33.67129898
28999,-78.9035034,33.67179871
3742,-117.6574020,33.67240143
3743,-117.6577988,33.67259979
29012,-78.9009857,33.67400742
2281,-112.1172028,33.67520142
4094,-117.8618011,33.67549896
29051,-78.8985672,33.67589188
4098,-117.7594986,33.67599869
29009,-78.8984985,33.67599869
4088,-117.8610580,33.67634800
29038,-78.8971024,33.67733765
1494,-93.6018982,33.67829895
29013,-78.8955002,33.67879868
4096,-117.8411026,33.67890167
4099,-117.8508987,33.67969894
3497,-117.8919983,33.67990112
1498,-93.6082993,33.68080139
4016,-117.9885025,33.68099976
2303,-111.9681015,33.68140030
1495,-93.6098023,33.68140030
4091,-117.8499985,33.68180084
28949,-79.8247986,33.68220139
1493,-93.6115036,33.68360138
3490,-117.8858032,33.68389893
11524,-85.2622000,33.68460000
3489,-117.8855972,33.68600082
1497,-93.5962982,33.68650055
4993,-116.4077988,33.68669891
3494,-117.9142140,33.68682300
4090,-117.8594971,33.68690109
4093,-117.8597031,33.68700027
29050,-78.9568090,33.68717800
10686,-85.1529999,33.68820190
10688,-85.1527023,33.68840027
31925,-95.5538330,33.68862152
4198,-116.3079987,33.68880081
10829,-83.9517975,33.68960190
3499,-117.8849030,33.69020081
3493,-117.8809967,33.69020081
3492,-117.9240036,33.69129944
3500,-117.8809967,33.69160080
11128,-84.0899000,33.69480000
4057,-116.2338028,33.69530106
28969,-80.2228012,33.69599915
5864,-117.8658981,33.69779968
11129,-84.1160965,33.69979858
5865,-117.8694000,33.70019913
3484,-117.9195023,33.70180130
28998,-78.8659973,33.70420074
28971,-80.2452011,33.70470047
10899,-84.1713486,33.70482635
10895,-84.1741028,33.70510101
5862,-117.9194031,33.70569992
29008,-78.9116135,33.70743179
3779,-117.9562988,33.70859909
3777,-117.9554977,33.70859909
5866,-117.8532028,33.70859909
29049,-78.9107971,33.70890045
4985,-116.3905029,33.70949936
5869,-117.8536987,33.70999908
5868,-117.8511963,33.71020126
5859,-117.8535995,33.71060181
4062,-116.2382965,33.71070099
5871,-117.8521576,33.71144867
6261,-118.0631104,33.71199417
4022,-117.9891968,33.71210098
29026,-78.9293976,33.71220016
5861,-117.8504715,33.71279907
29011,-78.8862000,33.71340179
10687,-85.1420975,33.71419907
29029,-78.9244995,33.71419907
10897,-84.2726974,33.71480179
29030,-78.8889999,33.71490097
4998,-116.3790970,33.71559906
29048,-78.9298019,33.71559906
6260,-118.0692380,33.71597800
4051,-116.3386002,33.71640015
4063,-116.2407990,33.71640015
3778,-117.9695663,33.71677399
5831,-118.2828979,33.71770096
4995,-116.3784820,33.71776300
6234,-117.1885986,33.71849823
29023,-78.8825989,33.71900177
29045,-78.8696976,33.71920013
29019,-78.8771973,33.72029877
4988,-116.3843002,33.72040176
4989,-116.3842010,33.72050095
4991,-116.3615036,33.72119904
4053,-116.3298035,33.72180176
4050,-116.3302994,33.72190094
28997,-78.9340880,33.72374200
11615,-84.9376297,33.72406387
4017,-117.9881134,33.72510147
4056,-116.1992035,33.72650146
11613,-84.9394989,33.72819901
4058,-116.2313700,33.72827900
2418,-111.8604965,33.73009872
10915,-84.7590027,33.73030090
10914,-84.7386017,33.73040009
10918,-84.7612305,33.73045731
4055,-116.2368011,33.73089981
4984,-116.4059982,33.73279953
4021,-117.9983902,33.73323822
4060,-116.2329025,33.73450470
6508,-117.9895020,33.73690033
10900,-84.2294998,33.73730087
4036,-116.7287650,33.73808200
29033,-78.8209000,33.73960114
29041,-78.8165970,33.74160004
5834,-118.2925034,33.74219894
29035,-78.8155975,33.74219894
10556,-84.3874969,33.74240112
10495,-84.3878021,33.74250031
4041,-116.7101920,33.74303700
5832,-118.2925034,33.74309921
574,-85.7931061,33.74431610
6055,-118.1054001,33.74499893
4997,-116.3561020,33.74549866
5870,-117.8459990,33.74573700
3973,-117.0127330,33.74602000
29024,-78.8199005,33.74620056
3974,-117.0099030,33.74729919
3972,-116.9990997,33.74729919
10496,-84.4055023,33.74750137
3971,-116.9793015,33.74760056
4018,-118.0406036,33.74810028
5201,-116.4078979,33.74860001
29025,-78.9605026,33.75049973
29046,-78.9596405,33.75072861
29034,-78.8086014,33.75080109
10913,-84.7154922,33.75156021
10916,-84.7155991,33.75180054
10917,-84.7202640,33.75257000
10601,-84.3890991,33.75389862
10892,-84.2349014,33.75419998
5863,-117.9194641,33.75593185
10586,-84.3888321,33.75706863
4331,-118.1108530,33.75750900
10609,-84.3903060,33.75757100
5860,-117.8161011,33.75759888
20037,-90.7161636,33.75813293
4038,-116.7387200,33.75822000
4311,-118.2014008,33.75839996
29042,-78.7925034,33.75839996
10597,-84.3873978,33.75849915
20038,-90.7157974,33.75880051
10584,-84.3943024,33.75880051
6507,-118.0197130,33.75886300
10540,-84.3897018,33.75889969
6505,-118.0286026,33.75899887
10576,-84.3899994,33.75899887
10497,-84.3820038,33.75910187
30958,-96.5860650,33.75946800
10554,-84.3919983,33.75960159
10523,-84.3948975,33.76029968
29043,-78.7885971,33.76079941
10618,-84.3872986,33.76119995
10548,-84.3841019,33.76150131
4996,-116.3024240,33.76154100
10580,-84.3858032,33.76160049
10567,-84.3872986,33.76169968
4309,-118.1148987,33.76319885
10499,-84.3877029,33.76350021
10493,-84.3865000,33.76370000
4322,-118.1921005,33.76399994
30955,-96.5354004,33.76470184
10608,-84.5318985,33.76470184
10611,-84.5226974,33.76490021
4334,-118.1840363,33.76554489
4337,-118.1883011,33.76679993
4328,-118.1921005,33.76689911
3851,-117.9192963,33.76710129
29028,-78.7892990,33.76710129
4319,-118.1993027,33.76729965
5199,-116.4231033,33.76729965
29016,-78.7788680,33.76745500
4986,-116.3029709,33.76759720
4313,-118.1862030,33.76789856
4336,-118.1821976,33.76819992
5203,-116.4225998,33.76850128
20073,-89.8132019,33.76890182
29027,-78.7749023,33.76969910
20072,-89.8244000,33.77050000
10591,-84.3876038,33.77080154
6506,-118.0072340,33.77221000
5202,-116.4455032,33.77249908
4987,-116.3359985,33.77270126
10663,-84.5557938,33.77325821
3852,-117.9933380,33.77356300
5867,-117.8532028,33.77370071
3859,-117.9569168,33.77386475
3855,-117.9079971,33.77450180
3849,-117.9075012,33.77450180
11125,-84.6063003,33.77460098
11123,-84.6059036,33.77460098
10896,-84.2966995,33.77629852
4942,-117.8900986,33.77640152
5872,-117.8675995,33.77700043
3381,-116.4570236,33.77789688
10661,-84.6005325,33.77911758
24485,-116.4644012,33.77970123
5099,-117.2173996,33.77999878
4318,-118.1290970,33.78020096
3853,-117.9144974,33.78089905
10564,-84.3839722,33.78116989
4320,-118.1852036,33.78120041
10621,-84.3831024,33.78170013
11122,-84.6102982,33.78200150
10596,-84.3876038,33.78300095
20070,-89.8318558,33.78446960
10898,-84.2929611,33.78452682
4939,-117.8659363,33.78467178
3383,-116.4581985,33.78630066
10534,-84.3865967,33.78649902
10614,-84.3831024,33.78649902
10581,-84.3884964,33.78670120
10509,-84.3920975,33.78730011
4990,-116.3706970,33.78739929
3858,-117.9149017,33.78749847
4938,-117.8652878,33.78766251
4944,-117.8821190,33.78776600
4937,-117.8203964,33.78779984
3860,-117.9149017,33.78839874
4310,-118.1895981,33.78860092
3856,-117.9149017,33.78870010
4940,-117.8910980,33.78879929
3857,-117.9151640,33.78903900
3384,-116.4845963,33.78960037
4314,-118.1716385,33.78964233
10612,-84.3184814,33.78973770
10498,-84.3879013,33.78990173
4332,-118.1432266,33.78993607
4326,-118.1780670,33.79003700
4312,-118.1541672,33.79030228
10894,-84.3028030,33.79050064
6533,-118.2829971,33.79059982
29018,-78.7614975,33.79190063
11124,-84.6296005,33.79209900
10594,-84.3861008,33.79219818
11222,-83.7347031,33.79249954
2882,-117.9141693,33.79293442
6202,-117.9919357,33.79384232
2850,-117.9143677,33.79388809
11127,-84.6334992,33.79410172
29010,-78.7528000,33.79420090
2894,-117.8892975,33.79430008
2885,-117.9150009,33.79479980
5023,-116.5014038,33.79479980
2854,-117.9143829,33.79602814
11501,-84.1295013,33.79719925
2896,-117.9149017,33.79750061
2841,-117.9150009,33.79819870
2848,-117.9164581,33.79921341
2876,-117.9179993,33.79949951
2868,-117.8993988,33.79949951
2867,-117.9189987,33.79970169
10527,-84.3254013,33.79990005
10528,-84.3261032,33.80030060
1888,-111.9263992,33.80059814
5024,-116.5328751,33.80066681
5019,-116.5415270,33.80116300
5005,-116.5429001,33.80120087
5030,-116.5457001,33.80130005
5029,-116.5431442,33.80136871
10515,-84.4076996,33.80139923
5003,-116.5457001,33.80189896
29097,-78.7270432,33.80198669
2891,-117.9153976,33.80220032
2883,-117.9150009,33.80229950
5032,-116.5403976,33.80239868
2881,-117.9152985,33.80260086
6203,-118.0028220,33.80266300
3528,-118.0299988,33.80300140
4340,-118.0435028,33.80310059
2840,-117.9274979,33.80310059
2825,-117.9256973,33.80319977
2842,-117.9244995,33.80319977
2827,-117.9225998,33.80319977
2859,-117.9240723,33.80325699
2831,-117.9120483,33.80326462
4329,-118.1440964,33.80329895
2874,-117.9157028,33.80329895
2870,-117.9123001,33.80329895
2887,-117.9136963,33.80339813
2849,-117.9030304,33.80345154
4317,-118.1445007,33.80350113
4321,-118.1425018,33.80350113
2893,-117.9120270,33.80353700
2875,-117.9096985,33.80500031
2858,-117.9240036,33.80509949
2865,-117.9098880,33.80545600
2847,-117.9151001,33.80559921
2844,-117.9066010,33.80559921
2888,-117.9096985,33.80680084
6327,-118.3556213,33.80715942
4941,-117.8699036,33.80730057
2877,-117.9237976,33.80739975
28814,-79.0178986,33.80749893
2884,-117.9139404,33.80779648
3529,-118.0310974,33.80799866
3531,-118.0298004,33.80799866
2837,-117.9150009,33.80820084
2855,-117.9148560,33.80870056
4339,-118.0718994,33.80889893
29083,-78.6961975,33.80929947
2879,-117.9151001,33.81010056
4943,-117.8316956,33.81013870
1727,-93.4198303,33.81028366
2857,-117.9233017,33.81029892
2839,-117.9151001,33.81029892
2833,-117.9151001,33.81050110
28811,-79.0298767,33.81099701
4325,-118.1369019,33.81140137
2866,-117.9151001,33.81150055
2898,-117.9136970,33.81246300
2856,-117.9263992,33.81250000
5018,-116.5447170,33.81299600
2873,-117.9140549,33.81404114
28810,-79.0403976,33.81589890
2869,-117.9282990,33.81729889
5033,-116.5324020,33.81750107
6316,-116.4022980,33.81750107
5031,-116.5478973,33.81760025
2871,-117.9154968,33.81769943
2834,-117.9138440,33.81786300
2853,-117.9226456,33.81789780
2838,-117.9225998,33.81790161
5006,-116.5447388,33.81793976
2890,-117.9214020,33.81809998
5239,-118.3836975,33.81869888
5008,-116.5471580,33.81926300
2852,-117.9143219,33.81982422
2892,-117.9228973,33.81990051
5004,-116.5453033,33.81990051
28965,-78.6897430,33.81995773
6335,-118.3246002,33.82099915
2886,-117.9144669,33.82149124
6336,-118.3259811,33.82152557
5022,-116.5479965,33.82210159
6325,-118.3310013,33.82239914
2895,-117.9935640,33.82280900
5007,-116.5290985,33.82310104
10573,-84.3510971,33.82310104
5028,-116.5453033,33.82320023
5013,-116.5434036,33.82329941
5035,-116.5381012,33.82329941
5012,-116.5307007,33.82329941
5015,-116.5468979,33.82350159
11499,-84.1206970,33.82450104
11455,-84.4897461,33.82481384
19997,-88.5532989,33.82519913
10604,-84.3632431,33.82550049
11497,-84.1131973,33.82619858
11565,-84.2552490,33.82638100
11503,-84.1168976,33.82659912
11500,-84.1105728,33.82685852
29081,-78.6712036,33.82730103
11564,-84.2507858,33.82819748
10561,-84.3385010,33.82820129
10508,-84.3385010,33.82839966
11566,-84.2509994,33.82860184
5243,-118.3835983,33.82880020
6332,-118.3561020,33.83119965
3350,-118.2498169,33.83162689
10500,-84.3817978,33.83209991
2872,-117.9666070,33.83263700
3349,-118.2592010,33.83269882
10519,-84.3376999,33.83269882
11502,-84.1987991,33.83280182
10543,-84.3413010,33.83390045
10590,-84.3411026,33.83440018
6328,-118.3534012,33.83480072
2836,-117.9933014,33.83520126
6333,-118.3506012,33.83530045
10593,-84.3681030,33.83530045
4999,-116.5453033,33.83599854
10557,-84.3709030,33.83689880
6334,-118.3515015,33.83769989
6330,-118.3466034,33.83769989
3160,-117.9933014,33.83860016
29098,-78.6648407,33.84019470
10532,-84.3699036,33.84030151
5242,-118.3890839,33.84031677
3353,-118.2594833,33.84090805
10620,-84.3145752,33.84223938
10565,-84.3722992,33.84299850
29092,-78.6611023,33.84299850
11560,-84.2469025,33.84310150
5011,-116.5442160,33.84375100
11561,-84.2442017,33.84379959
2271,-112.0254898,33.84383011
5244,-118.3956985,33.84460068
10525,-84.3695984,33.84460068
3382,-116.4760720,33.84475100
28813,-79.0615006,33.84479904
5026,-116.5454340,33.84503700
10575,-84.3077011,33.84510040
11451,-84.4884033,33.84519958
10537,-84.3690033,33.84519958
5241,-118.3927994,33.84529877
10579,-84.3587036,33.84540176
5025,-116.5466003,33.84579849
5021,-116.5469971,33.84590149
5240,-118.3934021,33.84619904
2861,-117.9771042,33.84636688
11562,-84.2516022,33.84640121
10506,-84.3683014,33.84650040
10588,-84.2516270,33.84720900
5002,-116.5469810,33.84722400
933,-87.2642975,33.84749985
10559,-84.2517014,33.84749985
3167,-117.9978027,33.84780121
10600,-84.3601990,33.84820175
934,-87.2908020,33.84870148
10617,-84.3647995,33.84880066
10530,-84.3153000,33.84920120
10619,-84.3755112,33.84945297
2862,-117.8478012,33.84980011
931,-87.2807388,33.84985352
10598,-84.3622971,33.85029984
3165,-117.9976800,33.85042100
932,-87.2842026,33.85079956
10542,-84.2489014,33.85120010
6331,-118.2903976,33.85160065
10610,-84.2528000,33.85160065
10562,-84.3799973,33.85169983
3159,-117.9981995,33.85250092
11460,-84.0358963,33.85329819
2863,-117.9242000,33.85392000
3163,-117.9981995,33.85419846
6329,-118.3023987,33.85490036
2864,-117.8392029,33.85509872
2878,-117.8890370,33.85533200
3977,-118.3906021,33.85570145
3164,-118.0289250,33.85811400
6326,-118.3122025,33.85839844
3838,-117.9066010,33.85839844
3166,-117.9981995,33.85879898
3162,-117.9978027,33.85900116
3161,-117.9964981,33.85900116
3168,-118.0093994,33.85910034
4192,-118.0292969,33.86100006
32473,-98.5354996,33.86249924
5129,-117.8804016,33.86299896
5131,-117.8803024,33.86299896
3978,-118.3909760,33.86314774
10533,-84.4809036,33.86320114
5130,-117.8686981,33.86330032
10571,-84.4813003,33.86330032
10587,-84.2898407,33.86541748
10510,-84.4729004,33.86560059
3976,-118.3932037,33.86589813
28963,-78.6393356,33.86648560
28964,-78.6370010,33.86740112
3470,-117.5388031,33.86780167
3394,-118.0604019,33.86800003
1833,-112.1470642,33.86960983
10539,-84.4748001,33.87110138
3351,-118.2702026,33.87149811
6554,-117.7409973,33.87179947
6553,-117.7394028,33.87189865
3352,-118.2627029,33.87229919
5238,-118.3617020,33.87269974
28951,-79.7611008,33.87279892
28815,-79.1056290,33.87306213
10511,-84.4657974,33.87409973
1270,-91.4818344,33.87595749
10563,-84.4561997,33.87649918
3019,-118.1511340,33.87656300
10595,-84.3361969,33.87680054
4189,-118.0170975,33.87789917
3837,-117.8780975,33.87789917
3840,-117.8823013,33.87820053
3465,-117.5650024,33.87829971
29218,-79.9957000,33.87860000
3471,-117.5991974,33.87879944
10507,-84.4716034,33.87889862
3468,-117.6015015,33.87910080
10908,-84.2722015,33.87960052
4191,-118.0236969,33.88140106
29087,-78.6014938,33.88149643
11452,-84.4730988,33.88230133
11454,-84.4729004,33.88230133
3466,-117.5820007,33.88249969
10592,-84.4653015,33.88299942
11453,-84.4774017,33.88309860
10603,-84.4682999,33.88309860
10524,-84.4617004,33.88380051
4190,-118.0270004,33.88449860
4469,-118.3958969,33.88479996
3469,-117.5822100,33.88485400
11458,-84.4769974,33.88520050
4258,-118.3522340,33.88919500
3865,-118.2994995,33.88930130
4471,-118.3957977,33.89130020
4468,-118.3961029,33.89160156
21790,-78.4124985,33.89360046
11046,-84.7649002,33.89500046
5983,-118.0461760,33.89532700
4256,-118.3526001,33.89550018
10541,-84.4683991,33.89559937
4259,-118.3526001,33.89699936
11047,-84.7590027,33.89709854
10577,-84.4664993,33.89730072
3943,-118.3786011,33.89939880
10545,-84.4590988,33.90000153
4470,-118.3872986,33.90029907
10514,-84.4749985,33.90039825
10501,-84.4750977,33.90050125
11457,-84.4776993,33.90079880
11192,-84.4757004,33.90079880
5288,-117.4743950,33.90163400
4474,-118.3786011,33.90169907
4832,-118.1064340,33.90196300
11188,-84.4496994,33.90250015
11189,-84.4720001,33.90299988
3640,-118.3830032,33.90399933
5280,-117.4751968,33.90430069
11185,-84.4737015,33.90510178
10551,-84.4633070,33.90621200
11183,-84.4742279,33.90623856
10513,-84.4287033,33.90629959
4825,-117.5603333,33.90824127
11255,-84.2136002,33.90840149
5290,-117.4657516,33.90927887
5283,-117.4661026,33.90959930
32472,-98.5037994,33.90969849
3141,-117.8555570,33.91086700
3139,-117.8564987,33.91109848
11269,-84.2040405,33.91198730
11253,-84.2024870,33.91283800
4833,-118.0707016,33.91320038
10550,-84.3442001,33.91360092
11268,-84.2083969,33.91429901
11250,-84.1992035,33.91500092
3942,-118.3693542,33.91606140
3639,-118.3895035,33.91650009
3138,-117.8868027,33.91759872
4831,-118.0817261,33.91791916
10558,-84.3600998,33.91889954
10560,-84.3531036,33.91889954
10544,-84.3603973,33.91899872
10578,-84.3451996,33.91989899
10505,-84.3514023,33.92050171
10552,-84.3514023,33.92060089
11198,-84.4924927,33.92064285
10512,-84.3388977,33.92139816
11193,-84.4917984,33.92150116
11254,-84.2125015,33.92200089
3636,-118.4069977,33.92219925
4830,-118.1006012,33.92269897
11190,-84.4888992,33.92290115
11177,-84.4806976,33.92290115
11196,-84.4821472,33.92295456
11257,-84.2111969,33.92309952
3633,-118.3927002,33.92350006
3637,-118.3898010,33.92350006
3638,-118.3960037,33.92359924
11182,-84.4823990,33.92430115
29210,-80.3446655,33.92523193
2996,-116.8954010,33.92530060
11277,-84.1753540,33.92538071
2995,-116.9017029,33.92539978
10492,-83.3398972,33.92539978
2997,-116.9009857,33.92573547
10572,-84.3515015,33.92580032
11187,-84.4912033,33.92589951
6512,-118.0262985,33.92599869
10615,-84.3429031,33.92689896
4440,-118.2097244,33.92698669
10566,-84.3557968,33.92699814
11262,-84.1720962,33.92699814
32471,-98.5165024,33.92819977
11273,-84.1800995,33.92940140
11260,-84.2204971,33.92950058
3635,-118.4014969,33.93059921
10526,-84.3460999,33.93059921
32474,-98.5161972,33.93190002
3590,-118.1259995,33.93249893
10529,-84.3811035,33.93249893
32476,-98.5188522,33.93309021
11181,-84.4729004,33.93389893
10605,-84.3440018,33.93389893
11276,-84.2480011,33.93569946
11278,-84.2482986,33.93610001
32470,-98.5169525,33.93615341
3589,-118.1234970,33.93640137
11194,-84.5057297,33.93669891
11175,-84.5054016,33.93669891
11197,-84.5065460,33.93744700
11180,-84.5055008,33.93849945
3591,-118.1308975,33.93899918
4682,-117.2547989,33.93899918
11259,-84.2062000,33.93900000
4684,-117.2330017,33.93920135
819,-86.0029983,33.93920135
10483,-83.4882965,33.94031143
4681,-117.2283020,33.94139862
28666,-81.0791590,33.94174000
11186,-84.5084992,33.94179916
11191,-84.5521011,33.94210052
4071,-118.3699036,33.94300079
11261,-84.2097015,33.94319916
32475,-98.5343170,33.94377899
10938,-84.1304016,33.94400024
11117,-83.9842987,33.94409943
4074,-118.3495483,33.94506454
4077,-118.3480072,33.94506454
4421,-118.3749008,33.94520187
4064,-118.3488007,33.94530106
4405,-118.3914032,33.94540024
4361,-118.3904037,33.94540024
4416,-118.3753967,33.94543839
4350,-118.3658981,33.94549942
4078,-118.3628998,33.94549942
4072,-118.3602982,33.94549942
4073,-118.3679000,33.94553700
4363,-118.3886032,33.94559860
4393,-118.3849030,33.94559860
4373,-118.3817978,33.94559860
10481,-83.4306030,33.94559860
4378,-118.3703003,33.94589996
11251,-84.2405014,33.94589996
10947,-84.1307983,33.94599915
11266,-84.2406006,33.94630051
11275,-84.2403030,33.94680023
4367,-118.3862000,33.94720078
10490,-83.4185409,33.94721222
4369,-118.3858032,33.94779968
10941,-84.1313019,33.94789886
4403,-118.3858032,33.94860077
10934,-84.1299973,33.94860077
10935,-84.1285248,33.94890976
10945,-84.1279983,33.94900131
11256,-84.2325974,33.94919968
10487,-83.4112015,33.94929886
11265,-84.2313995,33.94940186
29202,-80.3766022,33.95019913
11264,-84.2285995,33.95130157
4411,-118.3847351,33.95199966
1055,-86.4652023,33.95299911
10937,-84.1306992,33.95330048
10936,-84.1306992,33.95460129
10942,-84.1302032,33.95470047
29232,-81.0973511,33.95470047
10946,-84.1287994,33.95479965
10949,-84.1285248,33.95486069
11258,-84.2197494,33.95513916
11267,-84.2296982,33.95529938
10482,-83.3886032,33.95529938
11263,-84.2292023,33.95539856
29235,-81.0935669,33.95578384
11280,-84.2178268,33.95590973
10489,-83.3815994,33.95610046
28667,-81.0927734,33.95620728
10484,-83.3827972,33.95660019
29209,-80.3864975,33.95660019
29205,-80.3903122,33.95677185
10488,-83.3780975,33.95679855
28767,-80.9331970,33.95679855
29208,-80.3892975,33.95679855
29211,-80.3916779,33.95685959
28962,-81.2323685,33.95763016
10485,-83.3834000,33.95809937
4382,-118.3844452,33.95943832
11270,-84.2249985,33.96039963
3015,-118.1643448,33.96050262
11272,-84.2098007,33.96060181
4069,-118.3711472,33.96117020
10486,-83.3753967,33.96120071
11115,-84.0500031,33.96129990
4066,-118.3669968,33.96139908
11179,-84.4925003,33.96469879
11391,-84.2235031,33.96540070
2726,-112.7206380,33.96693500
28754,-80.9512024,33.96780014
11114,-84.0236969,33.96799850
28758,-80.9479980,33.96989822
6515,-118.0809720,33.97007700
28784,-80.9493000,33.97053500
2720,-112.7255020,33.97150040
3452,-118.1322632,33.97219086
28797,-80.9544983,33.97315216
822,-86.0173035,33.97340012
11112,-83.9865036,33.97340012
3453,-118.1222000,33.97370148
6516,-118.0372009,33.97520065
5282,-117.3445969,33.97539902
5287,-117.3390760,33.97546300
10944,-84.0925980,33.97620010
4624,-118.1248016,33.97629929
4067,-118.3691025,33.97729874
1461,-93.1810989,33.97760010
2725,-112.7366170,33.97796400
5112,-118.0994034,33.97999954
4368,-118.3947983,33.98040009
6426,-118.4637985,33.98099899
4491,-118.4435440,33.98143700
3517,-118.3919790,33.98143800
4490,-118.4599991,33.98160172
29234,-81.1043014,33.98189926
3520,-118.3972015,33.98239899
820,-86.0056090,33.98251900
4485,-118.4582977,33.98270035
5286,-117.3731003,33.98279953
4494,-118.4423981,33.98289871
4492,-118.4578220,33.98339300
3519,-118.3934021,33.98379898
3412,-117.7098770,33.98546982
28959,-81.2421646,33.98596954
4487,-118.4423981,33.98609924
5285,-117.3729019,33.98609924
5109,-118.0944977,33.98640060
11116,-84.0804340,33.98661000
10940,-84.0880966,33.98699951
6425,-118.4719009,33.98720169
4489,-118.4540024,33.98730087
3921,-117.9327011,33.98860168
28960,-81.2360992,33.98910141
11639,-83.7238998,33.99010086
5314,-117.8893470,33.99193700
28764,-81.0316009,33.99250031
6427,-118.4516983,33.99340057
6468,-117.8696976,33.99340057
21918,-78.4039993,33.99420166
817,-86.0787964,33.99501419
5313,-117.8909988,33.99520111
3449,-118.1556015,33.99580002
26577,-96.3986969,33.99660110
4414,-118.4344025,33.99670029
11113,-84.0183000,33.99680000
816,-86.0905991,33.99747086
28807,-81.0054016,33.99829865
28775,-81.0394974,33.99919891
3450,-118.1472015,33.99929810
3581,-117.8348007,33.99980164
28756,-81.0186005,33.99980164
815,-86.0923996,34.00000000
28780,-81.0255240,34.00069400
29233,-81.1092987,34.00199890
28761,-81.0481033,34.00289917
28755,-81.0269546,34.00371170
3451,-118.1519012,34.00389862
20026,-89.3537960,34.00400700
5996,-118.4917984,34.00619888
6011,-118.4918976,34.00659943
4345,-118.3103561,34.00699997
11074,-84.5713501,34.00770187
11070,-84.5827026,34.00790024
11083,-84.5707016,34.00790024
28961,-81.2045975,34.00799942
11075,-84.5646973,34.00820160
6008,-118.4919968,34.00880051
3522,-118.4134979,34.00889969
6009,-118.4926987,34.00939941
6005,-118.4931030,34.00970078
3521,-118.4151001,34.01029968
6002,-118.4858017,34.01050186
5289,-117.4353340,34.01078500
11081,-84.5730972,34.01089859
11071,-84.5801350,34.01110000
6004,-118.4944992,34.01150131
11178,-84.5560989,34.01169968
6012,-118.4949951,34.01242828
5995,-118.4972000,34.01359940
6003,-118.4978027,34.01390076
6006,-118.4953003,34.01390076
28768,-81.0814972,34.01580048
28799,-81.0811005,34.01589966
28793,-81.0804977,34.01599884
28769,-81.0875015,34.01679993
6001,-118.5005035,34.01760101
598,-86.0742035,34.01800156
4400,-118.2814026,34.01950073
11358,-84.3217490,34.01984900
28779,-81.0764999,34.01990128
3579,-117.8122025,34.02130127
6007,-118.5065002,34.02170181
28800,-80.9567032,34.02259827
28770,-80.9525986,34.02330017
4418,-118.2788010,34.02399826
3518,-118.3940400,34.02411200
11357,-84.3264999,34.02460098
11509,-84.0520020,34.02470016
11068,-84.5678024,34.02619934
6013,-118.4553604,34.02630234
5169,-117.7487730,34.02670000
597,-86.0946198,34.02686310
11510,-84.0485001,34.02740097
11356,-84.3348999,34.02759933
4625,-118.1320038,34.02769852
11506,-84.0478973,34.02769852
11077,-84.5792999,34.02809906
11507,-84.0462036,34.02819824
5994,-118.4802017,34.02840042
10450,-84.2433014,34.02859879
4911,-117.5931015,34.02890015
4936,-117.6504974,34.02909851
3428,-117.9380035,34.02970123
28753,-81.1147003,34.02999878
11067,-84.5775986,34.03020096
28782,-81.1160507,34.03049088
5993,-118.4823990,34.03060150
3413,-117.6896650,34.03157400
4912,-117.6283035,34.03170013
28806,-81.1229401,34.03210068
10757,-85.2452330,34.03276300
11065,-84.5737991,34.03279877
28762,-81.1082993,34.03279877
28798,-81.1161118,34.03299713
4349,-118.4324036,34.03310013
5300,-118.0801010,34.03499985
3411,-117.6895981,34.03509903
11079,-84.5747986,34.03540039
11076,-84.5752029,34.03559875
6124,-118.0427551,34.03566360
5999,-118.4689865,34.03697968
5303,-118.0798035,34.03789902
4446,-118.6742020,34.03839874
10469,-84.3219376,34.03895950
10453,-84.3196030,34.04050064
28789,-81.1140130,34.04090000
6123,-118.0495987,34.04095840
10446,-84.3032989,34.04119873
10447,-84.3252487,34.04130173
10458,-84.3133011,34.04159927
11072,-84.5745010,34.04240036
11069,-84.5754013,34.04370117
28792,-81.1190033,34.04389954
4379,-118.2642975,34.04430008
28802,-81.1213989,34.04449844
4377,-118.4478910,34.04648300
4389,-118.2552032,34.04660034
862,-86.7571030,34.04830170
10455,-84.2832031,34.04890060
23795,-106.8921470,34.04934900
4372,-118.2545013,34.04970169
4394,-118.2538986,34.04990005
4395,-118.2405014,34.04990005
4423,-118.2602005,34.05049896
5168,-117.8206024,34.05049896
10460,-84.2908020,34.05070114
4399,-118.2766342,34.05079269
4388,-118.2425995,34.05110168
10463,-84.2883987,34.05130005
4417,-118.4327011,34.05139923
4374,-118.4173965,34.05220032
10451,-84.2789993,34.05220032
4360,-118.4170990,34.05239868
4398,-118.2499008,34.05279922
4346,-118.2788010,34.05310059
4420,-118.2559967,34.05329895
4359,-118.2716980,34.05466461
4386,-118.4124985,34.05469894
4392,-118.2550964,34.05469894
10943,-84.1744995,34.05519867
4404,-118.3958969,34.05559921
4362,-118.3960037,34.05609894
11508,-84.0829000,34.05630000
4354,-118.3838650,34.05682100
4383,-118.4154830,34.05777100
10714,-83.9975967,34.05849838
4402,-118.2731247,34.05881882
3052,-118.3971024,34.05920029
4355,-118.4388123,34.05995560
4422,-118.4374440,34.06030700
4387,-118.2404022,34.06119919
10468,-84.2870026,34.06169891
4424,-118.3010025,34.06190109
23794,-106.8923111,34.06200027
28801,-81.0233994,34.06250000
3626,-118.0172195,34.06252289
5396,-117.2843330,34.06286800
4347,-118.2391968,34.06299973
4419,-118.4412003,34.06309891
4371,-118.4414978,34.06330109
4932,-117.6128998,34.06340027
4916,-117.6101990,34.06370163
23793,-106.8923035,34.06370163
4934,-117.5659027,34.06389999
4927,-117.6062012,34.06420135
4915,-117.6109009,34.06480026
4914,-117.6111984,34.06499863
4918,-117.6109009,34.06560135
5399,-117.2800293,34.06566238
5394,-117.2829420,34.06566300
4913,-117.6111984,34.06570053
5392,-117.2818985,34.06570053
5393,-117.2807999,34.06570053
5236,-117.2136383,34.06570435
5388,-117.2781601,34.06593704
4364,-118.2985687,34.06608582
4922,-117.5824966,34.06620026
28787,-81.1470032,34.06629944
4677,-118.1342010,34.06639862
3055,-118.4088974,34.06650162
3060,-118.4095993,34.06669998
3061,-118.4003983,34.06679916
3064,-118.3961029,34.06679916
11511,-84.1640015,34.06679916
3053,-118.4122009,34.06700134
4933,-117.6081009,34.06719971
3442,-117.3227005,34.06719971
10939,-84.1680985,34.06779861
28765,-80.9578018,34.06779861
4352,-118.4254990,34.06790161
4935,-117.6112976,34.06819916
5237,-117.2074966,34.06819916
10467,-84.2641983,34.06819916
4921,-117.5644989,34.06850052
3058,-118.4022980,34.06869888
3740,-117.4354340,34.06870700
10466,-84.2602997,34.06919861
23792,-106.8910980,34.06930161
4931,-117.6115036,34.06999969
4924,-117.5758972,34.06999969
23796,-106.8929977,34.07009888
3735,-117.4316254,34.07019806
4413,-118.2493439,34.07039261
5261,-117.3752975,34.07049942
4929,-117.6119766,34.07056427
4910,-117.5550995,34.07080078
673,-86.1240997,34.07080078
3502,-117.8632965,34.07120132
4926,-117.5730972,34.07120132
3063,-118.4001007,34.07130051
10713,-83.9859009,34.07149887
28781,-80.9495010,34.07210159
4390,-118.4680023,34.07220078
6491,-117.8775024,34.07220078
3057,-118.3956985,34.07229996
4370,-118.3895035,34.07229996
6489,-117.8788986,34.07239914
6490,-117.8768005,34.07239914
4909,-117.5464020,34.07260132
4353,-118.3725967,34.07279968
28766,-80.9727020,34.07300186
28791,-80.9476013,34.07329941
4923,-117.5561981,34.07360077
10417,-84.6556015,34.07379913
10414,-84.6549988,34.07419968
4344,-118.4688310,34.07459300
23797,-106.8908157,34.07472229
28805,-80.9469376,34.07512665
10413,-84.6546020,34.07519913
28774,-81.1430969,34.07519913
28788,-80.9427630,34.07538200
28760,-81.1510010,34.07559967
28783,-80.9466660,34.07571800
28778,-81.1589966,34.07590103
28808,-81.1587240,34.07595000
4407,-118.3777008,34.07600021
4366,-118.3743973,34.07600021
4376,-118.2853012,34.07609940
4928,-117.6208200,34.07746300
28773,-80.9459000,34.07749939
5197,-117.5761380,34.07762200
4917,-117.6262970,34.07770157
5170,-117.7600021,34.07789993
28759,-80.9393539,34.07849884
10411,-84.6548004,34.07860184
28771,-81.1549988,34.07860184
11640,-84.5375366,34.07912064
3056,-118.3899002,34.07929993
5200,-117.5530014,34.07939911
5738,-118.1028976,34.07970047
3054,-118.4120026,34.08160019
10416,-84.6548309,34.08171844
3431,-117.7185669,34.08262253
28757,-80.9395850,34.08366900
3995,-118.3271255,34.08373260
6493,-118.3777008,34.08390045
10415,-84.6557007,34.08399963
10412,-84.6564178,34.08403397
4412,-118.1807022,34.08509827
10711,-83.9468002,34.08530045
4381,-118.4451981,34.08549881
11642,-84.5229034,34.08570099
6498,-118.3835983,34.08720016
4002,-118.3876038,34.08739853
11641,-84.5307007,34.08739853
10459,-84.2649994,34.08739853
10464,-84.2696991,34.08769989
10457,-84.2698975,34.08779907
10712,-83.9977035,34.08810043
6394,-117.6720963,34.08869934
10461,-84.2586975,34.08879852
3990,-118.3790330,34.08963900
6494,-118.3853989,34.08969879
28943,-81.1635971,34.09099960
10465,-84.2705002,34.09120178
28942,-81.1634979,34.09130096
10709,-84.0075989,34.09299850
4005,-118.2908325,34.09320450
10456,-84.2389984,34.09429932
6497,-118.3750992,34.09460068
6495,-118.3741989,34.09479904
2811,-118.1283035,34.09479904
4351,-118.3729019,34.09500122
6492,-118.3730011,34.09529877
6496,-118.3704900,34.09632200
28777,-80.8557968,34.09709930
3993,-118.3412628,34.09803772
3991,-118.3421402,34.09807587
10454,-84.2639008,34.09809875
4004,-118.3442001,34.09859848
4008,-118.3091965,34.09920120
3998,-118.3420029,34.10139847
3994,-118.3065720,34.10156250
4003,-118.3404007,34.10309982
4006,-118.3387985,34.10309982
4391,-118.3424988,34.10409927
28763,-80.9558029,34.10430145
5198,-117.5670013,34.10509872
3988,-118.3234024,34.10530090
10452,-84.2832031,34.10599899
5574,-117.8186035,34.10670090
5573,-117.8160477,34.10670090
3989,-118.3376999,34.10689926
6395,-117.6365967,34.10720062
5397,-117.2965317,34.10829926
5575,-117.8210983,34.10839844
10957,-82.8611298,34.10871124
10449,-84.2976990,34.10919952
5391,-117.3000031,34.11046219
1195,-93.0576019,34.11199951
2347,-109.8918710,34.11413700
6499,-118.8526993,34.11470032
1198,-93.0614014,34.11759949
859,-87.9895020,34.11780167
10685,-83.8246994,34.11790085
10683,-83.7582016,34.11790085
6586,-116.4307327,34.12063980
5070,-118.1328964,34.12160110
6589,-116.4090195,34.12484360
2352,-109.9296036,34.12580109
2353,-109.9451981,34.12810135
4375,-118.3462982,34.12839890
860,-87.9897003,34.12850189
2228,-111.1978989,34.12919998
699,-86.9364014,34.12990189
11050,-83.5937042,34.13239288
2561,-109.2847519,34.13341522
2348,-109.9490967,34.13430023
2351,-109.9491230,34.13452000
6370,-116.1029968,34.13479996
6373,-116.0958023,34.13510132
2215,-114.2803530,34.13549800
6374,-116.0794840,34.13563700
3984,-117.2222977,34.13570023
5390,-117.2568283,34.13593674
4396,-118.3418732,34.13700485
6392,-118.3572006,34.13769913
4356,-118.2155685,34.13953400
4620,-117.9829788,34.13956070
3594,-117.9722977,34.13970184
2919,-118.0364990,34.13980103
2914,-118.0246964,34.14020157
2918,-118.0235977,34.14020157
2916,-118.0233002,34.14020157
4621,-118.0158997,34.14020157
2920,-118.0252991,34.14110184
32404,-99.3224029,34.14189911
2917,-118.0253983,34.14210129
5075,-118.1446991,34.14229965
2915,-118.0221024,34.14239883
3887,-118.2553024,34.14250183
5067,-118.1411972,34.14260101
3882,-118.2558975,34.14270020
861,-87.9914060,34.14283700
4348,-118.2284012,34.14289856
3886,-118.2551498,34.14329910
3194,-118.7008667,34.14498138
2798,-118.7789001,34.14500046
6231,-118.4126968,34.14519882
6228,-118.4135437,34.14527893
2796,-118.7825012,34.14530182
4828,-118.3704987,34.14569855
5069,-118.1057968,34.14590073
5072,-118.1256027,34.14599991
5073,-118.0815277,34.14609146
5063,-118.0768967,34.14609909
5064,-118.0756989,34.14609909
5068,-118.0766678,34.14616394
5076,-118.0900803,34.14633560
6500,-118.8154984,34.14799881
5066,-118.1503983,34.14910126
4622,-118.0205994,34.14910126
5078,-118.1416016,34.14920044
3195,-118.6494980,34.15140152
3169,-118.3419037,34.15219879
2211,-114.2870026,34.15230179
3880,-118.2643967,34.15409851
3174,-118.3454971,34.15530014
4827,-118.4080963,34.15750122
3884,-118.2351990,34.15769958
32405,-99.2848710,34.15910800
32403,-99.2830963,34.15950012
10746,-84.7467041,34.15969467
10743,-84.7454376,34.15998077
11103,-83.9974976,34.16009903
10753,-84.7893448,34.16066360
28837,-79.8580017,34.16080856
5395,-117.3339790,34.16181900
5389,-117.3322372,34.16308212
3170,-118.3257980,34.16490173
3171,-118.3249969,34.16569901
6549,-118.5929031,34.16709900
10751,-84.7853622,34.16950989
6547,-118.5727997,34.17020035
6546,-118.5720978,34.17060089
4955,-119.2254028,34.17070007
6075,-118.4664001,34.17079926
26533,-97.1297000,34.17170000
697,-86.8602371,34.17189026
26523,-97.1590118,34.17268753
26526,-97.1625977,34.17269897
26524,-97.1617966,34.17269897
26522,-97.1623993,34.17319870
4956,-119.1653976,34.17340088
6314,-118.9423000,34.17400000
1199,-93.0708313,34.17711639
26527,-97.1389999,34.17760086
28967,-80.6883316,34.17795563
3179,-118.3077920,34.17806200
6315,-118.8793520,34.17830400
1190,-93.0712967,34.17850113
4957,-119.2349014,34.17910004
6550,-118.6036987,34.17910004
3175,-118.3081970,34.17940140
10855,-84.1339035,34.17979813
1197,-93.0712920,34.17983700
1191,-93.0698013,34.18099976
10854,-84.1376648,34.18238831
31943,-101.7473984,34.18450165
23651,-103.3375015,34.18460464
31942,-101.7485962,34.18560028
6548,-118.5971985,34.18590164
6551,-118.6087112,34.18616486
26534,-97.1081009,34.18769836
26528,-97.1081009,34.18830109
4954,-119.1759033,34.18870163
20036,-90.5802002,34.18870163
31944,-101.7538223,34.18876648
28850,-79.8348590,34.18903000
28840,-79.8382034,34.18920135
10822,-83.4935989,34.18960190
28651,-80.2132340,34.19053268
28848,-79.8355026,34.19129944
20035,-90.5731583,34.19138718
3173,-118.3348999,34.19169998
3172,-118.3339005,34.19169998
31945,-101.7435670,34.19356300
3272,-118.5718002,34.19369888
28661,-80.9753037,34.19440079
3176,-118.3488007,34.19499969
3177,-118.3373413,34.19597244
28906,-82.1351852,34.19642639
1718,-92.0540008,34.19739914
28835,-79.8131027,34.19739914
674,-86.1499100,34.19746399
28846,-79.8386002,34.19869995
28839,-79.8385010,34.19879913
3273,-118.5882670,34.19983700
3178,-118.3395309,34.19998932
22123,-77.8009033,34.20019913
22059,-77.9225998,34.20069885
6421,-118.4860992,34.20249939
28852,-79.7660980,34.20280075
5260,-118.5349350,34.20526505
10748,-84.7632980,34.20539856
10745,-84.7694092,34.20545959
10821,-83.4563751,34.20579910
695,-86.8740997,34.20600128
10755,-84.7540436,34.20628357
28907,-82.1899033,34.20629883
700,-86.8330994,34.20709991
4829,-118.3965988,34.20750046
702,-86.8801498,34.20753860
701,-86.8785477,34.20759964
4226,-117.1082993,34.20769882
3275,-118.6061650,34.20899000
28909,-82.1757965,34.20949936
696,-86.8700027,34.20999908
22127,-77.7990230,34.21014100
10742,-84.7567978,34.21149826
28905,-82.1731338,34.21155167
10752,-84.7565660,34.21192300
1723,-91.9698029,34.21300125
1720,-91.9676971,34.21319962
4960,-119.1775970,34.21369934
28966,-80.7036972,34.21580124
10818,-83.4683000,34.21590000
3233,-119.0049973,34.21590042
28908,-82.1577988,34.21680069
3235,-119.0495987,34.21699905
28910,-82.1659012,34.21739960
3238,-119.0494000,34.21887800
22125,-77.7869034,34.21939850
3230,-119.0670013,34.21979904
6423,-118.4719009,34.22019958
3236,-119.0718994,34.22109985
3234,-119.0667572,34.22165298
675,-86.1334992,34.22169876
11353,-85.1527023,34.22340012
11349,-85.1523972,34.22340012
3237,-119.1028976,34.22349930
11283,-83.8816986,34.22420120
11351,-85.1588974,34.22539902
11343,-85.1566009,34.22570038
2231,-111.3339930,34.22612100
28845,-79.7962380,34.22693900
28832,-79.7967987,34.22729874
28833,-79.7921829,34.22730255
28841,-79.7969971,34.22760010
28838,-79.7976913,34.22866440
10824,-83.4785004,34.22880173
28843,-79.7984009,34.22909927
28834,-79.8050995,34.22940063
4959,-119.1986008,34.22949982
28662,-80.4925003,34.23009872
2220,-111.3249969,34.23030090
28851,-79.8003006,34.23030090
28847,-79.8013840,34.23056793
22058,-77.8354034,34.23099899
28836,-79.8024674,34.23180771
28853,-79.8027954,34.23211288
11282,-83.8888016,34.23300171
1716,-92.0436020,34.23310089
22080,-77.9471130,34.23417282
28849,-79.8070297,34.23611832
2224,-111.3227997,34.23789978
2227,-111.3230972,34.23910141
22068,-77.9102480,34.23918900
10749,-84.7763977,34.23929977
2540,-110.0592880,34.23935699
22049,-77.8700027,34.23948288
22061,-77.9502029,34.23960114
22077,-77.9012985,34.24065018
22045,-77.9503021,34.24079895
22051,-77.8704987,34.24119949
3071,-116.9094009,34.24129868
22083,-77.8946228,34.24156189
22054,-77.8776016,34.24200058
3087,-116.9158880,34.24329400
22050,-77.8867035,34.24340057
22071,-77.8839645,34.24356079
22044,-77.8852005,34.24359894
22052,-77.8810883,34.24369049
3074,-116.9214020,34.24369812
22063,-77.8816986,34.24380112
10737,-84.4882430,34.24451000
22084,-77.8781586,34.24465942
22075,-77.8785248,34.24475098
22067,-77.8765030,34.24520111
6437,-119.1933120,34.24567100
22065,-77.8714981,34.24570084
2537,-110.0501328,34.24588013
2536,-110.0495987,34.24639893
28664,-80.5989914,34.24695587
3395,-118.6062012,34.24810028
6442,-119.2591019,34.24869919
2538,-110.0448990,34.24869919
3397,-118.6051025,34.24980164
2221,-111.3227005,34.25030136
6435,-119.2111969,34.25120163
10819,-83.4608994,34.25260162
11350,-85.1744003,34.25279999
22072,-77.8495026,34.25289917
10735,-84.4700928,34.25374603
10823,-83.4666440,34.25586900
2535,-110.0213640,34.25619700
10738,-84.4704971,34.25619888
20062,-88.4041672,34.25659180
10825,-83.4628982,34.25699997
3396,-118.5953217,34.25706482
10816,-83.4629974,34.25709915
20299,-88.6869990,34.25755400
1817,-92.0976028,34.25830078
3085,-116.8683220,34.25965700
1818,-92.1007996,34.25979996
11348,-85.1667557,34.26016998
4598,-118.4676971,34.26229858
28842,-79.7011032,34.26424026
6438,-119.2725490,34.26693600
20302,-88.7155330,34.26862100
6081,-118.7965012,34.26879883
6436,-119.2725983,34.26955795
20300,-88.7156982,34.27019882
20304,-88.7153320,34.27020264
20303,-88.7156677,34.27192688
20298,-88.7156982,34.27199936
11352,-85.1815567,34.27234650
555,-86.2026977,34.27360153
29058,-81.6211014,34.27389908
6440,-119.2814026,34.27479935
691,-85.8797760,34.27521515
20297,-88.6887970,34.27529907
6439,-119.2759690,34.27534500
10750,-84.8148956,34.27579498
20295,-88.7136154,34.27630234
6433,-119.2950974,34.27669907
6444,-119.2891006,34.27809906
6430,-119.2886963,34.27809906
6077,-118.6960000,34.27890000
6431,-119.2979965,34.27949905
6079,-118.7612000,34.28060150
6080,-118.7611330,34.28133700
20306,-88.7158966,34.28369904
10984,-83.7979020,34.28616500
11359,-83.0964508,34.28791046
10988,-83.8318024,34.28990173
10983,-83.8311997,34.29140091
10986,-83.8304890,34.29279700
10981,-83.8201981,34.29619980
10987,-83.8199539,34.30101395
6274,-118.4772186,34.30233002
10418,-84.9888992,34.30250168
856,-86.2860718,34.30431747
849,-86.2864990,34.30459976
20000,-89.9210205,34.30848312
29133,-80.9975510,34.30856323
29057,-81.5768127,34.30881119
19999,-89.9254761,34.31019592
20002,-89.9271011,34.31029892
22031,-78.6933975,34.31169891
20294,-88.7031021,34.31389999
20301,-88.6921005,34.31570053
580,-86.5028992,34.32170105
6272,-118.4602966,34.32189941
850,-86.3131027,34.32289886
22030,-78.7085037,34.33639908
20001,-89.8945999,34.33810043
851,-86.3131027,34.33810043
20307,-88.8171997,34.34669876
11008,-82.8992996,34.34899902
20229,-89.5234222,34.35315323
29088,-79.4782028,34.35350037
11009,-82.9181976,34.35409927
10889,-84.0419006,34.36136246
20234,-89.5609970,34.36259842
10890,-84.0417328,34.36265182
20230,-89.5557022,34.36429977
20231,-89.5556030,34.36429977
28920,-80.0691071,34.36621857
26535,-96.1405029,34.36669922
10419,-84.9272995,34.36859894
28921,-80.0699005,34.37360001
5944,-118.5661011,34.37710190
6412,-118.5686035,34.37829971
6206,-118.5693970,34.37860107
6204,-118.5698776,34.37998581
6205,-118.5718002,34.38150024
5106,-117.5784988,34.39229965
3342,-119.5101700,34.39282227
3345,-119.5116340,34.39361600
23535,-103.1709976,34.39590073
1628,-92.8264999,34.39619827
23534,-103.1887970,34.39770126
3343,-119.5176090,34.39822000
1630,-92.8267136,34.39908218
3340,-119.5262985,34.40190125
3344,-119.5334350,34.40511000
5875,-119.6932983,34.40850067
5922,-119.6928690,34.40904400
5883,-119.6949997,34.40909958
5918,-119.6965027,34.40990067
5882,-119.6960983,34.40990067
5898,-119.6976490,34.41028700
5903,-119.6976013,34.41030121
5893,-119.6893997,34.41199875
5894,-119.6953964,34.41650009
5914,-119.6719971,34.41680145
5897,-119.6959000,34.41699982
5889,-119.6456985,34.41749954
6411,-118.5628967,34.41770172
10888,-84.1195984,34.41849899
6233,-119.5932007,34.41979980
5881,-119.6451035,34.42100143
5901,-119.6409988,34.42129898
29238,-81.1047974,34.42200089
6407,-118.5817032,34.42219925
6410,-118.5811005,34.42240143
6409,-118.5851974,34.42330170
5919,-119.7088776,34.42362213
5899,-119.6973038,34.42390060
30736,-100.2012024,34.42530060
5946,-118.4490520,34.42538500
5947,-118.4466629,34.42663193
5880,-119.7114410,34.42777300
1504,-93.0886002,34.42779922
1529,-93.0851870,34.42798000
2058,-110.5868988,34.42900085
28821,-79.3645020,34.42959976
5876,-119.7209015,34.43000031
807,-85.7584305,34.43056870
30735,-100.2210922,34.43276215
30733,-100.2222977,34.43323135
30732,-100.2239990,34.43360138
5909,-119.8154984,34.43519974
30734,-100.2305984,34.43619919
20274,-89.8936997,34.43740082
804,-85.7813492,34.43740845
806,-85.7810974,34.43759918
808,-85.7518997,34.43759918
28820,-79.3717956,34.43916321
28819,-79.3714981,34.43930054
5910,-119.7289963,34.43939972
5902,-119.7389410,34.44026300
5877,-119.7465973,34.44039917
5913,-119.7441025,34.44039917
3891,-119.8199005,34.44110107
3892,-119.7931976,34.44229889
6408,-118.5996390,34.44240000
5887,-119.7915430,34.44297100
11109,-83.1139984,34.44309998
5911,-119.7869263,34.44318771
1507,-93.0886841,34.44369888
23537,-103.1962967,34.44480133
11110,-83.1193924,34.44546127
5912,-119.6265030,34.44559860
28818,-79.3756638,34.44576645
1530,-93.0898972,34.44620132
11111,-83.1247025,34.44770050
4893,-119.2297974,34.44879913
4895,-119.2461470,34.44979600
1517,-93.0762024,34.45159912
1516,-93.0739975,34.45380020
2119,-114.3246994,34.45460129
2123,-114.3525009,34.45830154
2128,-114.3553009,34.45880127
11049,-84.4568024,34.46179962
5885,-120.0233002,34.46379852
23571,-104.2284012,34.46599960
2129,-114.3348694,34.46625519
2124,-114.3363037,34.46720123
3981,-117.3452530,34.46799469
1512,-93.1117540,34.46846300
3983,-117.3424301,34.46881104
3982,-117.3442993,34.46950150
10728,-84.9205017,34.46979904
10727,-84.9206009,34.47000122
10730,-84.9183960,34.47050476
3980,-117.3089981,34.47060013
2126,-114.3442993,34.47060013
1510,-93.1292530,34.47117700
6452,-117.3425980,34.47150040
10725,-84.9232483,34.47279358
6447,-117.3425827,34.47394562
2118,-114.3506880,34.47417500
2115,-114.3304977,34.47539902
1508,-93.0595398,34.47540665
2127,-114.3238970,34.47576100
2132,-114.3507650,34.47720900
2136,-114.3523080,34.48336500
2134,-114.3523930,34.48415100
1505,-93.0595017,34.48640060
2122,-114.3541794,34.48852539
1048,-87.2759018,34.48889923
3354,-118.6166000,34.48929977
3355,-118.6184311,34.49210358
6450,-117.3287964,34.49480057
20211,-89.0339966,34.49620056
20210,-89.0334320,34.49681854
1515,-93.0569870,34.49686700
1527,-93.0565520,34.49857700
1943,-110.0790024,34.50099945
1518,-93.0596542,34.50236130
28620,-82.6640701,34.50364304
28749,-81.8609314,34.50367355
1523,-93.0551290,34.50480600
2565,-109.3622650,34.50637600
28748,-81.8582077,34.50728226
6446,-117.3220444,34.50796127
1775,-91.5609970,34.50910187
1776,-91.5589981,34.50930023
1777,-91.5588989,34.50949860
1513,-93.0484009,34.51050186
10731,-84.9205780,34.51189804
1519,-93.0142975,34.51340103
1506,-93.0540390,34.51735900
10847,-83.5619583,34.51870346
2363,-112.4844818,34.52068329
10861,-83.9749985,34.52420044
10858,-83.9754334,34.52463150
1120,-86.8947296,34.52537537
10868,-83.9765015,34.52539825
26574,-97.9673004,34.52780151
2374,-112.4757710,34.52978900
10733,-84.9371338,34.53081894
1119,-86.9062271,34.53317261
28631,-82.6660004,34.53440094
10848,-83.5367966,34.53689957
10849,-83.5366974,34.53699875
21895,-79.2669983,34.54029846
2373,-112.4545890,34.54473500
2358,-112.4546270,34.54474000
10857,-83.9858000,34.54510000
28628,-82.6696014,34.54529953
2382,-112.4674988,34.54539871
28630,-82.6704636,34.54622269
2359,-112.4506989,34.54629898
28629,-82.6811981,34.54650116
2368,-112.4023972,34.54769897
1801,-90.6525000,34.54770000
2370,-112.4036026,34.54850006
2378,-112.3864975,34.54919434
28632,-82.6734314,34.54920197
2366,-112.4036026,34.54999924
1209,-92.6242905,34.55051422
11556,-83.3406982,34.55329895
1797,-90.6793976,34.55440140
1207,-92.6201019,34.55450058
10723,-84.9357986,34.55559921
6449,-117.2901890,34.55914400
727,-86.9708557,34.56151962
1208,-92.6099930,34.56203079
1211,-92.6083060,34.56319700
21894,-79.2771988,34.56420135
28624,-82.7048035,34.56499863
1883,-111.8850937,34.57499313
721,-87.0167007,34.57519913
1887,-111.8811264,34.57544708
28622,-82.7138443,34.57857132
720,-87.0364990,34.57860184
723,-87.0198212,34.57869720
724,-87.0198975,34.57889938
5037,-118.1280212,34.57896423
2795,-117.4102097,34.57918930
28621,-82.7144012,34.57939911
5043,-118.1316986,34.57956314
28626,-82.7145004,34.57960129
28623,-82.7144012,34.57960129
1884,-111.8781967,34.58029938
5039,-118.1382980,34.58100128
5041,-118.1355972,34.58177948
1210,-92.5757850,34.58306700
5040,-118.1375200,34.58321600
6448,-117.2701035,34.58437729
2385,-112.3194080,34.58566300
2386,-112.3257904,34.58571625
717,-87.0277023,34.58720016
10771,-83.7585983,34.58909988
6095,-120.1406021,34.59030151
5042,-118.1418991,34.59429932
5036,-118.1411972,34.59439850
6088,-120.1416016,34.59510040
6096,-120.1373978,34.59569931
6090,-120.1458969,34.59590149
26634,-98.4224660,34.59728500
26633,-98.3780975,34.59740067
728,-86.9820023,34.60279846
26628,-98.3621902,34.60873795
3156,-120.1890030,34.61090088
722,-86.9759979,34.61090088
3155,-120.1875763,34.61125565
3157,-120.1887950,34.61258800
3154,-120.1925964,34.61299896
1243,-92.4982986,34.61550140
26631,-98.3896408,34.61616135
21654,-79.0087130,34.61792000
3158,-120.1902771,34.61834717
20275,-89.9530530,34.61931500
1240,-92.5005035,34.62089920
26627,-98.4429016,34.62160110
2387,-112.3242000,34.62240000
26630,-98.4306030,34.62319946
1242,-92.5118027,34.62639999
21325,-78.6036987,34.62789917
28625,-82.6007996,34.62969971
28649,-79.6884994,34.63520050
21649,-79.0234985,34.63579941
26519,-99.3042908,34.63773727
4304,-120.4471970,34.63869858
4298,-120.4462967,34.63869858
21648,-79.0077972,34.64130020
896,-86.5669861,34.64164352
21652,-79.0134125,34.64460754
1126,-86.0346680,34.64710236
21655,-79.0124130,34.64717484
21645,-79.0152588,34.64849472
26518,-99.3333969,34.65110016
917,-86.7721024,34.65169907
23492,-106.7972031,34.65280151
1595,-92.2489000,34.65370000
1128,-86.0170975,34.65449905
4299,-120.4567032,34.65510178
4301,-120.4574966,34.65520096
4297,-120.4574966,34.65719986
23493,-106.7774200,34.65790939
4300,-120.4578018,34.65950012
4303,-120.4579391,34.66080093
4302,-120.4579090,34.66216600
26517,-99.3337021,34.66690063
20018,-88.5645981,34.66740036
21656,-79.0042038,34.66740036
21651,-79.0037994,34.66799927
21646,-79.0035782,34.66852951
913,-86.5737991,34.66979980
21650,-79.0038986,34.67060089
23863,-105.1240997,34.67269897
955,-86.7612991,34.67269897
1596,-92.3562012,34.67290115
4248,-118.1610740,34.67372100
1576,-92.3461990,34.67449951
1593,-92.3667908,34.67500305
956,-86.7544200,34.67540000
904,-86.7530975,34.67570114
20019,-88.5596000,34.67660000
1585,-92.3461990,34.67739868
954,-86.7584000,34.67741394
1600,-92.3183000,34.67878900
957,-86.7446976,34.67950058
953,-86.7435074,34.67976761
29163,-82.9897613,34.68064880
4244,-118.1343994,34.68330002
28746,-82.8375015,34.68330002
4246,-118.1346970,34.68619919
29164,-82.9954987,34.68750000
10880,-84.9961014,34.68939972
28737,-79.8979645,34.68983841
28747,-82.8267746,34.68998337
28743,-82.8272171,34.69012833
28744,-82.8341980,34.69129944
28745,-82.8497009,34.69300079
11030,-83.7144623,34.69522858
20945,-76.7926000,34.69670000
20952,-76.7882004,34.69729996
4247,-118.1370468,34.69779205
29162,-82.9449997,34.69810104
11023,-83.7208200,34.69818000
11024,-83.7153600,34.69996300
11031,-83.7247543,34.70008850
11025,-83.7332993,34.70080185
11015,-83.7333984,34.70259857
922,-86.6869870,34.70283000
1127,-86.0661011,34.70330048
909,-86.6557007,34.71139908
796,-87.6657028,34.71239853
1580,-92.2237015,34.71279907
893,-86.6695023,34.71310043
29166,-82.2543030,34.71319962
1589,-92.2232971,34.71350098
29220,-81.6402969,34.71490097
29167,-82.2562027,34.71699905
1613,-92.1904983,34.71749878
897,-86.6299973,34.71810150
29168,-82.2576981,34.71900177
29221,-81.6371002,34.71910095
1605,-92.3326670,34.71994600
29165,-82.2560654,34.72196198
1929,-112.0061035,34.72430038
1935,-112.0068970,34.72510147
21726,-76.7689972,34.72639847
2497,-111.4287000,34.72870000
28952,-80.7982025,34.73279953
1933,-112.0288010,34.73298645
905,-86.6276474,34.73486328
919,-86.6237030,34.73490143
907,-86.6131973,34.73509979
21727,-76.7954025,34.73509979
894,-86.6371994,34.73519897
902,-86.6209030,34.73519897
1050,-87.6678009,34.73550034
1052,-87.6679688,34.73646164
900,-86.6522980,34.73699951
899,-86.6533550,34.73712100
908,-86.6550790,34.73791800
26750,-97.2595520,34.73927307
903,-86.6643982,34.74029922
1603,-92.3943024,34.74069977
11093,-85.2723999,34.74100113
898,-86.6740036,34.74119949
1588,-92.2630005,34.74169922
11092,-85.2723007,34.74169922
1586,-92.3943024,34.74190140
915,-86.6800995,34.74209976
1615,-92.3945007,34.74219894
1608,-92.3935013,34.74300003
1594,-92.3342972,34.74359894
1587,-92.3412018,34.74380112
895,-86.6818008,34.74380112
920,-86.6842590,34.74426000
29127,-81.0304031,34.74430084
891,-86.6784973,34.74449921
20106,-89.4541016,34.74570084
1590,-92.3992996,34.74639893
29129,-81.0382004,34.74660110
1578,-92.3985977,34.74689865
29126,-81.0374451,34.74690247
1577,-92.2651977,34.74729919
1573,-92.2704468,34.74796295
1584,-92.3991013,34.74800110
1581,-92.2742996,34.74869919
1612,-92.2725983,34.74869919
21558,-77.3798981,34.74909973
1582,-92.4049988,34.74940109
890,-86.5979004,34.75099945
1598,-92.3942032,34.75279999
1579,-92.3939972,34.75279999
1599,-92.3893740,34.75403700
1607,-92.3910980,34.75469971
21629,-79.4757004,34.75500107
1602,-92.3944168,34.75513840
3970,-117.3412160,34.75515200
21630,-79.4782028,34.75650024
21628,-79.4820099,34.75699615
10758,-84.7696991,34.75859833
10876,-84.9992981,34.75899887
21552,-77.4164963,34.76020050
21554,-77.4163971,34.76020050
10874,-85.0009232,34.76082611
21562,-77.4151916,34.76134109
1597,-92.3897810,34.76372200
1136,-87.6973190,34.76507900
10878,-85.0037994,34.76589966
10873,-85.0034027,34.76620102
1572,-92.3983002,34.76760101
21631,-79.4572983,34.76860046
1135,-87.6826019,34.77140045
2514,-111.7668991,34.77159882
2492,-111.7651978,34.77170181
29123,-82.4653015,34.77669907
1610,-92.2014618,34.77719116
1688,-92.2040024,34.77769852
1678,-92.2054977,34.77780151
592,-86.9476166,34.77783966
21559,-77.3799973,34.77790070
21553,-77.3889770,34.77795029
1683,-92.2667999,34.77886200
1679,-92.2694015,34.77890015
1684,-92.2667389,34.77913666
1674,-92.1819992,34.77930069
2486,-111.7633286,34.77986145
1686,-92.2718660,34.78086300
1680,-92.2722015,34.78089905
1685,-92.1687000,34.78100000
21557,-77.3985977,34.78150177
21563,-77.3983002,34.78179932
1253,-91.7466200,34.78292800
589,-86.9356003,34.78390121
10760,-84.7745972,34.78430176
583,-86.9409027,34.78440094
1691,-92.2648010,34.78459930
593,-86.9504700,34.78530121
588,-86.9539185,34.78574371
26512,-96.6696014,34.78590012
21556,-77.3976974,34.78770065
1682,-92.2200012,34.78900146
2466,-111.7654037,34.78929901
10875,-84.9999008,34.79349899
28888,-82.3802032,34.79399872
28895,-82.3861800,34.79467700
2470,-111.7649994,34.79489899
10870,-85.0044022,34.79529953
2500,-111.7664032,34.79740143
1681,-92.2192993,34.79800034
2532,-111.7686005,34.80049896
31300,-102.4187012,34.80189896
1620,-91.8888474,34.80431366
21898,-78.9704971,34.80630112
1619,-91.8951660,34.80659200
28897,-82.3349991,34.81190109
23643,-106.7599030,34.81370163
20268,-90.3177032,34.81769943
4785,-114.5976028,34.82289886
28828,-82.5540466,34.82301331
28881,-82.2935028,34.82360077
20103,-89.9729490,34.82366700
20105,-89.9794006,34.82600021
795,-87.6271973,34.82609940
28826,-82.5661240,34.82619858
791,-87.6419983,34.82649994
28878,-82.3243027,34.82690048
28827,-82.5292587,34.82873535
792,-87.6303024,34.83029938
28891,-82.3043976,34.83069992
26772,-95.8404388,34.83134079
28887,-82.3121033,34.83549881
4788,-114.6118011,34.83829880
4790,-114.6121090,34.83892700
20272,-90.3014984,34.83919907
28877,-82.3169022,34.83959961
4791,-114.6095963,34.83980179
20267,-90.3274994,34.84090042
28902,-82.3302994,34.84370041
2513,-111.7662964,34.84719849
28899,-82.3598633,34.84843445
4786,-114.6222992,34.84889984
28903,-82.3996963,34.84939957
28901,-82.3395996,34.85100174
2522,-111.8271027,34.85110092
2518,-111.8283005,34.85240173
4787,-114.6191025,34.85250092
28889,-82.3979034,34.85279846
28882,-82.3361969,34.85290146
3004,-117.0876007,34.85419846
28886,-82.3972015,34.85509872
28876,-82.3302994,34.85509872
28884,-82.3317032,34.85559845
28885,-82.3366013,34.85680008
28890,-82.3375015,34.85729980
2481,-111.7631531,34.85731888
28880,-82.2702026,34.85789871
28883,-82.2698975,34.85789871
28904,-82.2704849,34.85837936
21483,-76.8973999,34.85969925
2517,-111.8150024,34.85990143
3007,-117.0884018,34.86019897
20270,-90.2838974,34.86019897
28879,-82.2689972,34.86019897
28893,-82.3065033,34.86109924
2499,-111.8148575,34.86112976
28898,-82.2707977,34.86159897
2485,-111.8125000,34.86190033
21482,-76.8966293,34.86219788
2472,-111.7827988,34.86230087
2526,-111.8054581,34.86256027
2506,-111.7638931,34.86292648
2491,-111.7926025,34.86349869
28875,-82.2605972,34.86370087
2516,-111.7636530,34.86455500
2510,-111.7631989,34.86600113
28892,-82.2459564,34.86600876
2493,-111.7634964,34.86610031
2480,-111.7633972,34.86619949
28914,-82.2460190,34.86740600
2503,-111.7618027,34.86750031
11559,-85.5143356,34.86801910
23779,-104.7023010,34.86909866
2471,-111.7612991,34.86940002
10769,-83.4001007,34.87200165
1545,-92.1185000,34.87420000
10673,-83.9636993,34.87440109
10681,-84.3128586,34.87466431
1543,-92.1159134,34.87721252
10672,-83.9588950,34.87851200
1542,-92.1140976,34.87910080
2509,-111.7489014,34.88010025
1541,-92.1125031,34.88180161
2496,-111.7423019,34.88550186
1675,-92.3840790,34.88646698
10767,-83.4083023,34.88700104
1239,-91.1945720,34.88711900
2998,-116.9942017,34.88769913
1677,-92.3791657,34.88774490
26621,-94.6010510,34.88855000
2488,-111.8235016,34.88949966
2999,-117.0028000,34.89099884
3009,-117.0039978,34.89379883
3006,-117.0031509,34.89398956
3000,-117.0062103,34.89576721
3005,-117.0047660,34.90098100
2064,-110.1672974,34.90269852
28915,-82.1735001,34.90299988
1238,-91.1978912,34.90551758
11338,-85.1070500,34.90860000
28824,-82.1023026,34.90890121
5990,-120.4592972,34.91009903
11339,-85.1252380,34.91197900
1618,-91.9564972,34.91310120
26640,-95.7446976,34.91379929
2072,-110.1560974,34.91389847
11340,-85.1242981,34.91419983
26642,-95.7721410,34.91713900
28823,-82.1022034,34.91780090
28822,-82.0951004,34.91930008
26641,-95.7440033,34.91979980
2075,-110.1465302,34.92190552
29185,-81.9901962,34.92222977
29186,-81.9912033,34.92269897
11040,-83.7299000,34.92440000
10976,-85.2604980,34.92549896
21881,-79.7583237,34.92721176
21484,-76.8188553,34.92731857
2065,-110.1412964,34.92850113
20221,-89.7934494,34.92940140
20226,-89.7937012,34.92950058
2070,-110.1391296,34.92951202
2074,-110.1393814,34.92969513
20053,-88.5441284,34.93023682
20057,-88.5501022,34.93080139
20056,-88.5450974,34.93090057
2073,-110.1367650,34.93261900
5987,-120.4358978,34.93370056
20282,-89.9989014,34.93610001
21882,-79.7779007,34.93730164
20055,-88.5188980,34.93790054
4261,-118.9300995,34.93840027
2071,-110.1317825,34.93844986
21880,-79.7774429,34.93939590
2069,-110.1299973,34.93999863
11643,-83.8486023,34.93999863
28913,-82.2598038,34.94169998
29140,-80.9754028,34.94260025
29138,-80.9722977,34.94300079
5992,-120.4359970,34.94319916
23783,-104.6641388,34.94343948
23780,-104.6835785,34.94373322
23776,-104.6741028,34.94430161
23782,-104.6778030,34.94449997
29181,-81.9957962,34.94599915
23781,-104.6568830,34.94633100
23777,-104.6939011,34.94770050
28912,-82.2249756,34.94815445
20225,-89.8317032,34.94829941
23778,-104.6464157,34.94849396
29171,-81.9323500,34.94929900
5986,-120.4162445,34.95188522
23647,-105.8311005,34.95240021
5991,-120.4197998,34.95309830
5984,-120.4237976,34.95320129
11038,-83.7589035,34.95389938
29183,-81.9345017,34.95410156
20110,-90.0015869,34.95830536
10978,-85.2581024,34.95999908
29175,-81.9410019,34.95999908
2489,-111.7532120,34.96019800
29216,-82.4347992,34.96060181
20224,-89.8594971,34.96129990
20109,-90.0013910,34.96166300
29178,-81.8593979,34.96179962
20279,-89.9523010,34.96210098
23649,-105.8423000,34.96220000
20227,-89.7968979,34.96250153
20108,-89.9994000,34.96255000
20280,-89.9829025,34.96269989
20278,-89.9916992,34.96319962
29135,-80.9940033,34.96319962
20111,-90.0132523,34.96369934
20222,-89.8556290,34.96369934
29136,-80.9872971,34.96450043
20107,-90.0010986,34.96703339
21984,-80.0757980,34.96820068
29145,-80.9866028,34.96969986
5985,-120.4356995,34.97060013
29143,-80.9894714,34.97165680
29146,-80.9875031,34.97290039
21352,-78.7354736,34.97301865
29144,-80.9853973,34.97470093
29217,-82.4274674,34.97526550
1244,-92.0261841,34.97621918
21714,-80.5193939,34.97660446
5988,-120.4353027,34.97700119
29137,-80.9900971,34.97790146
5989,-120.4310110,34.97841100
1246,-92.0298004,34.97890091
21815,-79.2365341,34.97930527
30710,-101.9088974,34.97959900
10902,-83.3803024,34.98099899
29179,-81.9736023,34.98170090
20284,-89.9992676,34.98394012
29173,-81.9710007,34.98469925
26762,-97.3679962,34.98480225
29177,-81.9704971,34.98500061
29174,-81.9956665,34.98502731
29549,-85.2057114,34.98607635
20285,-89.9988310,34.98706600
29583,-85.1993790,34.98983002
20277,-89.9964981,34.99069977
21713,-80.5343018,34.99079895
29581,-85.2100983,34.99089813
21711,-80.5338974,34.99100113
21991,-78.0835037,34.99110031
20281,-89.9839020,34.99190140
29569,-85.1980209,34.99248505
21992,-78.1462021,34.99330139
29247,-81.2123795,34.99623489
4260,-118.9681015,34.99639893
21220,-78.3246002,35.00109863
21349,-78.8178600,35.00677600
21334,-78.8243561,35.00798416
21351,-78.8167954,35.00803375
21331,-78.8258896,35.00807953
21353,-78.8265228,35.00880051
21344,-78.8285980,35.00920105
21341,-78.8291016,35.00939941
21332,-78.8294983,35.00960159
21338,-78.8286972,35.00960159
21355,-78.8283997,35.00960159
29594,-85.2200012,35.00999832
21710,-80.5658035,35.01060104
29871,-85.7045975,35.01190186
29172,-81.9572983,35.01480103
29184,-81.8969820,35.01507500
29579,-85.3796997,35.01599884
29606,-85.3800049,35.01770782
29596,-85.3801117,35.01791382
29586,-85.3782950,35.01844200
30002,-89.8964996,35.01979828
2763,-110.6725998,35.02099991
29552,-85.3582001,35.02099991
29547,-85.3561020,35.02099991
21350,-78.8950195,35.02099991
29564,-85.3606033,35.02109909
29575,-85.3582001,35.02109909
30004,-89.9977035,35.02119827
26556,-97.9344711,35.02136993
2764,-110.6941986,35.02170181
26557,-97.9350967,35.02190018
1437,-90.7801971,35.02249908
29568,-85.3651962,35.02320099
29603,-85.3629990,35.02560043
21757,-83.8474000,35.02650000
29560,-85.3139496,35.02829742
29574,-85.3137970,35.02840042
29550,-85.3628921,35.02874756
26555,-97.9347992,35.02930069
21345,-78.9297028,35.03060150
29566,-85.3074036,35.03110123
1433,-90.7901001,35.03310013
29570,-85.1844025,35.03469849
29180,-81.9265976,35.03490067
2760,-110.7242966,35.03608322
2767,-110.7247009,35.03630066
30033,-89.7988968,35.03680038
29548,-85.1751022,35.03680038
2765,-110.6994210,35.03743700
1492,-90.4909973,35.03749847
23591,-108.1090000,35.03760000
21337,-78.9330978,35.03789902
29580,-85.3071976,35.03839874
4617,-118.1341248,35.03892517
2759,-110.6979980,35.03910065
29562,-85.1559982,35.03919983
1435,-90.7889404,35.03945541
2761,-110.6999969,35.04000092
1436,-90.7838974,35.04019928
21712,-80.6101990,35.04040146
29559,-85.1516647,35.04074860
29608,-85.1522064,35.04075241
29870,-85.6849976,35.04109955
29607,-85.3098450,35.04159546
1439,-90.7888565,35.04163742
29590,-85.1533432,35.04192734
29591,-85.3134003,35.04330063
29599,-85.1585999,35.04330063
29573,-85.1585007,35.04349899
29588,-85.1583023,35.04349899
29556,-85.1599350,35.04388809
30011,-90.0253982,35.04399872
29571,-85.1576996,35.04439926
29597,-85.1606598,35.04445648
29576,-85.1567001,35.04449844
29578,-85.1579971,35.04470062
29604,-85.1546478,35.04501724
21346,-78.8657608,35.04544830
29565,-85.3114319,35.04545593
29582,-85.1531982,35.04619980
29644,-89.7042007,35.04660034
29601,-85.3105011,35.04660034
29593,-85.1604004,35.04800034
30015,-90.0251007,35.04819870
23396,-106.6215973,35.04999924
23395,-106.6218033,35.05039978
30043,-89.7951965,35.05120087
30028,-89.7950974,35.05130005
1434,-90.7846985,35.05139923
29554,-85.3118973,35.05201340
30055,-89.9788971,35.05210114
21536,-83.1970430,35.05235200
30235,-88.2379000,35.05300000
29577,-85.3118973,35.05329895
21532,-83.2032013,35.05329895
30067,-89.9281006,35.05360031
23431,-106.6222000,35.05369949
29600,-85.3118973,35.05440140
29563,-85.3117981,35.05459976
23400,-106.6221008,35.05530167
23408,-106.6210403,35.05533218
30020,-89.8619995,35.05540085
29555,-85.1371994,35.05590057
4616,-118.1746979,35.05630112
23426,-106.6222000,35.05699921
23445,-106.6221008,35.05799866
21113,-80.8504028,35.05820084
23475,-106.6208572,35.05827332
21179,-80.8514023,35.05830002
23429,-106.6322050,35.05885500
23425,-106.6203003,35.05970001
23433,-106.6197968,35.05979919
23480,-106.6186981,35.05979919
23411,-106.6218033,35.06060028
30003,-90.0152512,35.06096268
30006,-90.0111300,35.06096700
30065,-90.0268770,35.06146300
23423,-106.6208840,35.06153700
30070,-90.0186997,35.06190109
21168,-80.8126984,35.06200027
23468,-106.6214676,35.06215286
29795,-89.7518005,35.06240082
29793,-89.7516022,35.06240082
29551,-85.1314011,35.06250000
30000,-90.0071030,35.06389999
23466,-106.6425018,35.06416702
30010,-89.8435974,35.06420135
30046,-89.9904022,35.06480026
4619,-118.1785830,35.06837100
23419,-106.4995728,35.06847763
23409,-106.5003891,35.06850815
30035,-89.9894028,35.06880188
30018,-89.8615036,35.06900024
23458,-106.6384310,35.06966300
21339,-78.9624023,35.07089996
30009,-90.0049973,35.07180023
28863,-81.6999969,35.07229996
21347,-78.9646988,35.07300186
21343,-78.9644012,35.07329941
21340,-78.9644012,35.07339859
21348,-78.9272079,35.07381058
30041,-89.9915008,35.07400131
21330,-78.9263992,35.07479858
30029,-89.9059982,35.07509995
26758,-94.6294022,35.07540131
30024,-89.9040985,35.07559967
30034,-89.9225998,35.07590103
29999,-89.9343033,35.07630157
30051,-89.9023972,35.07640076
30007,-89.9021988,35.07680130
23477,-106.5124130,35.07682419
21354,-78.9376984,35.07749939
1263,-92.4250031,35.07780075
21356,-78.9490890,35.07831573
30038,-89.8887024,35.08079910
21809,-80.8834992,35.08169937
21810,-80.8832016,35.08219910
23418,-106.6383972,35.08300018
23471,-106.6492004,35.08409882
23443,-106.6492996,35.08454132
23422,-106.5297012,35.08470154
30227,-85.0727997,35.08470154
21812,-80.8841019,35.08480072
23462,-106.5298996,35.08489990
23439,-106.6554031,35.08520126
23441,-106.5322037,35.08570099
23434,-106.5320969,35.08589935
28861,-81.7263031,35.08589935
23414,-106.5322037,35.08610153
21333,-78.9664993,35.08610153
23442,-106.6508026,35.08639908
1262,-92.4170990,35.08729935
21131,-80.8709290,35.08730400
23416,-106.6488037,35.08810043
28864,-81.6611023,35.08869934
21811,-80.8807983,35.08919907
21807,-80.8777008,35.08929825
23402,-106.6542740,35.08963776
28862,-81.6623001,35.08980179
26757,-94.6314011,35.09000015
21701,-80.6678009,35.09040070
21775,-77.0423203,35.09101105
21808,-80.8770294,35.09107971
1269,-92.4268417,35.09141541
1261,-92.4194840,35.09164900
23461,-106.6332016,35.09170151
1260,-92.4194565,35.09225845
28857,-80.9410019,35.09230042
21184,-80.8650971,35.09249878
28855,-80.9354019,35.09370041
28858,-80.9365870,35.09488400
23421,-106.6741333,35.09533310
28856,-80.9367065,35.09648514
28859,-80.9390640,35.09779739
28860,-81.6739578,35.09801483
30047,-89.8622971,35.09880066
21781,-77.0979004,35.09880066
30045,-89.8622971,35.09939957
30040,-89.8466034,35.09949875
23450,-106.5690002,35.09970093
30008,-89.8607025,35.09980011
30058,-89.8563995,35.10029984
21778,-77.0786972,35.10120010
23478,-106.7061234,35.10318375
23459,-106.7042999,35.10319901
23427,-106.6041031,35.10319901
23456,-106.6275640,35.10322600
23464,-106.7082977,35.10329819
23454,-106.7098007,35.10350037
21785,-77.0363007,35.10350037
23415,-106.7092972,35.10359955
23444,-106.7080002,35.10359955
30042,-89.8681030,35.10359955
23401,-106.6709976,35.10390091
30037,-89.8731995,35.10400009
30016,-89.8591003,35.10409927
30021,-89.8528976,35.10430145
23397,-106.5684967,35.10490036
23437,-106.5664978,35.10490036
21776,-77.0361023,35.10490036
23463,-106.6473618,35.10496140
30027,-89.8592987,35.10530090
30064,-89.8674630,35.10539700
6299,-118.4143982,35.10599899
23430,-106.6240005,35.10620117
23446,-106.5875015,35.10670090
21756,-84.0113983,35.10680008
23455,-106.6060470,35.10732900
23476,-106.6069031,35.10739899
23470,-106.6066971,35.10739899
30030,-89.8846970,35.10770035
21777,-77.0473938,35.10806274
23424,-106.6260986,35.10869980
29713,-86.5664978,35.10869980
23472,-106.6214294,35.10906219
23436,-106.6148987,35.10910034
23406,-106.6297226,35.10929871
23447,-106.6235962,35.10929871
23403,-106.6119260,35.10943700
21187,-80.9234314,35.11080170
23474,-106.5689011,35.11090088
29794,-89.8029022,35.11299896
1264,-92.4346848,35.11319733
29792,-89.8048019,35.11370087
23469,-106.6311035,35.11579895
21698,-80.6952972,35.11629868
21791,-75.9612000,35.11730000
30424,-101.9074631,35.11861801
21699,-80.6947021,35.11890030
21703,-80.6977463,35.11948013
2931,-120.5871582,35.12183762
29821,-85.2409973,35.12220001
2934,-120.5905609,35.12271881
1868,-114.5762410,35.12306000
21982,-78.7528229,35.12360764
30066,-90.0730972,35.12390137
24116,-114.6270523,35.12575531
23594,-107.8274994,35.12950134
23593,-107.8274002,35.12969971
30032,-89.8579025,35.13019943
23592,-107.8269882,35.13051605
2933,-120.6059036,35.13090134
23596,-107.8267288,35.13259506
23595,-107.8276100,35.13260400
6295,-118.4524002,35.13270187
21700,-80.7162018,35.13489914
21135,-80.9131012,35.13539886
21696,-80.7136993,35.13539886
21096,-80.9037018,35.13589859
21154,-80.9054031,35.13619995
5122,-120.6249008,35.13629913
21180,-80.9054031,35.13629913
21133,-80.9063034,35.13669968
21115,-80.8862991,35.13669968
5127,-120.6416016,35.13700104
5120,-120.6214300,35.13703700
21194,-80.9036026,35.13750076
5125,-120.6299973,35.13759995
21023,-82.7115320,35.13840200
5126,-120.6401978,35.13869858
23590,-107.8291016,35.13970184
23399,-106.5978012,35.13970184
30031,-90.0509033,35.14030075
1815,-90.1405640,35.14245987
30053,-90.0519028,35.14270020
30036,-90.0514984,35.14279938
24113,-114.5788690,35.14285300
23417,-106.5961151,35.14419174
1871,-114.5714310,35.14546200
30063,-90.0526962,35.14580154
21164,-80.8960037,35.14609909
21136,-80.8277969,35.14640045
30060,-90.0525589,35.14674377
30005,-90.0537033,35.14798355
21117,-80.8432007,35.14799881
1804,-90.1303024,35.14810181
21167,-80.8397980,35.14820099
29712,-86.5602035,35.14860153
5124,-120.6511993,35.14929962
20841,-79.4177030,35.15077800
1265,-92.4008360,35.15086400
21933,-79.4176025,35.15119934
30050,-90.0502014,35.15150070
5117,-120.6595993,35.15240097
30073,-90.0483017,35.15250015
20842,-79.4161987,35.15259933
1879,-114.5687220,35.15271200
5116,-120.6617966,35.15340042
5115,-120.6629028,35.15390015
23852,-103.7245636,35.15419388
1810,-90.1577988,35.15620041
21124,-80.8340988,35.15620041
1869,-114.5671997,35.15629959
1812,-90.1545700,35.15706700
21107,-80.8884354,35.15721893
21162,-80.8302002,35.15729904
1808,-90.1568527,35.15732956
21104,-80.8895035,35.15739822
21182,-80.8896027,35.15750122
21170,-80.8896027,35.15760040
1809,-90.1593018,35.15829849
24111,-114.5747986,35.15900040
23438,-106.5826035,35.15930176
21930,-79.4116974,35.15930176
21156,-80.8886032,35.15950012
21163,-80.8874969,35.15950012
23465,-106.5856857,35.15980148
23432,-106.5830994,35.15980148
23448,-106.5858002,35.15999985
1806,-90.1581879,35.16032028
23413,-106.5903015,35.16070175
23428,-106.5893021,35.16080093
30052,-89.8597670,35.16090900
21139,-80.8877029,35.16189957
24106,-114.5746002,35.16210175
21946,-78.9723892,35.16260529
30001,-89.8657989,35.16279984
5128,-120.6883011,35.16289902
30048,-89.8610001,35.16289902
30012,-89.8614044,35.16291428
30068,-89.8621292,35.16307068
30022,-89.8612976,35.16310120
1814,-90.1576004,35.16379929
29667,-89.7985992,35.16379929
24110,-114.5736008,35.16419983
30019,-89.8668976,35.16490173
21130,-80.8934021,35.16600037
21198,-80.8931580,35.16667938
30054,-89.8633940,35.16680700
23451,-106.5885010,35.16709900
30014,-89.8636017,35.16709900
30057,-89.8622971,35.16770172
23440,-106.5847321,35.16776276
29998,-89.8615036,35.16790009
1813,-90.1858749,35.16865921
30056,-89.8653170,35.16876300
23861,-103.7496490,35.16899490
23412,-106.5869980,35.17050171
23857,-103.7058310,35.17166300
23854,-103.6801987,35.17200089
23860,-103.6800003,35.17210770
30423,-101.9198685,35.17260361
23851,-103.6859970,35.17383575
23853,-103.6837921,35.17399979
1972,-111.6614990,35.17459869
21939,-79.4200974,35.17520142
1988,-111.6669060,35.17529500
1948,-111.6636963,35.17589951
1991,-111.6639633,35.17665863
1975,-111.6636963,35.17689896
1963,-111.6655350,35.17776871
21103,-80.8804016,35.17819977
2962,-120.7320023,35.17839813
21186,-80.8916016,35.17850113
21122,-80.8831482,35.17864609
21175,-80.8933868,35.17875671
1997,-111.6664810,35.17884827
21152,-80.8911972,35.17890167
30285,-86.9876022,35.17900085
21944,-78.9811020,35.17919922
20293,-103.7144070,35.17922400
2963,-120.7380981,35.17940140
21129,-80.8901977,35.18000031
21146,-80.8926010,35.18009949
23457,-106.5819330,35.18014800
1644,-92.7175980,35.18019867
1978,-111.6624985,35.18149948
21945,-78.9821243,35.18201828
1983,-111.6632004,35.18249893
1989,-111.6605148,35.18260574
21932,-79.4009018,35.18299866
23410,-106.5781174,35.18313599
23407,-106.5791630,35.18313700
21376,-83.3563995,35.18349838
21098,-80.9197006,35.18370056
23467,-106.5690689,35.18453598
23435,-106.5805969,35.18470001
21801,-79.4409103,35.18493652
21379,-83.3559036,35.18550110
30427,-101.9154968,35.18659973
30439,-101.9152985,35.18669891
2093,-114.0446014,35.18700027
30440,-101.9123001,35.18719864
30426,-101.9122009,35.18730164
30072,-89.7922821,35.18803024
29631,-84.8870010,35.18820190
29666,-89.7912979,35.18840027
26663,-97.4213486,35.18859482
2107,-114.0360336,35.18881226
2100,-114.0542290,35.18889000
21166,-80.9156036,35.18899918
30421,-101.8746414,35.18938065
30425,-101.8386993,35.18939972
21147,-80.9268036,35.18980026
21125,-80.9256973,35.19010162
2105,-114.0616930,35.19026300
30437,-101.9063340,35.19035500
30444,-101.8732310,35.19135300
30435,-101.8735670,35.19140600
1970,-111.6596985,35.19179916
29664,-89.7923126,35.19201279
30436,-101.7913760,35.19208100
1984,-111.6177979,35.19210052
30431,-101.8205032,35.19210052
30433,-101.8196030,35.19210052
1986,-111.6265980,35.19214000
2002,-111.6211014,35.19229889
30441,-101.8109283,35.19231415
2000,-111.6610031,35.19240189
1967,-111.6597290,35.19248581
30417,-101.7834015,35.19250107
30428,-101.8200989,35.19260025
1966,-111.6217346,35.19275665
1987,-111.6219730,35.19283800
30420,-101.8218842,35.19288254
1990,-111.6224976,35.19300079
30430,-101.7869034,35.19300079
30432,-101.9216003,35.19309998
30443,-101.7300200,35.19333700
21377,-83.3632965,35.19335938
30415,-101.8112590,35.19362100
1992,-111.6204376,35.19364166
30429,-101.8500977,35.19380188
30442,-101.8038483,35.19383621
1979,-111.6206970,35.19390106
1964,-111.6363754,35.19394684
1982,-111.6368027,35.19400024
30414,-101.8723340,35.19412600
21165,-80.8116989,35.19419861
30422,-101.8584976,35.19459915
29639,-84.8902969,35.19540024
1955,-111.6277008,35.19559860
30044,-89.7967987,35.19580078
21128,-80.8822021,35.19583893
26671,-97.4805985,35.19589996
29634,-84.8855972,35.19639969
1953,-111.6240997,35.19649887
21188,-80.8792038,35.19649887
21806,-79.4671020,35.19699860
21805,-79.4673004,35.19710159
29632,-84.8786190,35.19757800
21160,-80.8801840,35.19840600
1631,-90.2023010,35.19860077
30416,-101.9219971,35.19879913
20849,-83.8116510,35.19984800
1954,-111.6582031,35.20040131
30366,-86.0942993,35.20040131
30284,-87.0476532,35.20130539
29691,-86.0941009,35.20259857
30061,-89.9223938,35.20287323
21024,-82.7386017,35.20330048
30294,-88.2450027,35.20349884
21802,-79.4843979,35.20399857
30023,-89.7795029,35.20420074
30293,-88.2450867,35.20515060
29510,-89.7920990,35.20520020
1994,-111.5776978,35.20579910
1947,-111.6124725,35.20696640
2003,-111.6113968,35.20729828
30062,-89.7777023,35.20809937
29511,-89.7955017,35.20899963
2178,-111.6178200,35.20914000
21752,-78.0702896,35.20951843
2090,-114.0166016,35.21070099
29630,-84.8697968,35.21148300
1956,-111.6033020,35.21179962
2089,-114.0150986,35.21200180
29633,-84.8694992,35.21210098
29638,-84.8701019,35.21250153
29637,-84.8694076,35.21258163
1980,-111.5996094,35.21347046
29635,-84.8696976,35.21350098
2099,-114.0142975,35.21360016
2088,-114.0130005,35.21440125
26668,-97.4865036,35.21490097
26666,-97.4897003,35.21590042
26665,-97.4897003,35.21599960
2091,-114.0103302,35.21696472
1962,-111.5943069,35.21750641
26670,-97.4791870,35.21809387
1976,-111.5961990,35.21829987
26672,-97.4815979,35.21829987
2734,-112.2881927,35.21848679
1999,-111.5916901,35.21862411
2112,-114.0081100,35.21934128
26674,-97.4841995,35.21979904
2110,-114.0078450,35.22002700
21142,-80.8429031,35.22079849
21137,-80.8425980,35.22079849
2104,-114.0065790,35.22148100
2092,-114.0055771,35.22193527
2111,-114.0049973,35.22228241
2097,-114.0362420,35.22232900
21193,-80.8473968,35.22240067
2094,-114.0050964,35.22290039
21161,-80.8308029,35.22299957
29954,-89.7343674,35.22586823
21116,-80.8445969,35.22600174
32263,-100.2392044,35.22643661
21171,-80.8490982,35.22710037
21155,-80.8432007,35.22719955
21144,-80.8404007,35.22719955
21101,-80.8429720,35.22723000
21598,-81.3332977,35.22729874
26602,-99.8736649,35.22730255
21106,-80.8454080,35.22899500
23675,-106.6596985,35.22949982
29955,-89.7403720,35.22972100
21120,-80.8378830,35.23109818
26667,-97.4866028,35.23139954
21097,-80.9020004,35.23149872
32262,-100.2490005,35.23180008
21100,-80.9000015,35.23279953
26603,-99.8422012,35.23350143
23677,-106.6582031,35.23460007
1758,-91.6962967,35.23490143
21109,-80.9188995,35.23509979
21173,-80.9188995,35.23529816
21174,-80.8979569,35.23605728
21750,-81.0390000,35.23610000
23678,-106.6560974,35.23649979
21601,-77.5746994,35.23780060
30080,-85.8510280,35.23844700
23674,-106.6592026,35.23889923
1842,-111.8332138,35.23902893
21114,-80.9402008,35.23939896
21143,-80.9394989,35.24020004
21177,-80.9200974,35.24029922
21153,-80.9209366,35.24157333
21102,-80.9327011,35.24169922
5807,-120.6838860,35.24252600
5812,-120.6832962,35.24349976
21604,-77.5807037,35.24349976
21197,-80.9382019,35.24430084
21599,-81.3713989,35.24440002
21602,-77.5850983,35.24449921
21149,-80.8985825,35.24570084
21600,-77.5899048,35.24575043
32399,-102.4381027,35.24599838
32401,-102.4285126,35.24708557
5806,-120.6808470,35.24776900
2749,-112.1954400,35.24830800
2755,-112.1961975,35.24840164
2731,-112.1962433,35.24861145
2748,-112.1941210,35.24873600
21025,-82.7213974,35.24990082
1746,-93.1369019,35.25009918
1754,-91.6997986,35.25040054
1752,-91.6965027,35.25040054
1753,-91.7008972,35.25070190
1756,-91.6933975,35.25070190
2751,-112.1847000,35.25159836
23673,-106.6526718,35.25233459
2745,-112.1897583,35.25424194
21226,-82.1943817,35.25519943
23676,-106.6667862,35.25662231
2753,-112.1621628,35.25687790
2744,-112.1917038,35.25770187
2738,-112.1923981,35.25839996
21603,-77.5794983,35.25989914
5803,-120.6788025,35.26229858
5798,-120.6763992,35.26380157
5816,-120.6765976,35.26409912
21054,-75.5220337,35.26497269
2750,-112.0608368,35.26499939
21403,-81.1335983,35.26559830
21404,-81.1335310,35.26583700
29957,-87.3218002,35.26670074
21395,-81.1467972,35.26929855
21400,-81.1455002,35.26950073
21396,-81.1440964,35.26950073
21397,-81.1457977,35.26969910
21399,-81.1454010,35.26969910
21921,-81.4804001,35.27000046
21358,-82.4416500,35.27146100
21923,-81.5171051,35.27313614
21922,-81.5124969,35.27320099
21359,-82.4424973,35.27830124
21108,-80.7965317,35.27875137
21189,-80.7950974,35.27920151
21121,-80.7936325,35.28116226
21398,-81.1875992,35.28150177
21920,-81.5518265,35.28171158
1744,-93.0954971,35.28268433
21172,-80.7945023,35.28498459
21105,-80.7283020,35.28599930
5810,-120.6526642,35.28678513
21402,-81.1885410,35.28701400
5805,-120.6514969,35.28889847
5799,-120.6504974,35.28929901
5813,-120.6504120,35.28960600
5815,-120.6490402,35.28980637
5801,-120.6491241,35.29036331
5797,-120.6492996,35.29050064
21110,-80.7541504,35.29142761
26664,-97.4874191,35.29247665
21264,-78.6016006,35.29740143
21183,-80.7537994,35.30049896
1743,-93.1373978,35.30070114
21148,-80.7528992,35.30110168
1747,-93.1376038,35.30120087
21262,-78.5988236,35.30129623
21132,-80.7548981,35.30130005
21138,-80.7521973,35.30220032
1745,-93.1372986,35.30279922
1750,-93.1373749,35.30287933
21169,-80.7515030,35.30350113
21263,-78.6087036,35.30350113
21145,-80.7537994,35.30450058
1446,-94.3953018,35.30459976
26604,-95.5888977,35.30474854
29669,-86.8818359,35.30679321
1749,-93.1404700,35.30772100
21123,-80.8441849,35.30799866
21127,-80.7533035,35.30810165
21118,-80.7539978,35.30839920
21140,-80.7518997,35.30839920
21176,-80.7559280,35.31220627
21370,-81.8745117,35.31318665
2979,-119.0296021,35.31470108
21178,-80.7627029,35.31520081
21195,-80.7626038,35.31539917
2986,-119.0334100,35.31746300
23494,-106.5451965,35.31769943
23497,-106.5427704,35.31795120
30362,-89.1423035,35.31930161
26594,-99.5231018,35.32040024
23495,-106.6906967,35.33309937
1454,-94.4226685,35.33350754
21368,-81.8868103,35.33409119
21496,-82.4422989,35.33850098
20848,-80.2038650,35.33860000
21495,-82.4414978,35.33876801
30074,-89.9116974,35.33919907
21507,-82.4406967,35.33929825
21505,-82.4375000,35.33976746
21506,-82.4375839,35.33988571
30076,-89.9003982,35.34009933
21499,-82.4373016,35.34019852
21185,-80.8348999,35.34059906
21493,-82.4374008,35.34170151
2980,-119.0981670,35.34181600
30077,-89.9090652,35.34254837
20844,-80.1715012,35.34569931
4706,-120.8379974,35.34600067
2988,-119.0389023,35.34659958
20847,-80.1783880,35.34678200
1458,-94.4221878,35.34726715
21134,-80.8453980,35.34730148
1449,-94.3580017,35.34780121
21141,-80.8414993,35.34830093
21111,-80.8441086,35.34874725
21941,-81.9347992,35.34889984
26653,-97.4951019,35.35200119
26773,-96.9118042,35.35202026
2965,-119.3326035,35.35419846
2985,-118.9125100,35.35426300
26651,-97.4954987,35.35480118
2972,-119.0379181,35.35773087
1443,-94.3691482,35.35778427
1456,-94.3507004,35.35839844
1451,-94.4220730,35.35916800
1447,-94.3666992,35.36080170
20981,-79.7697983,35.36090088
21369,-81.8928986,35.36140060
1441,-94.3662033,35.36159897
2975,-119.0594025,35.36190033
21237,-80.7089005,35.36429977
4698,-120.8506012,35.36500168
2970,-119.0431976,35.36529922
2987,-119.0422134,35.36533737
2974,-119.0456009,35.36539841
2990,-119.0434036,35.36579895
4701,-120.8523000,35.36590000
4694,-120.8514023,35.36600113
2976,-119.0389023,35.36700058
2991,-119.0393524,35.36748505
2973,-119.0205994,35.36809921
21236,-80.7109985,35.36809921
2984,-119.0443820,35.36810200
21228,-80.7110977,35.36819839
4711,-120.8511276,35.36834335
4702,-120.8491440,35.36842728
4699,-120.8518982,35.36849976
2989,-119.0481033,35.36849976
20845,-80.1980972,35.37129974
21238,-80.7083511,35.37242126
2978,-119.0106964,35.37300110
21409,-77.9219971,35.37340164
2966,-119.0093994,35.37350082
21411,-77.9466400,35.37457657
20979,-78.5391006,35.37879944
21418,-77.9366608,35.37880325
4708,-120.8560910,35.37986700
21235,-80.6999969,35.37999725
2977,-119.0493011,35.38040161
2969,-119.0479965,35.38069916
2968,-119.0468979,35.38090134
21414,-77.9469986,35.38169861
2967,-119.0476608,35.38317490
2982,-119.0416031,35.38349915
2964,-119.0429993,35.38410187
26776,-96.7869000,35.38415000
30346,-86.2322006,35.38430023
26775,-96.9120310,35.38430300
26678,-97.4956970,35.38439941
26774,-96.9298019,35.38470078
1450,-94.4245987,35.38489914
1444,-94.4218979,35.38489914
21415,-77.9478989,35.38560104
26589,-99.4003525,35.38610458
1452,-94.4184330,35.38669700
26724,-97.5259323,35.38751602
30347,-86.2352982,35.38790131
4697,-120.8579025,35.38830185
21417,-77.9403534,35.38859940
26711,-97.5333023,35.39009857
26731,-97.4895020,35.39229965
26727,-97.5654983,35.39260101
26702,-97.4928970,35.39300156
26726,-97.4943008,35.39722443
21413,-77.9608994,35.39841461
21410,-77.9761963,35.40029907
21412,-77.9690018,35.40100098
26590,-99.4247971,35.40150070
21232,-80.6433029,35.40999985
21230,-80.6434021,35.41030121
26588,-99.4300003,35.41149902
2983,-119.0598590,35.41580200
26593,-99.3737793,35.42156219
21040,-83.4397888,35.42159653
21549,-80.8594971,35.42259979
21547,-80.8619003,35.42739868
26737,-97.4855347,35.43270111
26723,-97.4856310,35.43366200
26650,-97.4068985,35.43539810
21229,-80.6638031,35.43569946
21545,-80.8702011,35.43700027
21364,-82.5307999,35.43840027
26694,-97.4854279,35.43904495
20910,-82.4945000,35.43910000
1789,-94.3199997,35.43999863
21551,-80.8722992,35.44020081
21543,-80.8727035,35.44029999
20866,-82.5352860,35.44100952
26646,-97.4198380,35.44179916
21233,-80.6083984,35.44300079
26725,-97.6006317,35.44362259
21366,-82.5347977,35.44369888
26712,-97.6013031,35.44419861
1257,-93.4646988,35.44449997
21546,-80.8673019,35.44459915
26647,-97.4200974,35.44530106
21550,-80.8900986,35.44540024
26745,-97.6009674,35.44597244
26572,-97.4247971,35.44599915
26704,-97.6010971,35.44660187
26676,-97.6008987,35.44689941
26698,-97.6010971,35.44699860
26683,-97.5996018,35.44710159
26649,-97.4235992,35.44760132
26648,-97.4203033,35.44760132
26553,-95.5718994,35.44770050
21576,-80.6043014,35.44789886
21574,-80.6078033,35.44839859
21201,-83.2416992,35.45019913
26765,-94.8079987,35.45059967
21618,-82.1343002,35.45330048
26718,-97.6009979,35.45389938
26734,-97.6015015,35.45468140
26742,-97.6184616,35.45529175
29992,-86.0478973,35.45600128
29991,-86.0475006,35.45600128
26697,-97.6544800,35.45619965
26679,-97.6022034,35.45690155
26709,-97.5990982,35.45690155
26690,-97.5970001,35.45700073
26769,-94.8070170,35.45733400
26708,-97.6014023,35.45750046
26717,-97.6009979,35.45750046
29990,-86.0542602,35.45819473
29986,-86.0560989,35.45909882
26766,-94.8075714,35.45933914
26684,-97.6017303,35.45940018
26768,-94.7721270,35.45985800
1794,-94.3567963,35.45989990
29985,-86.0550003,35.46020126
1793,-94.3564310,35.46036400
1696,-94.3458023,35.46049881
26682,-97.6016006,35.46080017
26714,-97.6007309,35.46143723
26695,-97.6008987,35.46170044
29509,-84.6419780,35.46188100
26681,-97.5972977,35.46229935
21910,-79.1507034,35.46250153
21231,-80.5859985,35.46260071
26736,-97.6013031,35.46279907
29508,-84.6473250,35.46303700
29504,-84.6446991,35.46329880
1790,-94.3560028,35.46390152
26701,-97.6062012,35.46400070
26732,-97.6007996,35.46419907
29505,-84.6466217,35.46456909
1788,-94.3562012,35.46459961
29506,-84.6466980,35.46480179
21911,-79.1529007,35.46480179
1254,-93.4587174,35.46519089
21234,-80.5878448,35.46570206
22005,-83.0397034,35.46590042
26869,-97.7248993,35.46649933
26733,-97.5149002,35.46659851
26730,-97.5145035,35.46670151
21208,-83.3221283,35.46698380
2937,-120.6503230,35.46740700
21909,-79.1622009,35.46780014
21204,-83.3023987,35.46820068
21642,-81.2398987,35.47090149
1255,-93.5021973,35.47330093
21575,-80.5906753,35.47376633
21206,-83.3150024,35.47389984
21209,-83.3145828,35.47399521
21641,-81.2358627,35.47625351
21200,-83.3360977,35.47629929
26868,-97.7881012,35.47890091
21245,-80.8738022,35.47890091
20867,-82.5552826,35.48093414
26740,-97.4925003,35.48310089
21243,-80.8722992,35.48379898
29987,-86.0660019,35.48410034
21244,-80.8768997,35.48529816
30322,-86.4625626,35.48625565
1188,-94.2260971,35.48630142
21908,-79.1864014,35.48690033
30318,-86.4469986,35.48749924
21199,-83.3125992,35.49280167
26587,-97.9374008,35.49489975
21572,-80.5624008,35.49750137
29989,-86.0840000,35.49800000
21907,-79.2023315,35.49985886
26567,-98.9759979,35.50040054
26867,-97.7400971,35.50339890
2935,-120.6886978,35.50379944
21926,-78.3211975,35.50384521
21928,-78.3232803,35.50462341
23582,-108.8340073,35.50483322
22017,-82.9449005,35.50490189
23586,-108.8293991,35.50569916
26568,-98.9872971,35.50609970
23589,-108.8262711,35.50626755
23584,-108.8265080,35.50649700
23578,-108.8207016,35.50749969
23579,-108.8176651,35.50770187
23576,-108.8306503,35.50899887
23572,-108.8078003,35.50979996
21205,-83.2871018,35.51119995
26738,-97.5640030,35.51169968
26693,-97.5637970,35.51169968
26545,-98.9713211,35.51230240
21665,-83.0777969,35.51232147
21927,-78.3050003,35.51290131
21061,-82.6982160,35.51350100
26722,-97.5491910,35.51352100
21660,-83.0820007,35.51430130
26586,-97.9722366,35.51485825
2625,-113.5008370,35.51515900
21916,-78.2857971,35.51819992
21915,-78.2940979,35.51850128
23574,-108.7715988,35.51890182
26707,-97.5412979,35.51929855
23588,-108.7657166,35.52045822
21914,-78.2921982,35.52059937
23577,-108.7627487,35.52119827
32450,-98.7265701,35.52146912
21677,-83.0314941,35.52153778
21672,-83.0294800,35.52248001
26689,-97.5373993,35.52249908
20893,-82.6016006,35.52370071
1256,-93.4979019,35.52379990
26700,-97.5609970,35.52519989
20891,-82.6066284,35.52556610
26710,-97.5616989,35.52579880
26860,-98.7020035,35.52610016
26692,-97.5680008,35.52709961
26861,-98.6917038,35.52730179
26705,-97.5696030,35.52759933
2234,-113.4248280,35.52819100
26719,-97.5719986,35.52890015
23573,-108.6902008,35.52899933
2235,-113.4246979,35.52920151
26685,-97.5689087,35.52920914
23587,-108.7256241,35.52983475
23585,-108.7586975,35.53155136
20939,-82.6045990,35.53329849
20913,-82.6042023,35.53329849
20907,-82.6038971,35.53340149
20902,-82.6043625,35.53357315
26720,-97.5459976,35.53440094
26680,-97.5121994,35.53459930
26713,-97.5160980,35.53599930
22008,-83.0266037,35.53649902
26862,-98.6548004,35.53710175
29535,-89.2471237,35.53980255
21060,-82.7571030,35.54040146
26716,-97.6080017,35.54460144
26699,-97.6082001,35.54470062
2732,-112.3271027,35.54489899
29690,-84.9685974,35.54560089
21064,-82.8520432,35.55426788
21999,-77.0586014,35.55459976
21996,-77.0589752,35.55461884
21997,-77.0629959,35.55834961
20937,-82.6432190,35.55939102
20912,-82.5394974,35.56079865
20927,-82.6369019,35.56100082
20929,-82.6361008,35.56150055
20899,-82.5430603,35.56168365
20883,-82.5403976,35.56169891
20895,-82.5410538,35.56201935
20936,-82.5420380,35.56230164
20915,-82.5416290,35.56296600
21995,-77.0625534,35.56359100
20928,-82.5110220,35.56501100
21998,-77.0718994,35.56620026
1259,-92.4522018,35.56740189
3240,-121.1082993,35.56890106
31921,-100.9654999,35.56930161
21480,-77.4010544,35.56938934
29672,-89.6478195,35.56985474
26686,-97.4461746,35.57161713
20931,-82.5450974,35.57170105
29536,-89.2444000,35.57229996
21717,-80.8883972,35.57329941
21383,-78.7706146,35.57420731
29674,-89.6429977,35.57770157
20901,-82.5385971,35.57830048
21690,-81.9794006,35.57830048
29673,-89.6424026,35.57880020
21579,-78.1481680,35.58119100
26696,-97.4653015,35.58150101
20919,-82.4642710,35.58370400
20926,-82.4640808,35.58421707
29671,-89.6383591,35.58541489
20885,-82.5192032,35.58580017
20938,-82.5282974,35.58620071
20894,-82.5281982,35.58620071
21386,-78.7817993,35.58620071
20897,-82.4785995,35.58629990
21718,-80.8538971,35.58660126
20911,-82.4775009,35.58670044
26743,-97.4372940,35.58768845
30332,-84.4698563,35.58798218
5086,-120.6966019,35.58879852
20908,-82.5298004,35.59009933
20896,-82.5298996,35.59030151
21720,-80.8557053,35.59117508
30334,-84.4794083,35.59260559
21578,-78.1321182,35.59312439
21721,-80.8607864,35.59324646
26739,-97.4317093,35.59362411
20898,-82.5570984,35.59389496
23630,-105.2141953,35.59444809
21716,-80.8564606,35.59449768
21722,-80.8673019,35.59489822
1672,-91.2334000,35.59490000
20900,-82.5321884,35.59497833
20909,-82.5543976,35.59550095
30335,-84.4942017,35.59629822
21723,-80.8627243,35.59660721
21392,-78.5781555,35.59790421
20930,-82.5522003,35.59809875
30333,-84.5075378,35.59868240
30330,-84.5189972,35.59909821
1258,-92.4632034,35.60039902
21469,-77.4383011,35.60150146
21466,-77.3328018,35.60189819
21388,-78.5711975,35.60269928
1671,-91.2497025,35.60340118
21476,-77.3986969,35.60340118
21474,-77.3998032,35.60369873
21470,-77.3957062,35.60547256
1673,-91.2776130,35.60645100
26706,-97.5627975,35.60699844
21391,-78.5605011,35.60720062
20985,-82.3186035,35.60878372
21478,-77.3944015,35.60929871
26677,-97.5723038,35.60969925
21477,-77.3938980,35.61040115
23631,-105.2095032,35.61109924
23745,-106.0337906,35.61134338
5847,-121.1417790,35.61155800
5849,-121.1426010,35.61190033
26747,-95.9614182,35.61210251
5083,-120.6926410,35.61316700
5846,-121.1471024,35.61460114
5275,-117.6708984,35.61510086
23635,-105.2090683,35.61516571
5273,-117.6702680,35.61584200
4434,-119.6595860,35.61646400
5274,-117.6691284,35.61664581
4433,-119.6576996,35.61800003
5268,-117.6697998,35.61809921
20988,-82.3145981,35.62009811
26582,-97.4887772,35.62097168
29649,-87.0315018,35.62149811
20906,-82.5398026,35.62409973
5092,-120.6913986,35.62580109
30331,-84.5043030,35.62580109
29650,-87.0474701,35.62716675
23753,-106.0201035,35.63510132
23729,-106.0185013,35.63759995
5272,-117.6784973,35.63790131
23718,-106.0162506,35.63973236
23739,-106.0164032,35.64020157
5081,-120.6871033,35.64070129
5276,-117.6692430,35.64086500
26584,-97.4833040,35.64107000
5080,-120.6873840,35.64217300
5095,-120.6925964,35.64239883
21900,-80.4832001,35.64239883
21903,-80.4830017,35.64260101
29646,-86.9024963,35.64279938
21689,-81.9860306,35.64345932
5090,-120.6882310,35.64457800
23758,-106.0094986,35.64479828
23710,-106.0089035,35.64500046
21901,-80.4888000,35.64540100
23736,-106.0084991,35.64550018
5088,-120.6889038,35.64569855
29832,-88.8610001,35.64670181
23738,-106.0043182,35.64696503
26746,-95.9613037,35.64749908
23768,-106.0031967,35.64799881
21473,-77.3685989,35.64799881
23720,-106.0030975,35.64889908
23767,-105.9760971,35.65069962
29976,-88.3944015,35.65140152
5271,-117.6711655,35.65141296
21904,-80.4677963,35.65150070
26580,-97.4290008,35.65240097
26579,-97.4451981,35.65269852
26581,-97.4303970,35.65269852
29843,-88.8283480,35.65371600
29828,-88.8281555,35.65384674
23722,-105.9934006,35.65387344
23762,-105.9939651,35.65424728
23757,-105.9932880,35.65457500
29834,-88.8527145,35.65516663
23760,-105.9909973,35.65589905
29648,-87.0085526,35.65703964
29844,-88.8535004,35.65750122
21899,-80.4604797,35.65808105
29848,-88.8535004,35.65859985
29833,-88.8538971,35.65930176
29977,-88.4210968,35.65990067
23709,-105.9820023,35.66090012
29829,-88.8553772,35.66148376
23763,-105.9502029,35.66170120
29845,-88.8528976,35.66199875
21688,-81.9773712,35.66287613
2757,-109.0557022,35.66360092
23719,-105.9772873,35.66361237
23727,-105.9732200,35.66445200
29837,-88.8470001,35.66529846
29847,-88.8293991,35.66780090
29839,-88.8414001,35.66830063
29827,-88.8345566,35.66868973
29841,-88.8293991,35.66970062
23748,-105.9386220,35.67796300
29838,-88.7839432,35.67894745
29840,-88.8303680,35.67995453
23742,-105.9462891,35.68173599
23733,-105.9476013,35.68249893
20868,-79.8219986,35.68370056
23749,-105.9318008,35.68470001
23747,-105.9400101,35.68498611
23743,-105.9403000,35.68610001
23752,-105.9328003,35.68619919
23712,-105.9328003,35.68629837
23751,-105.9374008,35.68659973
23737,-105.9423981,35.68780136
23728,-105.9423981,35.68809891
20869,-79.8289566,35.68859482
23775,-105.9440994,35.68870163
23754,-105.9458008,35.68899918
21389,-78.6064987,35.68999863
21390,-78.6417007,35.69089890
21393,-78.6415024,35.69110107
23730,-105.9318085,35.69202042
20871,-79.7935028,35.69509888
20870,-79.7926025,35.69549942
1694,-90.0374985,35.69800186
21515,-81.3654022,35.70009995
21512,-81.3647003,35.70069885
23755,-105.9494019,35.70109940
21729,-81.7014008,35.70320129
29766,-83.5170975,35.70479965
29757,-83.5269012,35.70700073
29784,-83.5251007,35.70729828
29753,-83.5175247,35.70766068
29750,-83.5214005,35.70790100
29782,-83.5205002,35.70830154
21730,-81.6399002,35.70859909
29763,-83.5202026,35.70909882
21239,-81.2640991,35.70949936
21510,-81.3050003,35.70959854
29752,-83.5168991,35.70970154
21241,-81.2642975,35.71030045
29756,-83.5225983,35.71039963
21511,-81.3114014,35.71110153
29783,-83.5178070,35.71170807
21513,-81.3122025,35.71179962
21518,-81.3140411,35.71196747
21509,-81.3177032,35.71229935
29785,-83.5165024,35.71319962
29742,-83.5130997,35.71329880
21514,-81.3174973,35.71329880
29744,-83.5127029,35.71340179
29743,-83.5113983,35.71350098
26552,-96.8844681,35.71587372
29787,-83.5066986,35.71599960
22085,-77.9336014,35.71630096
21240,-81.2316971,35.71640015
29788,-83.5043716,35.71641922
21517,-81.3142014,35.71720123
20858,-78.8416977,35.71720123
21213,-81.1557999,35.71979904
22088,-77.9483032,35.72029877
21394,-78.6341553,35.72035980
23711,-105.9151001,35.72119904
21731,-81.6554565,35.72167587
29755,-83.5102005,35.72470093
22041,-76.9794000,35.72550000
21826,-78.6491013,35.72660065
26660,-95.4024963,35.72700119
20857,-78.8497009,35.72869873
29980,-84.3852005,35.73059845
21691,-82.0472336,35.73143387
21081,-78.7902985,35.73360062
21078,-78.8019028,35.73469925
21075,-78.7889023,35.73500061
21079,-78.7795029,35.73500061
21076,-78.7862015,35.73830032
21073,-78.7983017,35.73910141
21072,-78.7860031,35.73929977
21516,-81.3778534,35.74639130
26655,-95.4024277,35.74753189
26659,-95.4022300,35.74963000
30288,-89.5503998,35.75410080
21855,-78.6492004,35.75529861
21077,-78.7376022,35.75540161
26784,-96.6625977,35.75780106
1201,-91.6415024,35.75830078
29741,-83.3460999,35.75949860
21080,-78.7441025,35.76089859
22092,-78.0007629,35.76170731
21070,-78.7550964,35.76210022
22089,-78.0065002,35.76369858
22090,-78.0065002,35.76399994
21852,-78.7426130,35.76525800
26658,-95.4010010,35.76760101
26656,-95.4017029,35.76779938
30287,-89.5366745,35.76852036
26654,-95.3939972,35.76879883
21959,-80.8750992,35.77040100
21819,-78.7398987,35.77059937
21948,-80.8591003,35.77080154
21956,-80.8600020,35.77089200
21639,-80.2347031,35.77159882
21953,-80.8733978,35.77180099
21858,-78.6401977,35.77519989
22087,-78.0087967,35.77629852
30277,-83.5460968,35.77769852
23980,-115.3290060,35.77827900
21638,-80.2594910,35.77905655
21821,-78.6434555,35.78019714
29495,-83.9830017,35.78070068
1204,-91.6417923,35.78093338
1203,-91.6415405,35.78132248
30242,-83.5501938,35.78172302
30267,-83.5502472,35.78210068
30256,-83.5534973,35.78279877
30278,-83.5537491,35.78292847
30268,-83.5477982,35.78310013
30239,-83.5529022,35.78469849
21837,-78.6597977,35.78499985
29494,-83.9881973,35.78509903
30266,-83.5536118,35.78536987
21845,-78.5877075,35.78814697
30238,-83.5544000,35.78830000
29496,-83.9912415,35.78838730
30257,-83.5690994,35.78851700
3566,-119.2254028,35.79050064
21957,-80.8610992,35.79100037
1202,-91.6465988,35.79209900
30271,-83.5591965,35.79219818
30253,-83.5626984,35.79430008
21832,-78.7496033,35.79430008
30248,-83.5639038,35.79529953
21083,-78.8051987,35.79560089
21861,-78.5807343,35.79560471
21823,-78.5762024,35.79650116
21850,-78.5839490,35.79699500
21840,-78.5568008,35.79759979
30244,-83.5718994,35.79809952
30255,-83.5713043,35.79983139
30240,-83.5848970,35.80071400
30246,-83.5723495,35.80078125
29493,-83.9887009,35.80170059
21854,-78.7072907,35.80205917
21822,-78.7229996,35.80429840
21954,-80.8765030,35.80459976
30276,-83.5767975,35.80500031
30250,-83.5774002,35.80540085
21949,-80.8868027,35.80630112
21951,-80.8759994,35.80739975
1559,-90.7231293,35.80810928
29971,-84.2625600,35.80818000
1556,-90.6781006,35.80920029
1555,-90.6778030,35.80939865
1554,-90.6707993,35.80939865
1553,-90.6779022,35.80970001
1552,-90.6711807,35.80973816
29490,-83.9841995,35.80979919
1551,-90.6737976,35.81010056
30247,-83.5782660,35.81013300
30252,-83.5783997,35.81029892
30103,-86.3969955,35.81067657
1550,-90.6783981,35.81079865
30269,-83.5781403,35.81156540
1562,-90.6779327,35.81166840
21813,-79.0082016,35.81169891
29489,-83.9825058,35.81212616
29491,-83.9823990,35.81259918
30260,-83.5792560,35.81369800
21827,-78.6022034,35.81389999
21958,-80.8764496,35.81413269
30095,-86.3964005,35.81539917
30249,-83.5780029,35.81539917
29492,-83.9797974,35.81600189
21859,-78.6011963,35.81620407
21817,-78.6010971,35.81679916
21841,-78.6008987,35.81700134
2566,-109.1503000,35.81780000
22040,-77.1094920,35.81824800
30304,-83.5779572,35.82157898
30107,-86.3947983,35.82285690
21844,-78.6996002,35.82379913
21824,-78.6234970,35.82379913
21835,-78.6242981,35.82410049
21860,-78.6252975,35.82500076
21830,-78.6252975,35.82509995
21825,-78.5860977,35.82690048
30302,-83.5753479,35.82771683
21857,-78.6240006,35.82799911
21816,-78.6219025,35.82809830
1558,-90.6635860,35.82816300
29973,-84.2779388,35.82818604
29970,-84.2778168,35.82864380
21836,-78.6195984,35.82929993
21842,-78.6185989,35.83079910
29972,-84.2821655,35.83128357
21074,-78.7680969,35.83160019
21862,-78.5843964,35.83240128
21846,-78.6765976,35.83300018
21831,-78.6763992,35.83319855
21856,-78.6765976,35.83340073
30306,-83.5731550,35.83345500
23640,-106.3583984,35.83380127
21640,-80.2505035,35.83580017
21851,-78.6737920,35.83638000
21838,-78.6723023,35.83710098
1557,-90.7255300,35.83924800
21820,-78.6737976,35.84030151
22039,-77.0639300,35.84136300
21848,-78.6781998,35.84140015
30315,-83.5707932,35.84154510
21853,-78.5786667,35.84180069
30307,-83.5364400,35.84258000
30096,-86.4309998,35.84560013
30112,-86.4306641,35.84564590
30979,-101.9728470,35.84582520
30977,-101.9735031,35.84600067
30100,-86.4166031,35.84600067
30981,-101.9737015,35.84609985
21829,-78.6801987,35.84619904
21970,-80.0915146,35.84633255
30106,-86.4310650,35.84635200
30108,-86.4289017,35.84659958
30111,-86.4307022,35.84680176
30102,-86.4313060,35.84707500
30978,-101.9738541,35.84719849
21843,-78.6947021,35.84780121
30980,-101.9735031,35.84899902
30099,-86.4301453,35.84916687
30297,-83.5699005,35.84939957
30110,-86.4412537,35.84949875
21738,-78.7963028,35.84999847
21828,-78.6995316,35.85087967
21833,-78.5782013,35.85540009
21971,-80.1038971,35.85630035
21834,-78.7036972,35.85680008
21742,-78.8142014,35.85760117
21733,-78.8139038,35.85760117
21735,-78.8214035,35.85839844
21736,-78.8215027,35.85850143
21737,-78.8192978,35.85919952
21739,-78.8191986,35.85919952
21740,-78.8168030,35.85919952
21972,-80.0726090,35.86262894
21734,-78.8011017,35.86461258
21732,-78.8143539,35.86461639
1654,-92.1039300,35.86934500
29886,-84.4451370,35.87005997
1667,-92.1124000,35.87240000
1658,-92.1159973,35.87279892
26610,-97.3957977,35.87680054
21302,-78.8391037,35.87699890
29720,-86.7981720,35.87866592
26612,-97.3950577,35.87889481
29885,-84.5075226,35.87918472
29826,-87.8011169,35.88063431
21308,-78.8437195,35.88068390
21273,-78.8431091,35.88071442
23639,-106.2903976,35.88130188
21303,-78.8483963,35.88140106
29887,-84.5049820,35.88169861
23641,-106.3095016,35.88240051
30308,-83.5742035,35.88349915
29823,-87.7983017,35.88479996
21287,-78.8498001,35.88520050
26785,-94.9767990,35.88619995
29824,-87.7969971,35.88679886
29825,-87.7959976,35.88719940
30303,-83.5763016,35.88858032
23740,-106.0228729,35.89016265
21309,-78.8489990,35.89189911
21967,-77.5520020,35.89239883
21293,-78.8479004,35.89379883
30101,-86.4256973,35.89609909
29918,-84.1756973,35.89609909
29892,-84.1728973,35.89670181
29904,-84.1398150,35.89902900
29939,-84.1727295,35.90029907
21276,-78.8983002,35.90029907
29899,-84.1745987,35.90039825
21763,-75.5938797,35.90100098
20862,-79.9517975,35.90250015
21269,-78.9014969,35.90259933
21275,-78.8964005,35.90399933
30316,-83.5815310,35.90551800
29815,-84.5948029,35.90610123
26787,-94.9843979,35.90629959
29812,-84.5683975,35.90639877
21095,-79.0216980,35.90650177
29814,-84.5932007,35.90670013
29895,-84.1462021,35.90710068
21088,-78.9834976,35.90719986
21091,-78.9837036,35.90779877
21291,-78.8940659,35.90860367
29727,-86.8234024,35.91049957
29724,-86.8230972,35.91049957
21279,-78.8972015,35.91059875
29718,-86.8229980,35.91078568
21277,-78.8659973,35.91239929
29901,-84.1024017,35.91389847
29941,-84.1020966,35.91389847
29934,-84.1019974,35.91389847
29894,-84.0991974,35.91410065
29916,-84.0945969,35.91450119
21284,-78.9187012,35.91479874
29715,-86.8238983,35.91481400
21272,-78.9187012,35.91500092
29716,-86.8282013,35.91510010
29732,-86.8282013,35.91519928
29933,-84.0897980,35.91529846
29923,-84.0876999,35.91569901
21635,-81.5250244,35.91585159
29936,-84.0887070,35.91700745
29906,-84.0899963,35.91999817
29915,-84.0878982,35.92010117
29920,-84.0915985,35.92020035
20859,-79.9391022,35.92200089
29910,-84.0449982,35.92399979
29942,-84.1488953,35.92515945
21089,-79.0315018,35.92530060
29822,-88.1059036,35.92620087
29898,-84.0411148,35.92670822
1231,-89.9188003,35.92720032
29921,-84.0367584,35.92845535
29721,-86.8414001,35.92910004
1230,-89.8773727,35.92919922
21094,-79.0342026,35.92969894
21090,-79.0233994,35.93360138
21087,-79.0242004,35.93389893
21523,-79.9928970,35.93579865
1234,-89.8908997,35.93590164
21527,-79.9897995,35.93740082
29937,-84.0067902,35.93829727
21524,-79.9790726,35.93946457
21093,-79.0170975,35.93960190
29919,-83.9981003,35.94570160
29729,-86.8228989,35.94630051
1233,-89.9523010,35.94729996
29677,-85.0245514,35.94742966
30216,-83.2011290,35.94784300
21298,-79.0001984,35.95019913
29719,-86.8170013,35.95090103
21271,-78.9954834,35.95100021
29723,-86.8159027,35.95109940
29684,-85.0168991,35.95109940
21839,-78.5428009,35.95140076
26605,-96.0095978,35.95270157
29902,-83.9327011,35.95634079
29946,-83.5932999,35.95640182
21526,-80.0053024,35.95679855
29725,-86.8013000,35.95849991
30212,-83.1961975,35.95920181
30215,-83.1958008,35.95930099
26858,-95.3952026,35.95980072
21285,-78.9769974,35.96129990
29714,-86.8125000,35.96139908
29917,-83.9195023,35.96279907
21290,-78.9730988,35.96409988
29926,-83.9107971,35.96419907
29525,-86.7882996,35.96440125
21286,-79.0026016,35.96559906
29527,-86.8105850,35.96807480
21304,-78.8386993,35.96979904
30327,-86.5692978,35.97060013
30214,-83.2534256,35.97086334
21892,-77.8086014,35.97119904
30329,-86.5748978,35.97249985
21887,-77.8482742,35.97305679
21888,-77.8472977,35.97309875
29678,-85.0286026,35.97320175
21893,-77.8470993,35.97320175
21280,-78.9579010,35.97340012
21885,-77.7996979,35.97480011
29943,-83.6061690,35.97684500
21890,-77.8462982,35.97750092
29948,-83.6071396,35.97772980
29945,-83.6073914,35.97840118
21891,-77.8069992,35.97880173
30296,-83.6075974,35.97959900
21987,-78.5441818,35.98065948
29944,-83.6120370,35.98079200
21986,-78.5426025,35.98180008
21889,-77.7851028,35.98429871
29947,-83.6044830,35.98493300
2040,-112.1231308,35.98580170
23553,-106.0550613,35.98625565
4149,-119.9613290,35.98711200
23552,-106.0624161,35.98716736
4148,-119.9620972,35.98799896
2043,-112.1224136,35.98865128
30326,-86.5336990,35.98889923
21521,-80.0034027,35.98929977
23879,-114.8295975,35.99150085
30328,-86.5281753,35.99405289
21522,-80.0332031,35.99649811
29950,-86.5968323,35.99689102
21292,-78.9020004,35.99710083
29952,-86.5967026,35.99850082
21593,-75.6483688,35.99936295
29694,-87.3271027,35.99990082
29699,-87.3266983,35.99990082
29911,-83.7786026,36.00130081
29676,-85.0460968,36.00220108
23974,-115.1200440,36.00285700
30224,-84.2494020,36.00407600
29938,-83.7767868,36.00413513
29905,-83.7727966,36.00498581
29913,-83.7759018,36.00500107
29931,-83.7763825,36.00517273
30219,-84.2517700,36.00628662
29951,-86.5933991,36.00630188
29682,-85.0470581,36.00669098
30220,-84.2637177,36.00773621
30222,-84.2636032,36.00780106
30221,-84.2629776,36.00796509
21423,-79.8463974,36.00830078
21268,-78.9371033,36.00939941
21294,-78.9517975,36.00989914
29935,-83.9700012,36.00999832
29903,-83.8416977,36.01055527
30225,-84.2686997,36.01070023
29897,-83.9756012,36.01070023
29929,-83.9764300,36.01140200
29914,-83.9700012,36.01200104
21583,-75.6569977,36.01440048
30223,-84.2496033,36.01480103
21594,-75.6587982,36.01570129
21588,-75.6591568,36.01724625
26771,-96.0966034,36.01760101
23519,-105.8719000,36.01890000
23962,-115.0868988,36.01910019
21596,-75.6605988,36.01940155
29500,-86.6192017,36.01950073
21278,-78.9484024,36.02040100
3096,-121.5532913,36.02164078
29693,-87.3385010,36.02230072
29696,-87.3378982,36.02249908
29697,-87.3370972,36.02270126
29692,-87.3370972,36.02289963
29698,-87.3397410,36.02301100
29700,-87.3378982,36.02330017
23965,-114.9644012,36.02389908
21297,-78.9561997,36.02410126
21447,-79.8129530,36.02426200
21282,-78.9571991,36.02529907
29930,-83.9913254,36.02571106
21305,-78.9223023,36.02600098
26546,-95.8153992,36.02669907
21266,-78.9235001,36.02700043
21283,-78.9234009,36.02719879
21288,-78.9357300,36.02774048
21274,-78.9365006,36.02999878
21281,-78.9356995,36.02999878
21299,-78.9188995,36.03150177
21590,-75.6681976,36.03179932
29516,-86.8037033,36.03219986
29526,-86.8010025,36.03229904
29519,-86.7833023,36.03279877
23967,-114.9689026,36.03300095
29522,-86.7996979,36.03300095
21217,-80.3829346,36.03385925
1703,-90.5186005,36.03390121
21216,-80.3823471,36.03399277
30282,-84.1781616,36.03413010
26806,-95.9542007,36.03509903
21453,-79.7908020,36.03509903
29524,-86.7951736,36.03609848
21462,-79.7873001,36.03639984
29518,-86.7891998,36.03680038
21215,-80.3845978,36.03699875
29688,-83.4405975,36.03710175
29515,-86.8010025,36.03789902
21267,-79.0084992,36.03789902
29689,-83.4400711,36.03838348
29686,-83.4375610,36.03853607
29523,-86.7804031,36.03879929
29520,-86.7848968,36.03919983
29521,-86.7794037,36.04109955
29528,-86.7809982,36.04130173
29517,-86.7815018,36.04209900
21457,-79.8430023,36.04209900
21433,-79.8432007,36.04240036
21043,-79.4880981,36.04259872
21425,-79.8453980,36.04290009
22032,-79.5990982,36.04339981
26844,-95.8842011,36.04380035
21439,-79.8453980,36.04399872
29501,-86.6502991,36.04420090
29503,-86.6616670,36.04466500
21456,-79.8453980,36.04479980
29502,-86.6629868,36.04489899
21455,-79.8363037,36.04489899
21463,-79.8363342,36.04496384
21428,-79.8452225,36.04529190
23964,-115.0786972,36.04560089
21461,-79.8369230,36.04571900
1411,-94.1899033,36.04629898
21432,-79.8381740,36.04635600
24029,-115.1720963,36.04750061
21450,-79.8358002,36.04840088
26838,-95.9425964,36.04850006
23704,-106.0802002,36.04890060
26820,-95.9580002,36.04899979
30283,-83.9998016,36.04970169
5173,-119.0270996,36.04980087
1414,-94.1942596,36.05201340
21465,-79.8948975,36.05270004
21452,-79.7358017,36.05279922
21460,-79.8948975,36.05300140
21459,-79.8904038,36.05319977
1425,-94.1930008,36.05390167
21421,-79.8933029,36.05419922
2042,-112.1386032,36.05429840
21443,-79.8936997,36.05459976
1421,-94.1961975,36.05519867
1415,-94.1965027,36.05550003
21430,-79.8955994,36.05580139
21538,-79.1060028,36.05580139
29705,-89.3942032,36.05590057
1704,-90.5106659,36.05595016
26850,-95.8673019,36.05770111
29703,-89.3963013,36.05770111
24005,-115.1453018,36.05810165
21440,-79.8899994,36.05820084
29706,-89.3914032,36.05839920
21435,-79.8927002,36.05879974
26796,-95.8656998,36.05889893
26816,-95.8818970,36.06029892
21519,-79.9628982,36.06050110
26832,-95.9636002,36.06060028
26823,-95.8750992,36.06069946
26815,-95.8750000,36.06069946
21520,-79.9543991,36.06069946
21419,-79.3818970,36.06100082
1424,-94.2008438,36.06122971
22109,-80.3095017,36.06169891
21884,-77.8179016,36.06169891
26531,-95.8053970,36.06190109
22110,-80.2995987,36.06209946
21046,-79.4331970,36.06219864
21048,-79.4340590,36.06244300
22115,-80.3096771,36.06246948
21586,-75.6880035,36.06250000
1423,-94.1567000,36.06267200
21886,-77.8191681,36.06272888
22102,-80.3071976,36.06280136
22104,-80.3071976,36.06290054
1416,-94.1595993,36.06330109
23973,-115.0403976,36.06359863
26790,-95.9189987,36.06420135
21045,-79.5102997,36.06420135
21705,-79.2993012,36.06420135
21427,-79.9095993,36.06439972
21041,-79.4336700,36.06455994
22106,-80.2585983,36.06460190
30830,-102.5195007,36.06489944
30832,-102.5230026,36.06570053
29704,-89.3982544,36.06583405
26843,-95.8561020,36.06650162
21049,-79.4722137,36.06685257
22097,-80.3291779,36.06776810
30833,-102.5152512,36.06830978
30836,-102.5124969,36.06840134
30835,-102.5149994,36.06880188
21051,-79.4962180,36.06890400
21589,-75.6921997,36.06900024
22108,-80.2580032,36.06959915
22099,-80.3163986,36.07070160
23960,-115.0824966,36.07099915
21042,-79.4933014,36.07139969
22103,-80.3163986,36.07160187
22101,-80.2972031,36.07260132
5174,-119.0380490,36.07316300
23971,-115.0818024,36.07350159
26848,-95.8635025,36.07369995
26809,-95.9222031,36.07500076
21454,-79.9581986,36.07519913
21445,-79.7912979,36.07519913
26548,-95.8162994,36.07550049
21429,-79.9607925,36.07575607
21426,-79.9611969,36.07640076
26547,-95.8148117,36.07658768
21424,-79.9606018,36.07659912
21441,-79.9461975,36.07659912
21438,-79.9601974,36.07720184
21448,-79.9577640,36.07754500
22112,-80.2974014,36.07830048
26855,-96.0468369,36.07854080
30162,-86.9611969,36.07860184
26837,-96.0511570,36.07860400
21317,-76.6190033,36.07870102
21458,-79.9589386,36.08071518
24072,-115.1817017,36.08160019
24002,-115.1816025,36.08190155
30166,-86.7137756,36.08197784
21431,-79.9563980,36.08209991
21606,-75.7033997,36.08209991
26805,-96.0436630,36.08353043
21442,-79.9636002,36.08399963
21434,-79.9634018,36.08399963
21408,-77.8084564,36.08407974
30181,-86.7618027,36.08449936
29890,-87.0991974,36.08499908
24033,-115.1855011,36.08509827
29891,-87.0997543,36.08526611
21449,-79.8273010,36.08629990
30194,-86.7621002,36.08679962
26830,-95.8367996,36.08800125
1422,-94.1952972,36.08919907
26841,-95.9424362,36.08973694
26856,-95.8363037,36.08980179
26854,-95.9737870,36.09007900
26793,-95.9420013,36.09109879
24093,-115.1727982,36.09180069
24019,-115.1729965,36.09199905
24052,-115.1725006,36.09230042
26791,-95.9253998,36.09280014
21582,-80.0609817,36.09318542
22120,-80.2431869,36.09369659
26842,-95.9222031,36.09439850
30157,-86.6801987,36.09510040
1418,-94.1523972,36.09540176
26824,-95.9198990,36.09600067
24051,-115.1731033,36.09719849
24057,-115.1814690,36.09767600
24095,-115.1641006,36.09820175
24004,-115.1668015,36.09899902
23972,-114.9328003,36.09899902
24024,-115.1820984,36.09920120
24047,-115.1900024,36.09939957
24010,-115.1731033,36.09949875
23989,-115.1492996,36.09970093
22111,-80.2576270,36.10008200
21316,-76.6181030,36.10039902
24104,-115.1846008,36.10079956
24038,-115.1704025,36.10079956
24059,-115.1642080,36.10083500
24061,-115.2016983,36.10100174
24053,-115.1729965,36.10129929
24099,-115.1729965,36.10240173
24060,-115.1751022,36.10279846
26839,-95.8554001,36.10440063
26827,-95.8822021,36.10449982
26829,-95.8571014,36.10459900
23968,-114.9181976,36.10509872
21704,-79.2651977,36.10520172
26828,-95.9085007,36.10570145
1926,-109.5500000,36.10580000
1428,-94.1463380,36.10594000
24096,-115.1729965,36.10710144
1925,-109.5446014,36.10720062
29709,-82.4555969,36.10720062
23982,-115.1518021,36.10739899
24085,-115.0569458,36.10740662
23981,-115.1569977,36.10789871
24082,-115.1552963,36.10789871
24027,-115.1524963,36.10879898
21444,-79.9409690,36.10911300
20993,-81.7347031,36.10929871
30159,-86.8158035,36.10969925
24000,-115.1528015,36.11040115
24065,-115.1726990,36.11059952
21581,-80.0628586,36.11079407
24078,-115.0622025,36.11080170
30360,-83.3412628,36.11116409
23986,-115.1736984,36.11149979
24064,-115.1703033,36.11149979
24009,-115.1503983,36.11180115
26802,-95.8880997,36.11209869
24011,-115.1899033,36.11240005
26813,-95.8889008,36.11339951
1426,-94.1472092,36.11403275
23999,-115.1569977,36.11420059
23985,-115.1701965,36.11429977
24100,-115.1617966,36.11429977
26799,-95.8889008,36.11460114
1420,-94.1482010,36.11460114
24091,-115.1615480,36.11468600
24102,-115.2182007,36.11470032
26847,-95.8863220,36.11477280
26801,-95.8889999,36.11479950
26812,-95.8886032,36.11479950
23992,-115.1716995,36.11489868
24071,-115.1575012,36.11529922
21580,-80.0854000,36.11530000
24092,-115.1980972,36.11550140
23996,-115.1541977,36.11550140
24020,-115.1931992,36.11579895
24031,-115.1727982,36.11589813
26779,-97.1229935,36.11594009
26818,-95.8898420,36.11616400
26782,-97.1281110,36.11623700
26795,-95.8899994,36.11650085
26853,-95.8886032,36.11660004
26822,-95.8882980,36.11669922
26814,-95.8887024,36.11690140
24017,-115.1725006,36.11719894
24046,-115.1546021,36.11719894
26851,-95.8892975,36.11809921
24040,-115.1725998,36.11819839
22130,-80.6583099,36.11819839
24013,-115.1548004,36.11949921
24028,-115.1724014,36.11970139
1412,-94.1455002,36.11970139
3090,-121.6310800,36.12062000
26804,-95.8853836,36.12211227
24054,-115.1718979,36.12220001
24101,-115.1712036,36.12220001
24008,-115.1549988,36.12300110
24098,-115.1719971,36.12360001
23988,-115.1547012,36.12580109
26781,-97.0502060,36.12676300
26780,-97.0723038,36.12680054
24070,-115.1548004,36.12760162
24012,-115.0819016,36.12789917
24105,-115.1669006,36.12879944
2628,-111.2397461,36.12998199
24001,-115.1549988,36.13000107
30206,-86.9012985,36.13010025
22098,-80.2624969,36.13019943
30189,-86.7156982,36.13023376
24073,-115.1549988,36.13059998
26777,-97.0492020,36.13069916
24056,-115.0844530,36.13102200
23993,-115.0847015,36.13109970
24050,-115.1576004,36.13209915
29662,-85.4774120,36.13272400
30144,-86.7232971,36.13420105
24036,-115.1370010,36.13439941
24032,-115.1546021,36.13449860
29656,-85.4771652,36.13563919
23998,-115.1625977,36.13650131
29658,-85.5071030,36.13677979
24097,-115.1609650,36.13708496
1548,-94.1785889,36.13710022
29654,-85.5018005,36.13850021
29659,-85.5261993,36.13959885
29660,-85.5017014,36.13970184
26798,-95.8600006,36.13999939
26770,-96.0874023,36.14030075
29663,-85.5119019,36.14039993
30089,-83.2788010,36.14059830
30156,-86.8174973,36.14070129
29655,-85.5014038,36.14130020
22034,-81.1776490,36.14155500
24077,-115.1577988,36.14270020
30147,-86.8575974,36.14279938
30160,-86.6667023,36.14300156
30198,-86.6847992,36.14360046
30087,-83.2776032,36.14369965
21248,-78.7217407,36.14390182
24034,-115.2814026,36.14400101
24062,-115.1738968,36.14410019
24045,-115.3044968,36.14440155
30183,-86.6896973,36.14469910
30151,-86.6666031,36.14479828
30190,-86.6632004,36.14519882
30169,-86.6629028,36.14519882
30201,-86.6632004,36.14550018
30193,-86.6678009,36.14580154
30210,-86.6639175,36.14596176
30115,-86.6659012,36.14599991
30204,-86.6659088,36.14606476
30172,-86.8099976,36.14609909
30184,-86.8093033,36.14659882
30173,-86.6840973,36.14680099
30179,-86.6662010,36.14720900
26808,-95.9972992,36.14749908
29661,-85.5197983,36.14810181
24083,-115.1545029,36.14839935
30153,-86.6853027,36.14889908
26836,-95.8509290,36.14897900
30161,-86.8060989,36.14970016
30128,-86.8577805,36.15045929
22035,-81.1894989,36.15050125
30182,-86.8015976,36.15060043
22114,-80.2779999,36.15060043
22100,-80.2738037,36.15060043
30116,-86.8579025,36.15090179
30129,-86.6770325,36.15107346
30120,-86.7880020,36.15150070
30167,-86.6771011,36.15150070
21249,-78.7251434,36.15150070
30174,-86.6746979,36.15159988
30164,-86.7985992,36.15169907
30187,-86.6803640,36.15187500
30154,-86.7955017,36.15200043
30155,-86.6801987,36.15200043
30203,-86.6811981,36.15209961
30136,-86.7975998,36.15219879
30199,-86.6286468,36.15236282
30133,-86.6810989,36.15240097
30117,-86.6299362,36.15270233
30140,-86.6285019,36.15280151
30143,-86.7962265,36.15285873
29710,-82.4188003,36.15290070
30163,-86.6862030,36.15309906
21250,-78.7256012,36.15309906
30171,-86.6877975,36.15340042
30176,-86.7947060,36.15348800
30196,-86.6865997,36.15359879
26803,-95.9900971,36.15439987
30180,-86.6901016,36.15470123
30119,-86.6266022,36.15470123
24039,-115.1489334,36.15557098
24006,-115.1484985,36.15769958
26821,-96.0301971,36.15790176
30211,-86.7843018,36.15790176
30191,-86.6913300,36.15853500
30124,-86.6911926,36.15908813
1924,-109.5805969,36.15969849
30168,-86.7769012,36.16030121
30195,-86.7807999,36.16120148
21252,-78.7250137,36.16225815
26797,-95.9016495,36.16227722
26852,-95.9041977,36.16249847
30134,-86.7782974,36.16320038
30197,-86.7829971,36.16350174
26794,-95.8510971,36.16450119
29641,-84.0841980,36.16469955
26817,-96.0306015,36.16680145
26792,-95.8507385,36.16694260
26825,-95.8510971,36.16740036
29653,-85.4649000,36.16780000
24058,-115.1382500,36.16806300
24030,-115.1419983,36.16820145
26800,-95.8510971,36.16839981
1772,-94.1840973,36.16960144
30170,-86.7691000,36.16970000
24016,-115.1427994,36.16989899
1765,-94.1838989,36.16989899
24018,-115.1437988,36.17070007
24023,-115.1448975,36.17089844
24021,-115.1408997,36.17089844
24022,-115.1462326,36.17151260
24066,-115.1463013,36.17160034
1767,-94.1837690,36.17226300
29820,-86.6022034,36.17250061
30142,-86.7736511,36.17352676
29819,-86.6081009,36.17390060
1774,-94.1806183,36.17486954
1763,-94.1829681,36.17517853
1769,-94.1840973,36.17520142
24042,-115.2873001,36.17580032
1759,-94.5587006,36.17630005
1761,-94.5603027,36.17649841
1762,-94.1774979,36.17649841
1764,-94.1824036,36.17660141
29807,-82.7912979,36.17720032
29961,-86.3007660,36.17732239
29967,-86.3010712,36.17735672
22113,-80.2760010,36.17829895
30088,-83.3928450,36.17861500
29808,-82.8090744,36.17868805
24086,-115.1481780,36.17937600
22107,-80.2761993,36.17959976
29969,-86.3002014,36.17990112
22094,-80.2779007,36.18099976
23991,-115.1342010,36.18199921
29809,-82.7688980,36.18239975
29810,-82.7683029,36.18270111
29960,-86.2978134,36.18318176
23987,-115.1377029,36.18460083
26819,-95.8902969,36.18470001
29965,-86.2976990,36.18500137
26840,-95.8908005,36.18590164
29958,-86.2974014,36.18629837
29804,-85.9504547,36.18632126
29968,-86.4129028,36.18650055
30186,-86.7987760,36.18813400
24067,-115.1160000,36.18848000
26636,-95.1643982,36.19110107
29966,-86.2945023,36.19210052
29964,-86.2941300,36.19267400
30202,-86.8005981,36.19459915
30086,-83.3525009,36.19530106
24090,-115.1899033,36.19559860
4272,-119.0989990,36.19580078
24003,-115.2422028,36.19580078
21571,-80.8098984,36.19589996
21008,-81.6546020,36.19680023
21014,-81.6573029,36.19839859
30146,-86.7770233,36.19917679
24142,-115.9749985,36.19990158
21021,-81.6847992,36.20220184
24015,-115.1987991,36.20299911
4152,-121.1345250,36.20323800
21007,-81.6695175,36.20505905
4151,-121.1371002,36.20569992
30188,-86.7781525,36.20692825
30118,-86.7779999,36.20940018
21010,-81.6638031,36.20959854
30127,-86.7780991,36.20980072
24044,-115.2479019,36.21139908
24025,-115.2479019,36.21170044
21005,-81.6722031,36.21620178
3089,-121.7141037,36.21659851
24137,-115.1573029,36.21780014
24135,-115.1285324,36.21836472
30141,-86.6940002,36.22000122
30177,-86.6948013,36.22090149
6359,-119.3320999,36.22227859
6360,-119.3322372,36.22229004
30135,-86.6949997,36.22259903
6361,-119.3338670,36.22318200
30121,-86.6968994,36.22320175
6357,-119.3342972,36.22340012
30158,-86.6968994,36.22340012
6358,-119.3331985,36.22460175
30125,-86.6953812,36.22463989
21568,-80.8282013,36.22470093
6362,-119.3327255,36.22499847
30084,-83.2695923,36.22632217
21569,-80.8221970,36.22639847
30090,-83.2645035,36.22660065
30085,-83.2586975,36.22760010
26759,-95.3381480,36.23095100
30152,-86.7580185,36.23276138
30200,-86.7586975,36.23320007
29953,-84.1620026,36.23360062
30145,-86.7580643,36.23552322
30205,-86.7580490,36.23566818
1725,-90.9581986,36.23590088
19664,-90.0334015,36.23690033
19665,-90.0320969,36.23690033
24048,-115.0621033,36.23830032
1477,-93.0951996,36.23880005
21567,-80.8202667,36.23969269
23990,-115.0569992,36.24069977
19534,-89.7457000,36.24100000
1478,-93.0972977,36.24190140
24136,-115.1026993,36.24359894
29963,-86.2892990,36.24620056
1650,-92.2511970,36.24639100
26760,-95.3352890,36.24750137
24087,-115.0407639,36.24833679
24079,-115.2446976,36.25279999
1482,-93.1204987,36.25299835
29537,-83.0852966,36.25743103
21246,-75.7874650,36.26143700
21597,-80.3617096,36.26254272
26748,-95.8463974,36.26490021
1652,-92.3441650,36.27277900
26749,-95.8485031,36.27619934
30361,-86.7940979,36.27759933
3695,-119.1362000,36.28419876
4266,-119.7997490,36.28463100
26751,-97.3209992,36.28960037
29982,-86.6952972,36.29309845
21322,-76.2487030,36.29349899
21321,-76.2471008,36.29460144
21795,-78.5792007,36.29470062
29546,-84.2135890,36.29540800
29544,-84.2116013,36.29619980
4265,-119.7720032,36.29819870
21320,-76.2428970,36.29850006
1733,-94.1904983,36.29880142
4267,-119.7686996,36.29959869
29797,-86.7031250,36.30236053
29817,-86.6130981,36.30550003
1465,-91.4823000,36.30610000
30228,-88.3005981,36.30630112
29853,-82.3420181,36.30680084
29803,-86.7021484,36.30698395
26559,-95.6196976,36.30730057
29799,-86.7036667,36.30731583
26564,-95.5970001,36.30739975
1462,-91.5047989,36.30739975
26562,-95.6193466,36.30749512
1469,-91.4460000,36.30870000
1464,-91.4825974,36.31576538
1728,-94.1873190,36.31852000
21490,-78.4915466,36.31858826
29858,-82.3936005,36.31940079
3938,-119.6566010,36.32099915
29851,-86.8673019,36.32120132
29816,-86.5746002,36.32130051
1739,-94.1252289,36.32179642
29796,-86.7070007,36.32229996
29800,-86.7015991,36.32229996
29802,-86.7024002,36.32320023
6457,-119.3137817,36.32368851
29798,-86.7008280,36.32375000
3558,-117.1258010,36.32510000
21868,-79.6400986,36.32559967
21867,-79.6412964,36.32665253
6463,-119.3452988,36.32680130
21866,-79.6422958,36.32685852
6456,-119.3424988,36.32720184
29801,-86.7081540,36.32721500
6460,-119.2920990,36.32799911
6458,-119.3497009,36.32910156
6455,-119.2910004,36.32939911
29865,-82.3446579,36.32963562
6461,-119.2981033,36.32989883
3556,-117.0936000,36.33170000
21487,-78.4449921,36.33358002
1730,-94.1379013,36.33390045
21486,-78.4467011,36.33390045
1222,-94.1975403,36.33407211
1729,-94.1803970,36.33480072
1735,-94.1709976,36.33480072
1223,-94.1884994,36.33499908
1225,-94.1863937,36.33511353
1219,-94.1893005,36.33520126
1220,-94.1893005,36.33530045
1212,-94.1884994,36.33530045
1213,-94.2000961,36.33555222
1216,-94.2062580,36.33560900
29856,-82.3743515,36.33772278
1215,-94.1838760,36.33773041
1737,-94.1798019,36.33900070
1734,-94.1792984,36.34099960
1731,-94.1791992,36.34099960
29861,-82.3742981,36.34130096
29863,-82.3734970,36.34360123
21869,-79.6703033,36.34510040
29855,-82.3796692,36.34510422
21485,-78.3917007,36.34700012
29993,-88.8729019,36.34769821
1653,-92.3729172,36.34833527
1645,-92.3709030,36.34899902
29852,-82.3797378,36.34989166
1651,-92.3667984,36.35004425
29864,-82.4020996,36.35039902
29859,-82.3803024,36.35039902
29862,-82.3812485,36.35278320
1649,-92.3587036,36.35290527
1226,-94.1735001,36.35620117
29854,-82.3947525,36.35778809
1328,-93.6879310,36.36238400
26600,-97.8901690,36.36439800
26598,-97.8896027,36.36550140
1227,-94.2245026,36.36589813
26596,-97.8899994,36.36660004
29860,-82.4265976,36.37419891
29737,-86.4721985,36.37720108
29738,-86.4722977,36.37730026
30280,-84.2464066,36.37733459
29736,-86.4645004,36.38051224
1214,-94.1691971,36.38249969
21897,-78.9862976,36.38299942
1217,-94.2213470,36.38643000
23811,-105.5849228,36.38713074
1320,-93.7375031,36.38748550
1325,-93.7350464,36.38771439
1350,-93.7350998,36.38800049
29735,-86.4464493,36.38839340
1284,-93.7330350,36.38968300
26601,-97.9112701,36.39056396
26595,-97.9233017,36.39089966
1318,-93.7313120,36.39160400
1403,-93.7144012,36.39189911
1302,-93.7406998,36.39400101
1303,-93.7434998,36.39450073
26597,-97.8898315,36.39794922
1392,-93.7162070,36.40156900
23818,-105.5744019,36.40240097
30349,-89.0879974,36.40309906
23826,-105.5736694,36.40331650
1297,-93.7379990,36.40470123
1374,-93.7372590,36.40502300
23809,-105.5737076,36.40508270
26865,-99.3709030,36.40539932
23817,-105.5779037,36.40579987
23821,-105.5744019,36.40689850
23830,-105.5730590,36.40713900
21799,-80.4813995,36.40719986
21874,-77.7040024,36.40810013
1324,-93.7372971,36.40859985
6320,-118.9284592,36.41208267
23804,-105.5686035,36.41210175
30350,-89.0689926,36.41551971
6318,-118.9244995,36.41590118
16594,-77.6029590,36.41603100
6087,-121.3221970,36.41930008
22131,-79.3515015,36.41949844
21565,-81.4660034,36.42060089
21872,-77.6681976,36.42350006
23703,-105.5639038,36.42430115
16596,-77.5985330,36.42475300
22025,-77.6270981,36.43030167
21877,-77.6314774,36.43168640
21876,-77.6328520,36.43194600
26864,-99.3947983,36.43360138
21873,-77.6402969,36.43560028
23524,-103.1762009,36.43840027
23523,-103.1781998,36.44129944
21875,-77.6311035,36.44269943
23522,-103.1802979,36.44580078
29880,-82.4579010,36.46319962
30358,-86.6771011,36.46789932
30357,-86.6794128,36.46933746
29883,-82.4942017,36.47119904
29873,-82.4925156,36.47715378
3314,-121.9373016,36.48139954
29872,-82.5002975,36.48320007
21746,-80.6128998,36.48460007
3334,-121.7380981,36.48469925
21311,-79.7396011,36.48880005
21312,-79.7380981,36.48979950
21310,-79.7409973,36.49309921
21744,-80.7232971,36.49539948
3331,-121.7566986,36.50099945
4158,-119.5392000,36.50230000
29882,-82.4327927,36.50612640
29609,-82.7823029,36.50970078
3315,-121.7968979,36.51430130
19716,-89.6125000,36.51530000
29615,-87.2278976,36.52370071
29627,-87.2307968,36.52410126
29613,-87.2254340,36.52493400
2188,-112.2467000,36.52710000
3325,-121.8507004,36.53369904
3582,-119.3948280,36.53697400
29877,-82.5503006,36.53789902
3312,-121.9089966,36.53900146
29623,-87.3668518,36.53966522
3322,-121.9047012,36.54000092
29531,-82.1224976,36.54190063
29874,-82.5116653,36.54630280
29878,-82.5121994,36.54800034
24140,-114.4524002,36.55030060
3324,-121.9261000,36.55260000
3308,-121.9203033,36.55459976
3307,-121.9197006,36.55640030
27816,-94.7739460,36.55754600
29875,-82.5657349,36.56312180
29614,-87.3352432,36.56401062
29850,-84.1455002,36.56980133
6066,-119.6272964,36.57220078
33683,-79.8692017,36.57369995
6065,-119.6187973,36.57609940
6067,-119.6285019,36.57889938
33183,-79.3369980,36.58110046
26606,-94.7697983,36.58190155
4655,-121.9014969,36.58390045
4672,-121.9004260,36.58603100
4644,-121.8989029,36.58650970
29532,-82.1862030,36.58779907
4668,-121.8974991,36.58959961
4642,-121.8967972,36.58969879
4631,-121.8961029,36.59059906
4667,-121.8943634,36.59099197
33179,-79.4187469,36.59169006
4663,-121.8946991,36.59180069
4646,-121.8818830,36.59250600
4650,-121.8767014,36.59280014
23548,-107.2789001,36.59289932
4643,-121.8929977,36.59339905
4628,-121.8802414,36.59353638
4630,-121.8924026,36.59360123
33184,-79.4060745,36.59497070
4636,-121.8933029,36.59529877
33180,-79.4060974,36.59550095
33181,-79.4048004,36.59560013
29617,-87.2827988,36.59569931
4639,-121.8643036,36.59579849
4669,-121.8626175,36.59586334
4674,-121.8920288,36.59586716
4673,-121.8646088,36.59589386
29625,-87.2832031,36.59609985
4662,-121.8617090,36.59610200
29610,-87.2840180,36.59616300
29611,-87.2845001,36.59650040
33182,-79.3994980,36.59659958
29628,-87.2842865,36.59665680
4629,-121.8613968,36.59669876
29626,-87.2855148,36.59685516
4627,-121.8581630,36.59705300
29616,-87.2856979,36.59730148
4632,-121.8555984,36.59740067
29612,-87.2868576,36.59848404
29618,-87.2834015,36.59920120
29624,-87.2835693,36.59937668
4660,-121.8944016,36.59989929
4656,-121.8948975,36.60070038
4648,-121.8955002,36.60169983
19393,-93.2889023,36.60229874
15284,-88.3152008,36.60409927
4653,-121.8607550,36.60490100
6058,-121.8590012,36.60580063
33026,-82.1937485,36.60646820
6057,-121.8555984,36.60720062
19547,-93.2337000,36.60845200
4633,-121.8613610,36.60916500
4657,-121.8970032,36.61100006
4635,-121.8971710,36.61118698
4661,-121.8981018,36.61240005
4634,-121.8999023,36.61270142
4647,-121.8988037,36.61280060
4665,-121.8998032,36.61389923
4671,-121.8995972,36.61550140
19488,-90.8099976,36.61610031
6060,-121.8423004,36.61629868
4975,-121.9190390,36.61874400
4305,-118.0678024,36.61880112
4961,-121.9358320,36.61934200
2084,-110.2815018,36.62080002
15263,-83.7042007,36.62160110
33032,-82.1578674,36.62532425
33027,-82.1284027,36.62779999
33025,-82.1513367,36.62820053
4962,-121.9304962,36.62929916
19358,-93.3032989,36.62950134
4979,-121.9335022,36.63029861
19385,-93.2731018,36.63190079
19399,-93.2658997,36.63249969
19401,-93.2718506,36.63299942
19408,-93.2673035,36.63339996
19398,-93.2686005,36.63349915
15282,-88.3112030,36.63370132
19384,-93.2702026,36.63430023
33030,-82.1226300,36.63558100
15285,-88.3099976,36.63650131
19403,-93.2670212,36.63692093
19371,-93.2810974,36.63759995
19374,-93.2791977,36.63769913
19350,-93.2805023,36.63809967
19386,-93.2791672,36.63864899
19359,-93.2702026,36.63869858
19391,-93.2958984,36.63959885
33028,-82.1098023,36.63990021
19369,-93.2477722,36.64022446
19379,-93.2595978,36.64070129
19395,-93.2526932,36.64220810
19387,-93.2518997,36.64260101
19394,-93.2849503,36.64268494
19396,-93.2851944,36.64389420
19351,-93.2266006,36.64490128
19365,-93.2911453,36.64550400
19380,-93.2890015,36.64879990
15294,-87.4032974,36.65200043
19390,-93.2730760,36.65236500
19368,-93.2830963,36.65259933
19352,-93.2834450,36.65262800
19397,-93.2393417,36.65449524
5374,-121.6176300,36.65456009
33297,-80.9333420,36.65673828
33241,-80.6900024,36.65700150
5381,-121.6219310,36.66086500
19361,-93.2558975,36.66230011
2085,-110.2573013,36.66339874
33298,-80.9260025,36.66479874
33256,-76.9578400,36.66645432
33254,-76.9565201,36.66648483
33211,-77.5527191,36.66679001
15011,-86.5568008,36.66730118
15014,-86.5578003,36.66849899
33255,-76.9503708,36.66947174
5376,-121.6411362,36.66986084
15012,-86.5590439,36.67020035
5377,-121.6510010,36.67029953
5383,-121.6518021,36.67050171
19412,-93.3383026,36.67050171
33022,-78.9235992,36.67559814
19440,-93.8855972,36.67589951
5386,-121.6405029,36.67879868
5380,-121.6400810,36.67913400
5371,-121.6408997,36.68059921
5382,-121.6408997,36.68109894
5372,-121.6409988,36.68140030
26618,-101.4802400,36.68283800
26617,-101.4702988,36.68339920
33750,-78.8994522,36.68711090
26565,-101.4665833,36.68839645
33476,-79.8930054,36.69112015
19413,-93.3727188,36.69184113
4481,-121.8021011,36.69200134
26515,-94.9577026,36.69359970
15295,-87.4533997,36.69419861
33748,-78.9352035,36.69490051
32909,-82.0104980,36.69531631
4483,-121.8033630,36.69600800
33475,-79.8952789,36.69715500
33749,-78.8893967,36.69729996
5384,-121.6700974,36.69860077
32911,-81.9788971,36.69900131
33156,-78.6298981,36.69900131
4479,-121.8039474,36.70006561
4482,-121.8041000,36.70069885
26752,-97.0668640,36.70109177
26756,-97.0671005,36.70109940
32919,-81.9763031,36.70169830
33472,-79.9055023,36.70220184
33213,-77.5466230,36.70257800
33474,-79.9069977,36.70339966
33212,-77.5528030,36.70420074
33210,-77.5557022,36.70489883
33747,-78.9486008,36.70520020
33214,-77.5568008,36.70550156
3803,-119.7715988,36.70650101
33215,-77.5591965,36.70650101
23664,-105.4095001,36.70809937
32908,-81.9754028,36.71060181
23498,-107.9856590,36.71106300
33159,-79.9074020,36.71210098
33389,-78.1100006,36.71429825
32916,-81.9392014,36.71469879
32910,-81.9324036,36.71490097
33216,-77.5311737,36.71519852
15015,-86.5250015,36.71670151
33751,-78.1200027,36.71719742
33158,-79.9121399,36.71772766
32912,-81.9524002,36.71820068
23563,-108.1800003,36.71939850
23561,-108.1840973,36.72000122
19993,-91.8706436,36.72117996
23567,-108.1877975,36.72380066
33814,-76.6361008,36.72437286
23566,-108.1876030,36.72442700
2083,-110.2571030,36.72480011
15407,-84.1650009,36.72549820
33813,-76.6321335,36.72609711
26536,-95.9346008,36.72809982
23570,-108.1910477,36.72883606
23560,-108.1914978,36.72909927
26754,-97.0671005,36.72959900
23559,-108.1897049,36.73069763
26755,-97.0667660,36.73146300
3822,-119.7835007,36.73180008
23565,-108.1894989,36.73180008
15404,-84.1659890,36.73182700
26538,-95.9349976,36.73229980
23557,-108.1890030,36.73289871
3829,-119.7867966,36.73300171
33753,-78.1640015,36.73410034
15013,-86.4893494,36.73730469
33815,-76.5826034,36.73780060
19994,-91.8680267,36.73820114
33388,-78.1635971,36.73929977
3814,-119.7804031,36.74060059
26753,-97.0671005,36.74169922
33370,-80.7733994,36.74219894
15405,-84.1596985,36.74330139
33371,-80.7745972,36.74340057
33373,-80.7743988,36.74340057
19992,-91.8684998,36.74470139
33369,-80.7776032,36.74489975
3805,-119.8249512,36.74906540
15402,-84.5150000,36.75340000
33372,-80.7017000,36.75350000
15254,-88.6532517,36.75389862
15255,-88.6546020,36.75469971
26539,-95.9356700,36.75486800
3830,-119.8298874,36.75634003
26537,-95.9354019,36.75640106
3802,-119.8287354,36.75654221
3816,-119.8313870,36.75840800
3800,-119.7180023,36.76369858
3817,-119.7207031,36.76520157
33096,-76.2523651,36.76746368
23569,-108.1498032,36.76750183
33111,-76.2559052,36.76841354
33816,-76.6064987,36.76900101
3796,-119.8384018,36.76929855
19778,-90.4199982,36.77000046
33299,-81.7809982,36.77080154
3811,-119.7233963,36.77109909
19779,-90.4219971,36.77669907
3797,-119.7903976,36.77870178
33100,-76.2405014,36.77890015
33104,-76.2348023,36.78120041
33095,-76.2365036,36.78150177
33101,-76.2359009,36.78160095
33094,-76.2363663,36.78278351
33093,-76.4035416,36.78409958
33098,-76.4092712,36.78436279
33473,-79.8479000,36.78460000
3808,-119.7908020,36.78549957
33097,-76.3326874,36.78707886
19781,-90.4307022,36.78710175
3833,-119.7892990,36.78823853
33103,-76.2371979,36.79010010
33107,-76.2365036,36.79059982
3804,-119.7895737,36.79151535
33113,-76.2339020,36.79230118
3795,-119.7907028,36.79299927
3820,-119.8686981,36.79380035
3815,-119.7908220,36.79492900
33125,-81.6811295,36.79702759
19486,-89.9848023,36.80390167
3818,-119.7544022,36.80789948
3819,-119.8335037,36.80810165
3801,-119.7864990,36.80870056
3823,-119.7810211,36.80873871
3824,-119.8851013,36.80889893
26543,-97.3358307,36.80896759
3821,-119.7801666,36.80902481
3810,-119.8849030,36.80939865
24122,-114.0639038,36.80960083
26544,-97.2975006,36.81159973
26542,-97.2929993,36.81159973
2194,-111.2457962,36.81689835
2190,-111.2817001,36.81949997
15045,-83.3174973,36.82160187
33105,-76.4281006,36.82199860
3831,-119.7827988,36.82379913
3806,-119.7898712,36.82431412
3812,-119.7889252,36.82444763
2201,-111.2982178,36.82471466
15069,-87.4729004,36.82870102
33853,-76.1465683,36.83164215
33845,-75.9703980,36.83200073
15074,-87.4740143,36.83282852
3825,-119.7866974,36.83349991
33864,-76.1330032,36.83399963
33847,-75.9713364,36.83416748
33856,-76.1311035,36.83440018
3826,-119.7900009,36.83489990
33877,-76.1428986,36.83489990
33881,-75.9717178,36.83545685
33109,-76.4310989,36.83639908
33605,-76.3101120,36.83676147
33604,-76.2968979,36.83710098
33878,-75.9720612,36.83713531
3799,-119.7861099,36.83750153
33859,-75.9721240,36.83800400
15071,-87.4797974,36.83840179
33603,-76.2983017,36.83919907
3809,-119.7830963,36.83929825
3832,-119.7811966,36.83959961
33601,-76.3067017,36.83959961
33842,-75.9725810,36.83977700
3807,-119.7817001,36.84009933
19738,-94.3915024,36.84069824
33893,-76.1343700,36.84179500
15361,-86.8657989,36.84199905
33867,-76.1324997,36.84280014
33883,-76.1821976,36.84360123
33850,-76.1829987,36.84389877
33566,-76.2883987,36.84410095
33866,-76.1844025,36.84410095
33872,-76.1811981,36.84410095
33569,-76.1859970,36.84420013
33846,-75.9738007,36.84450150
33471,-81.4944000,36.84579849
33469,-81.4944992,36.84590149
33557,-76.2910995,36.84590149
33548,-76.2098007,36.84590149
33858,-75.9942017,36.84619904
33547,-76.2876968,36.84669876
33873,-75.9746780,36.84677505
33879,-75.9847794,36.84782791
33889,-76.1789017,36.84830093
33563,-76.2103729,36.84840012
33869,-75.9754028,36.84920120
33571,-76.2910004,36.84939957
33841,-75.9775610,36.85173200
33558,-76.2101710,36.85203300
33549,-76.2098007,36.85290146
33852,-75.9765015,36.85369873
33849,-75.9765625,36.85417557
33860,-75.9764633,36.85430908
33871,-75.9768982,36.85449982
33875,-76.1775971,36.85480118
33886,-75.9769974,36.85480118
33876,-75.9800186,36.85499954
33561,-76.2870026,36.85520172
14833,-83.8673019,36.85540009
33861,-75.9769821,36.85599899
15267,-84.8358002,36.85770035
33868,-75.9777985,36.85839844
33016,-82.7540741,36.85843658
33880,-75.9787293,36.85964966
33857,-75.9783936,36.85971451
33885,-76.0011978,36.86100006
33888,-75.9789963,36.86230087
19922,-89.5830689,36.86251450
33108,-76.4066849,36.86347198
33102,-76.4075012,36.86429977
23659,-104.4461975,36.86470032
19736,-94.3909988,36.86520004
33112,-76.4085159,36.86547089
33851,-75.9797974,36.86579895
33870,-75.9803009,36.86700058
15070,-87.4793014,36.86909866
3985,-121.4000015,36.87049866
33887,-75.9811000,36.87070000
26645,-94.8548126,36.87086487
26644,-94.8525009,36.87110138
33481,-80.8694000,36.87279892
33253,-80.8693008,36.87279892
33555,-76.2105026,36.87570190
33564,-76.2107010,36.87670135
33556,-76.2106018,36.87670135
14895,-87.7350998,36.87889862
33560,-76.1900024,36.87998581
33894,-75.9851761,36.88296890
33882,-76.1821976,36.88420105
33844,-76.1823730,36.88458633
33568,-76.3022620,36.88490400
23652,-104.4374008,36.88510132
33854,-76.1806259,36.88558960
23661,-104.4310600,36.88675100
23663,-104.4304581,36.88684464
19920,-89.5317830,36.89058500
19927,-89.5376968,36.89130020
19923,-89.5378037,36.89149857
19924,-89.5297012,36.89300156
33392,-82.0662994,36.89500046
6481,-121.7732010,36.90119934
14854,-88.3270035,36.90169907
33848,-76.1532974,36.90670013
2200,-111.4732690,36.90676600
23877,-116.7585600,36.90789000
2203,-111.4803009,36.90843201
19441,-89.3532105,36.90848541
19925,-89.5826034,36.91040039
33892,-76.0663140,36.91299000
6480,-121.7859610,36.91558900
6477,-121.7608032,36.91569901
6476,-121.7606964,36.91640091
6479,-121.7798996,36.91790009
19442,-89.3255997,36.91830063
14925,-84.1308975,36.91949844
33570,-76.1927261,36.91999435
2191,-111.4625015,36.92060089
33573,-76.1923200,36.92126000
14929,-84.1136017,36.92229843
14886,-86.4096451,36.92240143
33546,-76.3198776,36.92546844
33855,-76.0336190,36.92883100
4442,-120.1173019,36.92890167
14879,-86.4197006,36.92990112
33554,-76.3181000,36.93000031
14873,-86.4144363,36.93123245
33575,-82.6352921,36.93168640
14876,-86.4151001,36.93180084
14878,-86.4156494,36.93242645
33574,-82.6292038,36.93330002
14872,-86.4167023,36.93569946
14880,-86.4207993,36.93669891
14870,-86.4206009,36.93780136
14932,-84.1080017,36.93899918
34027,-81.0969009,36.94160080
14884,-86.4218230,36.94224400
33545,-76.2347031,36.94369888
14930,-84.0259018,36.94409943
14892,-87.7029495,36.94446564
34023,-81.0567017,36.94739914
34024,-81.0584488,36.94783783
34029,-81.0555725,36.94829559
34028,-81.0559350,36.94875700
33562,-76.2450790,36.94938660
14877,-86.4253998,36.95059967
33551,-76.2630997,36.95724487
34026,-81.0757980,36.96049881
34030,-81.0746231,36.96145630
5971,-122.0241241,36.96158218
33809,-77.3928986,36.96170044
5956,-122.0251590,36.96173100
34021,-81.1001587,36.96176910
4443,-120.0639038,36.96260071
5959,-122.0197067,36.96380234
34031,-81.0721893,36.96380234
34022,-81.0721580,36.96414500
34020,-81.0634994,36.96659851
5957,-122.0182495,36.96668625
5978,-122.0171661,36.96669388
34032,-81.0637970,36.96670151
5979,-122.0183029,36.96680069
5965,-122.0196991,36.96699905
14881,-86.4263992,36.96839905
14875,-86.4265976,36.96860123
14934,-84.0871963,36.96889877
5980,-122.0189972,36.96900177
34006,-82.5943985,36.96929932
5973,-122.0188370,36.97003937
3280,-121.9649963,36.97129822
5960,-122.0174026,36.97169876
5962,-122.0308710,36.97295000
5951,-122.0189972,36.97460175
4444,-120.0796967,36.97470093
5950,-122.0190964,36.97499847
5981,-122.0177841,36.97510147
5948,-122.0305640,36.97574400
33808,-77.3935013,36.97669983
14933,-84.1116943,36.97707748
14926,-84.1138000,36.97809982
14931,-84.1128998,36.97890091
2911,-121.9092026,36.97959900
14924,-84.1126022,36.97959900
2912,-121.8653230,36.97973200
15033,-85.9340668,36.98000717
5970,-122.0212173,36.98115921
4441,-120.0895004,36.98180008
14871,-86.3868027,36.98379898
14885,-86.4406433,36.98497772
5952,-122.0229034,36.98500061
5961,-122.0235977,36.98509979
15034,-85.9328995,36.98569870
3871,-121.5603027,36.98839951
3872,-121.5604370,36.98905400
5954,-121.9840012,36.99340057
19763,-93.2044067,37.00532913
14898,-88.4784012,37.00740051
19585,-94.5504990,37.00829697
5982,-122.0401993,37.00830078
19764,-93.1863022,37.00880051
15310,-88.5912018,37.01779938
33710,-79.8871689,37.01969910
33540,-76.4461136,37.02076340
3867,-121.5698853,37.02127838
15385,-84.6266022,37.02209854
33612,-80.7276688,37.02341843
19766,-93.2302704,37.02395248
3875,-121.5656967,37.02420044
15389,-84.6260986,37.02809906
14598,-100.9134979,37.03216171
14597,-100.9244840,37.03253700
33337,-76.3559113,37.03366089
33326,-76.4138184,37.03433228
33335,-76.3939750,37.03528400
33329,-76.3972710,37.03650600
33327,-76.3874969,37.03730011
14443,-95.5987549,37.03755569
32578,-112.2829971,37.03900146
19587,-94.5119019,37.03929901
33331,-76.4004974,37.03929901
33324,-76.3872986,37.03929901
15037,-88.2685013,37.03939819
33334,-76.3877029,37.03990173
12825,-89.1984863,37.04035950
33332,-76.3907180,37.04103100
33330,-76.3910980,37.04109955
33333,-76.3908997,37.04130173
32574,-112.5297012,37.04779816
19742,-93.3030900,37.04786400
19586,-94.4800720,37.04890060
33325,-76.3918762,37.04971695
19579,-94.4782028,37.05030060
19580,-94.4783020,37.05139923
19573,-94.4785995,37.05160141
19577,-94.4783020,37.05160141
19574,-94.4783783,37.05247116
19576,-94.4783707,37.05260086
19581,-94.4782867,37.05442429
19578,-94.4781036,37.05459976
6017,-121.0139140,37.05574400
19583,-94.4781270,37.05616500
33336,-76.4014969,37.05640030
4426,-120.8583984,37.05690002
4427,-120.8662109,37.05693817
15383,-84.6234970,37.05810165
15322,-88.6709000,37.06090000
15308,-88.6677017,37.06140137
33321,-76.4085007,37.06200027
33609,-81.7529373,37.06391144
15080,-88.1313705,37.06731415
15312,-88.6845245,37.07426834
32768,-113.5835037,37.07550049
33191,-80.6904983,37.07569885
14596,-100.9384003,37.07640076
32763,-113.5593033,37.07789993
33528,-76.4773026,37.07820129
15314,-88.6740036,37.07860184
33591,-77.3566666,37.07998657
33194,-80.6488037,37.08349991
33535,-76.4593710,37.08500400
33525,-76.4789963,37.08501816
32758,-113.5836029,37.08739853
32753,-113.5845032,37.08860016
32772,-113.5848007,37.08914185
33536,-76.4632034,37.08919907
14922,-85.3043976,37.09159851
33195,-80.6878967,37.09170151
33193,-80.6882019,37.09320068
33541,-76.4596863,37.09321213
33192,-80.6883011,37.09329987
32769,-113.5864029,37.09349823
33537,-76.4593277,37.09374619
19734,-93.8042908,37.09434128
33532,-76.4592972,37.09460068
15381,-84.6200943,37.09482574
32767,-113.5563965,37.10589981
15081,-88.1774979,37.10950089
34033,-76.4664993,37.10950089
32752,-113.5846024,37.11000061
32755,-113.5764999,37.11000061
32762,-113.5729523,37.11009979
32754,-113.5805969,37.11019897
32774,-113.5551453,37.11028671
32760,-113.5624008,37.11050034
32771,-113.5622710,37.11099900
15149,-84.0986730,37.11160400
33529,-76.4993973,37.11199951
15148,-84.0968552,37.11218262
6015,-121.0194016,37.11249924
15152,-84.0982971,37.11289978
33530,-76.4707031,37.11339951
19423,-92.1037979,37.11520004
33521,-76.5026932,37.11526489
33542,-76.4384994,37.11560059
33539,-76.5054016,37.11610031
34034,-76.4645004,37.11809921
33036,-75.9684982,37.11980057
4686,-121.6249466,37.12261200
32759,-113.5287247,37.12548065
3414,-120.2551880,37.12594986
4692,-121.6283035,37.12639999
15155,-84.0662155,37.12877655
33522,-76.5140390,37.13125400
14913,-85.9750977,37.13169861
19955,-93.2939911,37.13367462
4690,-121.6316986,37.13449860
32955,-79.2621002,37.13470078
33524,-76.5448990,37.13489914
15253,-83.7670975,37.13539886
14919,-85.9822998,37.13610077
33143,-80.3569031,37.13711548
14915,-85.9727020,37.13719940
33144,-80.3585663,37.13723755
32954,-79.2525024,37.13748550
33145,-80.3532028,37.13790131
33147,-80.3506012,37.13809967
33152,-80.3492966,37.13830185
33615,-80.5533981,37.13869858
14914,-85.9689789,37.13940811
33618,-80.5535431,37.13976288
19954,-93.2751007,37.14039993
19944,-93.2749023,37.14039993
15151,-84.0864029,37.14049911
19438,-94.3280640,37.14071655
19435,-94.3228989,37.14120102
33526,-76.5503921,37.14229965
19735,-92.2601013,37.14329910
33150,-80.3358994,37.14350128
15150,-84.1032000,37.14410000
15156,-84.1065445,37.14429092
15384,-84.6298981,37.14469910
13305,-88.7334976,37.14590073
6014,-121.0142975,37.14649963
33533,-76.5268631,37.14678955
13324,-88.7135010,37.14699936
15382,-84.6305008,37.14730072
33592,-77.3580017,37.14849854
19929,-93.2586975,37.14889908
4689,-121.6517029,37.14920044
4687,-121.6558990,37.15179825
4693,-121.6564026,37.15219879
33590,-77.3559190,37.15326300
19935,-93.2626648,37.15346909
33589,-77.3555985,37.15459824
19940,-93.2293014,37.15589905
19947,-93.2626038,37.15629959
19953,-93.2272034,37.15800095
19931,-93.2288971,37.15829849
19956,-93.2279968,37.15840149
19942,-93.2297974,37.15930176
13311,-88.7049026,37.15940094
13309,-88.7035980,37.16040039
32748,-113.0369390,37.16124000
13306,-88.6969986,37.16131592
7505,-104.5122986,37.16249847
33151,-80.4224014,37.16268539
33146,-80.4166031,37.16839981
19949,-93.2954636,37.16947556
33531,-76.5693970,37.17520142
32568,-113.3385849,37.17527008
32570,-113.3004990,37.17580032
32569,-113.3382034,37.17610168
32571,-113.2930984,37.17670059
19436,-94.3308716,37.17775726
19939,-93.3002548,37.18246460
32862,-113.0028000,37.18349838
13307,-88.7067032,37.18529892
7511,-104.4975270,37.18656200
33020,-80.4063415,37.18840408
32866,-113.0000000,37.18889999
33595,-77.3712997,37.18939972
33593,-77.4695969,37.19440079
15380,-84.4417038,37.19990158
33019,-80.4007770,37.19993300
19946,-93.2277985,37.20769882
19932,-93.2620010,37.20920181
14821,-96.9970703,37.21183014
3366,-119.7649990,37.21970000
4431,-121.9848022,37.22150040
33706,-79.9806442,37.22248459
32658,-112.6821976,37.22370148
33958,-76.6640015,37.22520065
14550,-95.7390976,37.22529984
14551,-95.7382965,37.22529984
4430,-121.9717026,37.22579956
14549,-95.7497025,37.22629929
33698,-79.9778976,37.22800064
33596,-77.3927002,37.22859955
7510,-104.4298019,37.22880173
14824,-96.9962006,37.22940063
33703,-79.9710007,37.22959900
14822,-96.9968033,37.23199844
5783,-121.7726440,37.23292100
5761,-121.7741013,37.23339844
5762,-121.7760010,37.23469925
6972,-107.8694992,37.23709869
15076,-85.9324036,37.24029922
19938,-93.3481979,37.24150085
33021,-81.2419739,37.24228287
33964,-76.6578980,37.24269867
6989,-107.8773804,37.24352264
33163,-77.3915024,37.24430084
33935,-76.6622009,37.24449921
19945,-93.2606964,37.24459839
5768,-121.7730026,37.24729919
19930,-93.2614975,37.24779892
5765,-121.7874985,37.24800110
19950,-93.2641983,37.24879837
19936,-93.2618637,37.24930191
33719,-80.0374222,37.25016403
33970,-76.6624451,37.25069427
19957,-93.2687454,37.25090027
6982,-107.8747101,37.25095367
19941,-93.2632980,37.25099945
19948,-93.2630005,37.25109863
33165,-77.3920975,37.25109863
35990,-81.2093201,37.25269318
15274,-87.4498978,37.25329971
33704,-79.9507294,37.25449371
7370,-107.0787964,37.25450134
35992,-81.2032242,37.25460052
33956,-76.7017975,37.25469971
33943,-76.6979980,37.25479889
7375,-107.0764999,37.25500107
33936,-76.6438751,37.25573349
6045,-122.0351028,37.25709915
33610,-77.3307419,37.25746918
5756,-121.8193970,37.26269913
33375,-77.3252029,37.26269913
33377,-77.3251038,37.26269913
33968,-76.7622330,37.26302100
3266,-121.9431550,37.26410200
33722,-80.0329971,37.26639938
6965,-107.8808975,37.26829910
33376,-77.3188858,37.26840591
19967,-93.1164246,37.26885986
33378,-77.3199005,37.26919937
33247,-78.4051437,37.26934433
6963,-107.8983994,37.26969910
6984,-107.8893967,37.26990128
33244,-78.4001083,37.27004623
33930,-76.6962967,37.27050018
33961,-76.6787090,37.27070600
33967,-76.6882019,37.27090073
33945,-76.6902008,37.27099991
6988,-107.8816120,37.27120700
6985,-107.8799050,37.27131400
33374,-77.3149643,37.27133179
3271,-121.9363022,37.27180099
13657,-89.1786000,37.27190000
33245,-78.4028091,37.27265167
33928,-76.6889038,37.27339935
33692,-79.9375000,37.27379990
33981,-76.6870880,37.27429962
33971,-76.6880035,37.27431870
6979,-107.8807983,37.27479935
14768,-97.3843994,37.27539825
33947,-76.7061997,37.27640152
33320,-82.0995789,37.27701187
5753,-121.8345642,37.27837753
33939,-76.7168808,37.27860641
33973,-76.6901703,37.27865219
33697,-79.9412003,37.27949905
33955,-76.6892014,37.28010178
33941,-76.6878128,37.28037643
15055,-83.2237015,37.28049850
33979,-76.7189026,37.28150177
7373,-107.0496979,37.28170013
33705,-79.9332352,37.28231049
33691,-79.9478302,37.28299713
33932,-76.7081223,37.28408051
33974,-76.7042999,37.28430176
33934,-76.7128982,37.28459930
33940,-76.7149200,37.28479004
15056,-83.2220001,37.28480148
15057,-83.2238007,37.28499985
33983,-76.7155991,37.28499985
33977,-76.7177658,37.28506088
14921,-87.1144028,37.28540039
33972,-76.7214127,37.28543472
33982,-76.7182390,37.28553300
33959,-76.7181015,37.28580093
3267,-121.9377975,37.28720093
3270,-121.9318710,37.28727700
4557,-120.4369812,37.28763580
4559,-120.4526978,37.28789902
33953,-76.7219009,37.28839874
35991,-81.1656540,37.29017200
4553,-120.4580078,37.29085159
33726,-80.0961990,37.29119873
33922,-76.7237015,37.29190063
33952,-76.7239990,37.29240036
4551,-120.4636002,37.29280090
33978,-76.7241974,37.29299927
33721,-80.0989914,37.29306793
7369,-106.9738007,37.29309845
33975,-76.7246018,37.29309845
33723,-80.1026001,37.29439926
4552,-120.4660034,37.29479980
4560,-120.4595032,37.29489899
5767,-121.8526993,37.29529953
6992,-107.8722000,37.29700089
33720,-80.0289001,37.29769897
6983,-107.8718109,37.29793167
33950,-76.7268982,37.29800034
33937,-76.7282105,37.29826736
33931,-76.7278824,37.30007935
6964,-107.8706970,37.30139923
19431,-89.5812988,37.30239868
19430,-89.5749969,37.30279922
4555,-120.5000680,37.30376200
33965,-76.7294230,37.30538100
33708,-79.9772034,37.30649948
6976,-107.8650970,37.30659866
33954,-76.7297974,37.30670166
33689,-79.9787280,37.30682800
33694,-79.9737015,37.30889893
33699,-79.9796448,37.30929947
33684,-79.9644012,37.30960083
33685,-79.9644012,37.30970001
33700,-79.9758670,37.31178900
33164,-77.4002762,37.31181717
33702,-79.9663010,37.31269836
5780,-121.9770279,37.31416321
5777,-121.9767990,37.31600189
5779,-121.8288380,37.31675600
5774,-121.8759880,37.31823400
5754,-121.8275986,37.31867981
5786,-121.9731979,37.31940079
6978,-107.8523026,37.31959915
5744,-121.8290024,37.32030106
5773,-121.9480240,37.32094200
33717,-80.0323029,37.32170105
3526,-122.0319977,37.32199860
33725,-80.0327759,37.32217026
5942,-122.0029984,37.32310104
4841,-119.6527328,37.32735443
5766,-121.8911972,37.32929993
5751,-121.8916016,37.32979965
6990,-107.8387000,37.33010000
5776,-121.8880005,37.33060074
33707,-79.9982147,37.33238983
5764,-121.8896027,37.33269882
33695,-79.9979019,37.33269882
3527,-122.0145035,37.33309937
3525,-122.0143967,37.33399963
5755,-121.8942032,37.33449936
19434,-89.5804680,37.33663400
33980,-76.7522888,37.33776093
33011,-79.5479965,37.33789825
33008,-79.5531235,37.33821106
14691,-95.2413712,37.34006119
5785,-121.9218979,37.34009933
14690,-95.2384033,37.34040070
14689,-95.2370090,37.34043700
5926,-121.9368134,37.34181595
5745,-121.9291000,37.34370041
6836,-108.6191000,37.34510000
33938,-76.7444992,37.34579849
19714,-92.9253998,37.34619904
6844,-108.5938034,37.34629822
33701,-79.9525528,37.34717941
33114,-77.3426971,37.34719849
33118,-77.4389038,37.34740067
6841,-108.5892029,37.34840012
6842,-108.5783081,37.34858322
6831,-108.5776978,37.34859848
6834,-108.5945969,37.34880066
6835,-108.5588379,37.34894180
5925,-121.9356003,37.35100174
6259,-122.0139999,37.35210037
5937,-121.9851170,37.35226300
15248,-87.4897232,37.35227966
5935,-121.9710007,37.35229874
5931,-121.9561005,37.35229874
15251,-87.4893036,37.35229874
5940,-121.9546051,37.35233688
5939,-121.9817963,37.35240173
5927,-121.9919240,37.35245700
6249,-122.0025024,37.35250092
5924,-122.0014038,37.35250092
5929,-121.9698029,37.35250092
6838,-108.5534973,37.35279846
14903,-85.3300018,37.35300064
33122,-77.3967972,37.35340118
33121,-77.3972015,37.35359955
6833,-108.5501022,37.35369873
33117,-77.3995972,37.35419846
33116,-77.3996429,37.35451508
33115,-77.4098968,37.35459900
3109,-118.3946686,37.35528564
14900,-85.3264008,37.35540009
33123,-77.3964996,37.35540009
6238,-122.0176010,37.35570145
33696,-79.9559021,37.35589981
33119,-77.4077988,37.35589981
33120,-77.4000015,37.35589981
33124,-77.4113007,37.35630035
4844,-119.6427689,37.35643768
33439,-79.1710968,37.35749817
6255,-122.0198975,37.35779953
6242,-122.0210037,37.35850143
5748,-121.8905029,37.35879898
4842,-119.6442032,37.35879898
33446,-79.1716843,37.35972977
36142,-81.0553970,37.36009979
5758,-121.9085007,37.36019897
33690,-79.9579010,37.36019897
5769,-121.9088974,37.36090088
33447,-79.1715012,37.36119843
5752,-121.9046021,37.36130142
3102,-118.4044037,37.36140060
5746,-121.9058990,37.36249924
5790,-121.9056015,37.36249924
33451,-79.1720810,37.36312485
5788,-121.9106979,37.36320114
4845,-119.6383972,37.36320114
36144,-81.0550995,37.36330032
5749,-121.9114990,37.36429977
5781,-121.9073029,37.36439896
36143,-81.0518341,37.36474609
32960,-78.8364029,37.36489868
5770,-121.9119034,37.36500168
5750,-121.9170990,37.36529922
3107,-118.3952408,37.36563873
3103,-118.3954010,37.36660004
33436,-79.1737976,37.36660004
36141,-81.1012268,37.36754227
33438,-79.1760864,37.36787796
3098,-118.3957977,37.36809921
33437,-79.1740036,37.36830139
33441,-79.1803970,37.36859894
3101,-118.3960724,37.36979294
6246,-122.0430984,37.37039948
5763,-121.9164963,37.37049866
3105,-118.3954720,37.37156700
3097,-118.3958969,37.37160110
3110,-118.3955002,37.37160110
6257,-122.0563965,37.37360001
5778,-121.9195360,37.37451400
4731,-122.0656967,37.37710190
4732,-122.0835037,37.37779999
5775,-121.9386978,37.37879944
4734,-122.0709000,37.37929916
4735,-122.0706024,37.37950134
4733,-122.0772018,37.38209915
33825,-79.9032898,37.38351440
5928,-121.9794998,37.38389969
33445,-79.1644974,37.38410187
5771,-121.9280014,37.38589859
6251,-121.9978027,37.38610077
6252,-121.9881973,37.38740158
33829,-79.9004974,37.38970184
6239,-122.0304031,37.38999939
6250,-121.9907455,37.39021683
14850,-86.8680573,37.39099503
5932,-121.9764023,37.39110184
4742,-122.0949020,37.39160156
6235,-122.0296880,37.39209700
33828,-79.8993988,37.39220047
5936,-121.9746017,37.39229965
4740,-122.0959015,37.39289856
33175,-79.9062729,37.39353180
33314,-76.5265045,37.39432907
6241,-122.0289001,37.39469910
6243,-122.0289580,37.39528500
6244,-122.0280860,37.39569200
4726,-122.1016998,37.39569855
6258,-122.0279007,37.39609909
6254,-122.0190964,37.39730072
4730,-122.0751038,37.39889908
4736,-122.0722961,37.40000153
6247,-122.0264969,37.40019989
33671,-77.4255829,37.40080643
4581,-121.9111160,37.40154700
6256,-122.0292969,37.40190125
4592,-121.9107971,37.40209961
4342,-122.1162033,37.40269852
5784,-121.9047012,37.40430069
4341,-122.1184998,37.40480042
5934,-121.9776993,37.40520096
5053,-122.1192540,37.40588000
5049,-122.1185532,37.40609741
5048,-122.1199036,37.40610123
4739,-122.0623856,37.40634155
5050,-122.1197968,37.40639877
4738,-122.0644989,37.40670013
6253,-122.0263977,37.40689850
6248,-121.9982910,37.40730286
5044,-122.1219025,37.40859985
6240,-122.0077972,37.40890121
4593,-121.8929977,37.41109848
4582,-121.8930969,37.41130066
33496,-77.6518021,37.41189957
5045,-122.1279831,37.41624451
5054,-122.1288452,37.41683578
33443,-79.1444015,37.41709900
5760,-121.9738007,37.41849899
5047,-122.1353989,37.41970062
5060,-122.1365128,37.42103195
5058,-122.1382980,37.42110062
4589,-121.9195023,37.42190170
4583,-121.9191971,37.42210007
4587,-121.9189987,37.42359924
4579,-121.9050980,37.42390060
4584,-121.9117966,37.42549896
4588,-121.9224014,37.42639923
4594,-121.9108582,37.42687988
5057,-122.1493988,37.42720032
4580,-121.9135971,37.42760086
19559,-89.6428986,37.42829895
33827,-79.8667984,37.42879868
4590,-121.9064102,37.42944717
33826,-79.9116974,37.43080139
5055,-122.1534600,37.43174000
4585,-121.8923035,37.43389893
4586,-121.8919983,37.43550110
14698,-94.7046433,37.43703461
5061,-122.1634979,37.44039917
5056,-122.1635971,37.44060135
33498,-77.5878982,37.44100189
14697,-94.7050018,37.44150162
33499,-77.5873032,37.44189835
5059,-122.1613260,37.44435600
4591,-121.9181976,37.44689941
4546,-122.1723022,37.44699860
4550,-122.1732025,37.44800186
5051,-122.1588974,37.44800186
33453,-79.1210022,37.45059967
4547,-122.1863022,37.45510101
15335,-82.5169983,37.45959854
3935,-122.4338989,37.46469879
5097,-121.1779022,37.46509933
3928,-122.4347992,37.46530151
3937,-122.4290710,37.46578800
33667,-77.4280014,37.46630096
33631,-77.4282989,37.46680069
5249,-122.2087021,37.46770096
5255,-122.2129974,37.46979904
6590,-105.8822021,37.47010040
5252,-122.2160034,37.47209930
6593,-105.8543015,37.47340012
6592,-105.8503189,37.47373199
3726,-119.6380005,37.47389984
15334,-82.5370026,37.47480011
6591,-105.8975601,37.47710037
3781,-121.9371033,37.47980118
4508,-119.9632034,37.48120117
4496,-119.9637985,37.48249817
3780,-121.9395981,37.48289871
3787,-121.9327316,37.48450089
3786,-121.9409027,37.48500061
3789,-121.9468002,37.48749924
3791,-121.9468994,37.48849869
3790,-121.9446030,37.48920059
3785,-121.9495010,37.49069977
5250,-122.2416992,37.49150085
5742,-122.2279390,37.49159300
7489,-108.4572000,37.49250000
4502,-119.9218000,37.49290000
3923,-122.4527969,37.49290085
3925,-122.4527130,37.49315643
3782,-121.9253998,37.49330139
5253,-122.2333603,37.49358749
5254,-122.2444000,37.49369812
19690,-94.2997971,37.49369812
33658,-77.5655975,37.49499893
33627,-77.5664978,37.49539948
33677,-77.5519486,37.49589539
33635,-77.5571671,37.49596786
3793,-121.9261720,37.49698200
33642,-77.5231018,37.50210190
33670,-77.5776977,37.50419998
33650,-77.6024017,37.50429916
33630,-77.5791016,37.50550079
3922,-122.4823990,37.50669861
33657,-77.5960870,37.50706200
33497,-77.6134033,37.50920105
33732,-77.3373032,37.51070023
3022,-122.2686996,37.51369858
5410,-122.2591019,37.51369858
3788,-121.9776001,37.51470184
33675,-77.3418655,37.51765823
33728,-77.3407974,37.51779938
33731,-77.3369980,37.51857758
33730,-77.3368988,37.51869965
33733,-77.3387299,37.51880264
33734,-77.3414993,37.51890182
33727,-77.3339005,37.51950073
4804,-121.9950027,37.51969910
33739,-77.3311250,37.52020300
4799,-121.9921036,37.52190018
5256,-122.2599030,37.52230072
33737,-77.3264008,37.52439880
33681,-77.3317413,37.52446365
33682,-77.3535004,37.52450180
3021,-122.2670975,37.52470016
4800,-122.0077972,37.52519989
5259,-122.2637024,37.52640152
3023,-122.2679370,37.52655800
4802,-122.0062790,37.53031300
3024,-122.2705994,37.53170013
3784,-122.0009995,37.53269958
3794,-122.0021973,37.53279877
3783,-122.0024033,37.53319931
32529,-113.1841965,37.53409958
33665,-77.4348984,37.53599930
4801,-122.0327988,37.53739929
33640,-77.4412003,37.53829956
33636,-77.4357986,37.53870010
33217,-75.8210983,37.54000092
33651,-77.4435501,37.54081726
4806,-122.0246964,37.54140091
33663,-77.4356995,37.54209900
33660,-77.4446030,37.54449844
6502,-121.2255020,37.54520035
4805,-122.0584030,37.54550171
5819,-122.2847977,37.54560089
33643,-77.4465027,37.54560089
5824,-122.3090973,37.54765320
4803,-122.0522003,37.54819870
32527,-110.2442017,37.54819870
6363,-120.9041977,37.54850006
6501,-121.1980362,37.54964447
4797,-122.0513992,37.55139923
5826,-122.2827710,37.55528900
5825,-122.2998962,37.55609894
5823,-122.2809982,37.55699921
3775,-122.2733994,37.55950165
5822,-122.2828979,37.56389999
14864,-84.3032227,37.56830215
14865,-84.3108978,37.56930161
14861,-84.3176422,37.56945419
15087,-85.2771988,37.57220078
14858,-84.3305969,37.57529831
33653,-77.4629974,37.57559967
5827,-122.3187027,37.57580185
14762,-101.3802032,37.57630157
3792,-122.0443990,37.57653900
5820,-122.3218850,37.57875100
5828,-122.3236008,37.58029938
7329,-106.1672974,37.58190155
33654,-77.4922028,37.58349991
3184,-122.3413010,37.58969879
3189,-122.3466034,37.58980179
3188,-122.3410034,37.58990097
3182,-122.3506012,37.59109879
3183,-122.3486023,37.59109879
19770,-89.7723500,37.59115000
3181,-122.3600998,37.59140015
3185,-122.3609238,37.59179688
3186,-122.3646110,37.59435400
6393,-122.0559006,37.59640121
14859,-84.3075027,37.59669876
6390,-122.0705032,37.59719849
33639,-77.5123978,37.59730148
19337,-93.4367630,37.59744500
33656,-77.5143280,37.59902600
33668,-77.5139008,37.60029984
33641,-77.5147324,37.60034561
3190,-122.3683014,37.60039902
4576,-122.3900986,37.60100174
14947,-84.9475021,37.60120010
33491,-77.3526993,37.60120010
33490,-77.3526993,37.60129929
6389,-122.0697021,37.60179901
33669,-77.5150986,37.60200119
4573,-122.3800659,37.60272598
3187,-122.3723984,37.60279846
33680,-77.4544983,37.60300064
4578,-122.3769989,37.60449982
14513,-99.2978973,37.60580063
3955,-122.0624008,37.60649872
14796,-97.3224029,37.60670090
14782,-97.3222351,37.60675049
4572,-122.3976974,37.60699844
3393,-120.9739685,37.60769272
33676,-77.5183639,37.60829163
14788,-97.3224716,37.60842133
33629,-77.5188980,37.60910034
14775,-97.3302002,37.60919952
3952,-122.0663630,37.60928600
4610,-120.9754000,37.60960000
4981,-122.4969025,37.60969925
4575,-122.4012985,37.61000061
33647,-77.5214996,37.61000061
14863,-84.3163986,37.61019897
32513,-109.6454010,37.61090088
33634,-77.5193329,37.61218262
32514,-109.4787260,37.61299400
32512,-109.4783554,37.61700058
14943,-84.7685013,37.61759949
4982,-122.4860001,37.62020111
5408,-122.4116974,37.62179947
33666,-77.5281677,37.62246704
14948,-84.7646027,37.62340164
33674,-77.5239029,37.62360001
5402,-122.4191971,37.63010025
5401,-122.4074020,37.63100052
5406,-122.4068298,37.63126373
33509,-79.5436720,37.63213900
4462,-118.9717712,37.63260269
33672,-77.4601364,37.63471222
3947,-122.1033020,37.63489914
33655,-77.4542007,37.63560104
33673,-77.5700640,37.63779800
33644,-77.4598312,37.63796616
33307,-77.4599152,37.63828659
5403,-122.4225998,37.63899994
19420,-93.1080246,37.63999939
5407,-122.4189987,37.64049911
33648,-77.5723038,37.64110184
33652,-77.5721970,37.64110184
6181,-122.4021683,37.64248657
4606,-121.0056992,37.64300156
6167,-122.4039993,37.64350128
6184,-122.4046540,37.64453900
33638,-77.5764999,37.64469910
33309,-77.5707016,37.64500046
4461,-118.9714966,37.64519882
4601,-120.9969025,37.64580154
14439,-95.4524002,37.64590073
14700,-98.7166977,37.64630127
19693,-92.6706467,37.64680099
33303,-77.5814972,37.64680099
33305,-77.5855026,37.64720154
4608,-121.0174408,37.64744949
4613,-121.0205002,37.64749908
4454,-118.9693375,37.64828491
4459,-118.9719750,37.64830400
33304,-77.5828018,37.64839935
14950,-84.8033066,37.64842606
33302,-77.5802994,37.64849854
4464,-118.9770966,37.64860153
19692,-92.6689987,37.64889908
33306,-77.5789032,37.64910126
33300,-77.5823975,37.64920044
4466,-118.9869160,37.64933900
33301,-77.5998993,37.64970016
24149,-115.7502590,37.64983000
4465,-118.9742966,37.65019989
14944,-84.8037033,37.65019989
6178,-122.4085007,37.65039825
19695,-92.6681976,37.65129852
15338,-82.7857971,37.65129852
33664,-77.5854034,37.65200043
33311,-77.5794983,37.65209961
6179,-122.4085007,37.65269852
19698,-92.6678009,37.65280151
6169,-122.4290009,37.65309906
19696,-92.6678009,37.65309906
7537,-104.7938995,37.65319824
6168,-122.4050751,37.65472794
15036,-82.3008000,37.65490000
14795,-97.4263992,37.65510178
6172,-122.4020004,37.65520096
15341,-82.7847977,37.65520096
6174,-122.4016470,37.65563200
32534,-113.0759659,37.65610504
32535,-113.0842972,37.65739822
6175,-122.3977966,37.65829849
4605,-120.9926224,37.66210938
32519,-112.8257980,37.66270065
33312,-77.4459992,37.66379929
4611,-121.0265340,37.66396500
6170,-122.3994980,37.66410065
5153,-121.8741989,37.66410065
3950,-122.1175995,37.66460037
33308,-77.4604034,37.66479874
3948,-122.0783997,37.66569901
4603,-121.0290930,37.66577400
3951,-122.1150970,37.66600037
3949,-122.1083984,37.66630173
3945,-122.1060028,37.66630173
4612,-121.0307922,37.66724777
4456,-118.9334030,37.66730118
4614,-120.9977036,37.66790009
4604,-121.0379028,37.67020035
32537,-113.0606918,37.67103958
14774,-97.4256973,37.67219925
3151,-122.3877029,37.67240143
14780,-97.4100037,37.67259979
14801,-97.4185333,37.67287064
14816,-97.4146271,37.67298126
3152,-122.3852005,37.67359924
14792,-97.3860016,37.67409897
14812,-97.4317093,37.67415237
14778,-97.4121018,37.67509842
14784,-97.3899689,37.67535019
32530,-113.0618973,37.67549896
14783,-97.2229996,37.67578506
14815,-97.2261734,37.67584229
14787,-97.3913651,37.67603683
14781,-97.2265015,37.67760086
14798,-97.2445984,37.67779922
14772,-97.2513657,37.67906189
14799,-97.3366013,37.67910004
32531,-113.0615005,37.67969894
32540,-113.0823975,37.68030167
32536,-113.0836150,37.68094000
14790,-97.2265015,37.68170166
14791,-97.2274017,37.68180084
3954,-122.0867157,37.68206787
14802,-97.3411026,37.68249893
14807,-97.2316971,37.68249893
14814,-97.2281036,37.68249893
3953,-122.0891418,37.68391418
19691,-92.6391983,37.68510056
5795,-122.1341019,37.68659973
3356,-122.0946732,37.68745422
14800,-97.3283997,37.68809891
33578,-75.7207031,37.68909836
32523,-112.1532974,37.68949890
5155,-121.9013977,37.68960190
3534,-122.4710999,37.69110107
3357,-122.0645981,37.69261169
3358,-122.0891710,37.69320200
14786,-97.1974029,37.69380188
33579,-75.7195435,37.69416809
5152,-121.9344025,37.69459915
5150,-121.9343033,37.69480133
5146,-121.9033966,37.69540024
5796,-122.1903000,37.69630051
5151,-121.9038720,37.69689200
5148,-121.9033966,37.69699860
5154,-121.9281998,37.69820023
4602,-121.0733032,37.69829941
4283,-121.7738037,37.69839859
14960,-85.8550034,37.69860077
15392,-85.2210770,37.69917679
4281,-121.8153992,37.69990158
5149,-121.9085007,37.70069885
5145,-121.9033966,37.70069885
19769,-89.8944626,37.70082474
14794,-97.2330017,37.70109940
3598,-121.9330978,37.70130157
4609,-121.0779266,37.70191574
14967,-85.8376617,37.70212173
4282,-121.8155975,37.70220184
4284,-121.8155975,37.70259857
4279,-121.8161011,37.70330048
4288,-121.8189011,37.70380020
4280,-121.7371979,37.70399857
3532,-122.4079980,37.70507000
4286,-121.7414040,37.70512600
14964,-85.8453310,37.70553400
3597,-121.9082031,37.70579910
14963,-85.8328018,37.70909882
5370,-121.0776720,37.70930500
14961,-85.8336029,37.71089935
3595,-121.9266968,37.71279907
14966,-85.8274002,37.71490097
4285,-121.7016950,37.71530700
14968,-85.8248978,37.71590042
13279,-88.9307022,37.71969986
13281,-88.9291992,37.72050095
32543,-113.0578537,37.72111130
33386,-76.3890991,37.72529984
15297,-87.1144104,37.72563553
15306,-87.1242523,37.72583008
15300,-87.1215973,37.72620010
15301,-87.1182022,37.72629929
14793,-97.4263000,37.72719955
12836,-89.1849976,37.72760010
4860,-122.1966019,37.72769928
12834,-89.2066510,37.72820500
4870,-122.1996002,37.73049927
13276,-88.9635010,37.73099899
12837,-89.1911392,37.73240280
15298,-87.0898972,37.73400116
15347,-84.3254547,37.73416901
15352,-84.3274994,37.73519897
5607,-122.5030975,37.73540115
4852,-122.1950989,37.73590088
15350,-84.3294983,37.73609924
15349,-84.3140030,37.73609924
14785,-97.2264023,37.73709869
4853,-122.1966019,37.73720169
14817,-97.2274017,37.73759842
14777,-97.2264023,37.74000168
13161,-88.5263250,37.74053900
13278,-88.9514008,37.74060059
13277,-88.9483872,37.74113846
13284,-88.9654388,37.74147034
4871,-122.1931000,37.74240112
4866,-122.1932983,37.74250031
14797,-97.2464981,37.74290085
13280,-88.9702988,37.74309921
4855,-122.1952750,37.74340200
4863,-122.1959020,37.74362200
6556,-119.5973000,37.74444000
4859,-122.1932983,37.75180054
15345,-84.2938003,37.75230026
14804,-97.2375031,37.75379944
14467,-100.0350037,37.75400162
14466,-100.0355759,37.75403595
14463,-100.0472031,37.75460052
2803,-122.2497025,37.75510025
6338,-121.4632797,37.75637817
15303,-87.1511002,37.75650024
5840,-121.9664993,37.75759888
33003,-77.4652100,37.75818253
33001,-77.4704971,37.75830078
32999,-77.4692993,37.75849915
33005,-77.4811020,37.75899887
33006,-77.4624786,37.75937271
33004,-77.4597015,37.75960159
5842,-121.9681015,37.75970078
33000,-77.4617844,37.76068497
6337,-121.4421005,37.76169968
5844,-121.9541016,37.76399994
6342,-121.4349250,37.76427100
5843,-121.9662018,37.76440048
13356,-89.3247986,37.76490021
6341,-121.4353027,37.76549911
12832,-89.1613007,37.76580048
6339,-121.4621964,37.76670074
35978,-81.1596220,37.76829500
15353,-84.3141098,37.77127075
15355,-84.3140030,37.77140045
5697,-122.4105988,37.77230072
4840,-120.8480988,37.77230072
5725,-122.4217377,37.77241135
5587,-122.4105988,37.77249908
5612,-122.4216003,37.77330017
4839,-120.8383026,37.77610016
15305,-87.1662140,37.77621078
15357,-84.3191986,37.77640152
15348,-84.3188477,37.77687836
33169,-79.9704971,37.77719879
5703,-122.4076920,37.77740097
5845,-121.9776001,37.77740097
5605,-122.4227982,37.77759552
5634,-122.4140015,37.77790070
33168,-79.9781036,37.77809906
5705,-122.4140244,37.77828979
35969,-81.1095505,37.77829361
5586,-122.4102020,37.77830124
15354,-84.3249969,37.77830124
15351,-84.1745987,37.77830124
2804,-122.2754745,37.77842712
5655,-122.4223022,37.77870178
5591,-122.4107971,37.77880096
5585,-122.4104996,37.77890015
5714,-122.4188004,37.77939987
33407,-79.4377975,37.78060150
19498,-90.4376526,37.78075409
5841,-121.9701004,37.78079987
5707,-122.4125977,37.78089905
14773,-97.3272018,37.78089905
14789,-97.3265305,37.78126144
5659,-122.4046300,37.78193600
5614,-122.4187012,37.78229904
6340,-121.4625015,37.78319931
5696,-122.4173965,37.78329849
5647,-122.4076004,37.78359985
5675,-122.4092026,37.78369904
4869,-122.2436660,37.78437400
5633,-122.4241028,37.78480148
5694,-122.4085007,37.78480148
5681,-122.4049988,37.78490067
4857,-122.2441025,37.78490067
5673,-122.4048004,37.78509903
5680,-122.4082031,37.78530121
5731,-122.4005966,37.78530121
5689,-122.4212036,37.78540039
5683,-122.4092026,37.78549957
5662,-122.4285965,37.78559875
5727,-122.4076996,37.78559875
5693,-122.4057007,37.78559875
5602,-122.3966980,37.78559875
5679,-122.4199982,37.78570175
5597,-122.4215012,37.78580093
5712,-122.4113007,37.78599930
5715,-122.4015580,37.78608200
5682,-122.4167633,37.78618240
5618,-122.4048996,37.78630066
5588,-122.4301987,37.78649902
5580,-122.4027023,37.78649902
5730,-122.4079971,37.78659821
5642,-122.4128036,37.78680038
5678,-122.4114990,37.78680038
5600,-122.4112015,37.78680038
5664,-122.4095001,37.78680038
5717,-122.4077988,37.78680038
5732,-122.4111023,37.78710175
5721,-122.4110031,37.78710175
5608,-122.4104004,37.78710175
5628,-122.4088974,37.78710175
5646,-122.4251022,37.78720093
5674,-122.4094009,37.78730011
2805,-122.2751007,37.78749847
5734,-122.4084015,37.78760147
5667,-122.4468002,37.78779984
5604,-122.4117966,37.78779984
5699,-122.4106979,37.78779984
5610,-122.4101028,37.78779984
36176,-80.3049011,37.78779984
5578,-122.4120026,37.78789902
5594,-122.4179001,37.78799820
5661,-122.4101028,37.78810120
4861,-122.2515030,37.78810120
5663,-122.4091034,37.78820038
5656,-122.4089966,37.78829956
5685,-122.4169998,37.78850174
5737,-122.4158020,37.78850174
5598,-122.4084015,37.78850174
5692,-122.4020996,37.78850174
14847,-85.4871979,37.78860092
5640,-122.4106979,37.78879929
5593,-122.4066010,37.78900146
5624,-122.4068985,37.78910065
5648,-122.4095001,37.78919983
5595,-122.4088974,37.78919983
5638,-122.4080963,37.78929901
5637,-122.4218979,37.78960037
5620,-122.4035034,37.78969955
33403,-79.4405975,37.78969955
35977,-81.2068024,37.78991699
5691,-122.4082031,37.79019928
5616,-122.4080963,37.79019928
5726,-122.4051971,37.79019928
35981,-81.2117004,37.79040146
35971,-81.2130508,37.79051208
5690,-122.4052590,37.79074600
35975,-81.2104034,37.79090118
35973,-81.2108002,37.79100037
35970,-81.2129974,37.79109955
5708,-122.4070969,37.79140091
5651,-122.4119034,37.79150009
35974,-81.2194519,37.79177475
5706,-122.4093018,37.79180145
5627,-122.4077988,37.79199982
19499,-90.4406700,37.79202900
5613,-122.4430008,37.79230118
5617,-122.4104996,37.79230118
5670,-122.4008026,37.79230118
5629,-122.3920975,37.79249954
5645,-122.3921967,37.79259872
35976,-81.2173996,37.79280090
5688,-122.4028015,37.79290009
35982,-81.2165985,37.79339981
14688,-97.3284988,37.79376984
5669,-122.4001999,37.79439926
5653,-122.3960037,37.79479980
5686,-122.4219971,37.79499817
33167,-79.9916687,37.79504013
4865,-122.2763977,37.79539871
4477,-121.1940994,37.79600143
4864,-122.2762985,37.79629898
35979,-81.2191009,37.79660034
4475,-121.1966019,37.79759979
5720,-122.4070969,37.79769897
4476,-121.2259216,37.79775238
5723,-122.4467010,37.79840088
5665,-122.4440002,37.79859924
5577,-122.4461740,37.79863600
5719,-122.4415970,37.79919815
5606,-122.4402008,37.79940033
5643,-122.4340973,37.79940033
36090,-80.4419790,37.79948500
19903,-92.2406998,37.80030060
5704,-122.4323807,37.80031586
5671,-122.4292984,37.80089951
5619,-122.4263000,37.80099869
5601,-122.4245682,37.80101776
5722,-122.4287415,37.80103302
33405,-79.4178772,37.80118179
5724,-122.4253998,37.80130005
33417,-79.4139023,37.80130005
4854,-122.2727966,37.80139923
4867,-122.2729034,37.80170059
4872,-122.2739029,37.80179977
33415,-79.4116440,37.80252457
33413,-79.4121018,37.80279922
19904,-92.1292038,37.80400085
33402,-79.4152985,37.80469894
2806,-122.2675018,37.80519867
5632,-122.4168015,37.80540085
5672,-122.4176025,37.80559921
36092,-80.4390106,37.80589676
6177,-122.4404984,37.80590057
5636,-122.4186020,37.80599976
5652,-122.4160995,37.80609894
5635,-122.4160995,37.80640030
5589,-122.4141006,37.80640030
5713,-122.4134979,37.80680084
5603,-122.4184036,37.80699921
5581,-122.4205017,37.80759811
5702,-122.4130020,37.80770111
33401,-79.4013443,37.80835724
4131,-118.9918976,37.80839920
14840,-85.4713974,37.80970001
15327,-82.8013992,37.81000137
36091,-80.4192963,37.81110001
4254,-121.2926730,37.81193700
4255,-121.2882996,37.81489944
14843,-85.4652176,37.81591034
14470,-96.8864975,37.81790161
14474,-96.8864136,37.81813812
15053,-84.7347990,37.81822100
4251,-121.2919769,37.81999207
19905,-92.1420136,37.82035065
19902,-92.1429977,37.82240295
32683,-112.4349976,37.82249832
32684,-112.4329910,37.82293700
19908,-92.1435013,37.82333374
19907,-92.1343280,37.82360900
14844,-85.4736023,37.82500076
19900,-92.1472092,37.82627869
14842,-85.4703980,37.82699966
4858,-122.2889023,37.82759857
6555,-119.5927800,37.82786000
4253,-121.2876968,37.82799911
3902,-120.1038000,37.82960000
19911,-92.0980377,37.83363724
19899,-92.0976028,37.83399963
3651,-122.2826996,37.83539963
19740,-94.3246002,37.83620071
33189,-77.4499969,37.83700180
3653,-122.2974014,37.83800125
3652,-122.2927017,37.83869934
32715,-112.8331604,37.83886337
3905,-120.2249510,37.83922200
3654,-122.2934036,37.83940125
33408,-79.3693695,37.83982849
14489,-94.7037964,37.84090042
15342,-85.9401321,37.84151840
36094,-82.0087220,37.84520100
6050,-122.4789963,37.85599899
6047,-122.4807968,37.85729980
3037,-122.2419968,37.85770035
15343,-85.9460373,37.85776138
15067,-87.5735550,37.86461639
15065,-87.5723114,37.86702347
3038,-122.3124008,37.86740112
3043,-122.2682037,37.86930084
15079,-82.5173000,37.86940000
3042,-122.2901001,37.86940002
3048,-122.2829590,37.87051400
3051,-122.2735977,37.87160110
32652,-109.3395996,37.87329865
3033,-122.2936020,37.87369919
6322,-122.4569016,37.87400055
32654,-109.3429031,37.87860107
4566,-122.5192620,37.88062400
4567,-122.5197983,37.88090134
4571,-122.5150604,37.89160538
15062,-87.5544968,37.89509964
4200,-122.1011963,37.89649963
15292,-84.5663986,37.90230179
6218,-121.2205963,37.90290070
34005,-78.8709030,37.90370178
15291,-84.5669022,37.90510178
6207,-122.6526000,37.90860000
6472,-122.0656967,37.91239929
15399,-83.2643967,37.91289902
6473,-122.0656850,37.91296700
14553,-95.3923000,37.91590000
3624,-122.3171997,37.92079926
15090,-86.8990021,37.92160034
33818,-76.8593292,37.92217255
12868,-89.8088989,37.92229843
6471,-122.0635986,37.92300034
3142,-121.6883011,37.92309952
3480,-122.5180740,37.92490005
6474,-122.0578003,37.92499924
6470,-122.0588989,37.92639923
33141,-75.3556595,37.92724609
33820,-76.8616409,37.92882156
19782,-90.7774658,37.92917252
3481,-122.5165024,37.93030167
3483,-122.5177994,37.93099976
33619,-79.2330322,37.93114853
14552,-95.4092026,37.93339920
6224,-121.2935860,37.93450600
14364,-86.7601013,37.93500137
33132,-75.3737030,37.93529892
7353,-107.6775970,37.93560028
33142,-75.3690262,37.93594742
33130,-75.3722611,37.93640137
7493,-107.8637009,37.93679810
6223,-121.2997270,37.93696300
33713,-77.4685288,37.93712997
6213,-121.2944031,37.93730164
7497,-107.8180008,37.93790054
33715,-77.4657974,37.93849945
7491,-107.8180008,37.93989944
7498,-107.8486023,37.94039917
19796,-91.7935028,37.94179916
19794,-91.7916565,37.94246292
19790,-91.7903976,37.94319916
19792,-91.7860031,37.94400406
19791,-91.7947235,37.94422913
5144,-122.0606003,37.94440079
5141,-122.0604019,37.94549942
15103,-84.3585434,37.94577408
4250,-122.5080032,37.94779968
6221,-121.2900391,37.95290756
5142,-122.0759964,37.95330048
5830,-122.3309021,37.95500183
4262,-119.1187660,37.95536000
14223,-87.8879013,37.95569992
6227,-121.2938830,37.95729100
19793,-91.7714005,37.95920181
15097,-84.3831100,37.95997238
19795,-91.7659988,37.96070099
15137,-84.3848038,37.96089935
14497,-100.8412018,37.96120071
5143,-122.0553970,37.96189880
3454,-121.9861984,37.96210098
33716,-77.4729004,37.96239853
33901,-76.7825012,37.96279907
5838,-122.5100327,37.96349335
14498,-100.8582001,37.96419907
3457,-122.0547028,37.97050095
13872,-87.5673981,37.97109985
13863,-87.5791016,37.97299957
36005,-82.0153503,37.97319794
13885,-87.4589005,37.97370148
13864,-87.4572983,37.97380066
16836,-75.8541031,37.97449875
13867,-87.4918976,37.97460175
36006,-82.0169983,37.97470093
14503,-100.8574982,37.97499847
13888,-87.4570007,37.97499847
13873,-87.4570007,37.97610092
13875,-87.4562988,37.97620010
3458,-122.0600967,37.97650146
13868,-87.4628982,37.97660065
13861,-87.4796982,37.97679901
15374,-85.6893005,37.97679901
5264,-122.3227005,37.97809982
5267,-122.3210983,37.97809982
13862,-87.4558340,37.97821900
6114,-120.3351974,37.97859955
14500,-100.8411026,37.98080063
14363,-86.7322998,37.98089981
14496,-100.8414001,37.98099899
14945,-84.5548019,37.98139954
6116,-120.3822021,37.98360062
15107,-84.4945984,37.98369980
6219,-121.3360977,37.98400116
6215,-121.3464966,37.98419952
6211,-121.2465668,37.98437881
6222,-121.3439026,37.98450089
6226,-121.3592987,37.98460007
6210,-121.3427963,37.98460007
6212,-121.3595963,37.98469925
14495,-100.8357010,37.98540115
6208,-121.2490005,37.98609924
36126,-81.1440964,37.98619843
13878,-87.4921036,37.98630142
15373,-85.7051010,37.98730087
15376,-85.7060150,37.98737200
13874,-87.6821976,37.98830032
7230,-103.5668030,37.98979950
5114,-122.3063450,37.99116100
13890,-87.4882736,37.99218369
15377,-85.7074966,37.99250031
5113,-122.3011246,37.99347687
4510,-122.1203995,37.99359894
15372,-85.7013016,37.99390030
4511,-122.1314540,37.99429800
13870,-87.4896698,37.99449921
15118,-84.5232010,37.99489975
15108,-84.5179977,37.99639893
15124,-84.5294037,37.99660110
15136,-84.5182037,37.99670029
6220,-121.3050995,37.99689865
12784,-88.9293976,37.99689865
12782,-88.9299370,37.99693700
13035,-89.2344971,37.99720001
2905,-121.8393021,38.00249863
15413,-84.2030029,38.00360107
2906,-121.8342514,38.00456619
33385,-78.3622971,38.00479889
19814,-91.6197433,38.00590897
5835,-122.5314026,38.00650024
6225,-121.3511320,38.00730300
15417,-84.1941986,38.00770187
15109,-84.4561005,38.00780106
5836,-122.5450974,38.00820160
15416,-84.1715012,38.00849915
15104,-84.4557037,38.01060104
15414,-84.1715012,38.01089859
33085,-78.5044022,38.01110077
7229,-103.6202011,38.01190186
14729,-97.9396973,38.01409912
15115,-84.5543976,38.01430130
13881,-87.5389240,38.01480500
15110,-84.5540008,38.01490021
15116,-84.4124985,38.01589966
15140,-84.4148560,38.01606369
13869,-87.5388031,38.01649857
15139,-84.4229965,38.01770020
13876,-87.5388031,38.01779938
15100,-84.4169006,38.01789856
15123,-84.4113490,38.01862000
7357,-107.6709518,38.02164841
17077,-75.5425034,38.02750015
33079,-78.4831009,38.03139877
33073,-78.4926987,38.03200150
33067,-78.4969025,38.03310013
33082,-78.4983978,38.03359985
15119,-84.5137024,38.03689957
15141,-84.5139008,38.03979874
13879,-87.5410004,38.04140091
15144,-84.4241867,38.04180908
15093,-84.4275971,38.04209900
14637,-97.3253021,38.04249954
15132,-84.4230090,38.04308600
14638,-97.3217697,38.04323959
14636,-97.3187561,38.04354477
33071,-78.5046692,38.04356766
15114,-84.4232025,38.04370117
33060,-78.5084000,38.04439926
15095,-84.4247971,38.04449844
15120,-84.4247971,38.04539871
13871,-87.5434600,38.04674000
3030,-122.1604004,38.04750061
15125,-84.5016022,38.04769897
15134,-84.5002975,38.04809952
15113,-84.4945984,38.04809952
33061,-78.5420990,38.04940033
36057,-81.1173325,38.05150223
33083,-78.5030975,38.05220032
4834,-122.5313034,38.05659866
33914,-78.9509125,38.05694199
14541,-97.9324417,38.05712128
33065,-78.4945297,38.05799866
33068,-78.4944992,38.05839920
33081,-78.4941864,38.05872345
3029,-122.1489029,38.05960083
33076,-78.4925995,38.06029892
14889,-85.7006836,38.06238937
33074,-78.4900971,38.06299973
33911,-78.9349976,38.06309891
33908,-78.9349976,38.06349945
15375,-85.6959000,38.06439972
33909,-78.9347992,38.06439972
14542,-97.9041977,38.06480026
14888,-85.7040024,38.06510162
24196,-116.4368973,38.06639862
2903,-120.5524979,38.06750107
24199,-117.2307180,38.06801600
33913,-78.8925018,38.06980133
33087,-78.4848175,38.07011032
4837,-122.5397034,38.07040024
33066,-78.4797974,38.07070160
14540,-97.8989792,38.07116699
14543,-97.8994980,38.07130051
4835,-122.5381012,38.07189941
19483,-91.4047012,38.07220078
15102,-84.4606628,38.07320023
33072,-78.4782028,38.07360077
19484,-91.4067001,38.07410049
33778,-79.0834579,38.07553101
19482,-91.4031982,38.07580185
17075,-75.5364990,38.07619858
15133,-84.4938507,38.07631683
2902,-120.5493011,38.07690048
15099,-84.4925003,38.07720184
15138,-84.4624023,38.07720184
6418,-122.2348460,38.07820400
15276,-83.9508972,38.08020020
7255,-103.2174988,38.08639908
33249,-78.9814987,38.08700180
15130,-84.4877014,38.09149933
15106,-84.4879990,38.09180069
33069,-78.4656982,38.09510040
4836,-122.5650024,38.09899902
19757,-92.6852760,38.10031700
7252,-102.6179199,38.10082626
4082,-122.8593660,38.10103000
7254,-102.6181030,38.10160065
7250,-102.6184006,38.10179901
15126,-84.4815903,38.10260010
4081,-122.8733100,38.10839600
6419,-122.2276077,38.10963821
15157,-82.6053925,38.11403275
19759,-92.6809006,38.11890030
4293,-121.2602005,38.12039948
19750,-92.6937027,38.12149811
33787,-79.0325012,38.12527084
33783,-79.0651016,38.12540054
4290,-121.2602997,38.12639999
33777,-79.0416870,38.12730026
33776,-79.0369034,38.12749863
6416,-122.2291660,38.12752600
19755,-92.6647034,38.12870026
6420,-122.2241821,38.13011169
6417,-122.2576960,38.13593900
33780,-79.0453720,38.13600159
33784,-79.0742035,38.13710022
6415,-122.2302017,38.13769913
33782,-79.0771000,38.13770000
6413,-122.2332993,38.14189911
19754,-92.6287994,38.14582443
19753,-92.6224200,38.14680000
15307,-83.7673000,38.14730000
15171,-85.7127920,38.15506300
4838,-122.5672455,38.15576553
13889,-87.5519240,38.15621200
13877,-87.5543976,38.15639877
15182,-85.7229996,38.15800095
13865,-87.5527039,38.16214752
33779,-79.0339966,38.16479111
33786,-79.0099029,38.16500092
15003,-84.8098984,38.17520142
15006,-84.8123016,38.17649841
19681,-92.6189320,38.17725800
15241,-85.7178497,38.17908859
13846,-85.9016037,38.17919922
15007,-84.8947983,38.17940140
15163,-85.8158035,38.18009949
17082,-75.6904755,38.18128586
15162,-85.6997986,38.18489075
14570,-99.0975037,38.18809891
15271,-83.4770966,38.18809891
15272,-83.4772034,38.18859863
15270,-83.4773026,38.18870163
14151,-86.3581009,38.18920135
15226,-85.7446976,38.19060135
15273,-83.4707031,38.19079971
15197,-85.7426987,38.19160080
15175,-85.7425995,38.19179916
15235,-85.7417550,38.19211400
15233,-85.5658188,38.19616699
15168,-85.7009964,38.19689941
15234,-85.7330856,38.19883728
19686,-92.6704000,38.20090000
15369,-85.2069015,38.20140076
15367,-85.2674026,38.20289993
13884,-87.5804977,38.20380020
15329,-84.2764816,38.20380402
15243,-85.7615967,38.20479965
15005,-84.8367996,38.20579910
15023,-84.4502029,38.20600128
15179,-85.8280029,38.20629883
19685,-92.6728973,38.20800018
19508,-90.4033300,38.20985500
13834,-86.1272000,38.21010000
19969,-91.1735992,38.21193314
15016,-84.4691009,38.21229935
19506,-90.4078980,38.21319962
19507,-90.4022980,38.21360016
15169,-85.5400009,38.21429825
15172,-85.5388336,38.21516800
15021,-84.5307083,38.21528625
15370,-85.2133026,38.21549988
15189,-85.5757980,38.21659851
19970,-91.1646423,38.21875381
3709,-122.1281967,38.21920013
15212,-85.5385971,38.21939850
15216,-85.5786972,38.22060013
15242,-85.5363998,38.22079849
15194,-85.5357971,38.22119904
3701,-122.1258011,38.22159958
15200,-85.5347977,38.22200012
15022,-84.5385960,38.22200400
3699,-122.1253967,38.22280121
3704,-122.1257019,38.22290039
7390,-104.6264038,38.22299957
15180,-85.7516403,38.22313309
15220,-85.6896973,38.22389984
15219,-85.7531891,38.22391891
15238,-85.5223007,38.22520065
15019,-84.5389862,38.22523117
15177,-85.5795975,38.22589874
15161,-85.5805969,38.22620010
15181,-85.5847015,38.22679901
33581,-78.0861969,38.23080063
15190,-85.6398010,38.23120117
5105,-122.6134033,38.23139954
33259,-77.5021896,38.23248291
13832,-86.1318970,38.23249817
33278,-77.5028000,38.23249817
15160,-85.5771027,38.23360062
15020,-84.5524979,38.23360062
13830,-86.1242981,38.23630142
13831,-86.1246033,38.23640060
15191,-85.6308975,38.23690033
13143,-88.0010986,38.23759842
13142,-87.9968190,38.23774100
16979,-76.4421997,38.24029922
15198,-85.6287003,38.24209976
33281,-77.4990997,38.24580002
13371,-89.3803024,38.24679947
15228,-85.5765991,38.24720001
33260,-77.4992981,38.24779892
5102,-122.6253967,38.24869919
33264,-77.4933014,38.24869919
32508,-112.6527939,38.24922180
7336,-107.9755920,38.25172800
3706,-122.0678024,38.25299835
15192,-85.7508011,38.25320053
15195,-85.7508011,38.25350189
15215,-85.7548981,38.25360107
15209,-85.7558975,38.25370026
15227,-85.7474976,38.25429916
33160,-76.9625015,38.25460052
33277,-77.4982834,38.25483322
3147,-119.2294998,38.25510025
15176,-85.7536011,38.25630188
33263,-77.5066681,38.25666809
3703,-122.0658035,38.25699997
19422,-94.3514023,38.25719833
3708,-122.0572968,38.25930023
3710,-122.0633630,38.25943600
15237,-85.5689011,38.26330185
15186,-85.5746002,38.26490021
7393,-104.6081009,38.26779938
14113,-85.7173004,38.26818085
19421,-94.2766037,38.26860046
15024,-84.5365980,38.27172500
32504,-112.6415024,38.27220154
36160,-80.8449020,38.27249908
16981,-76.4625015,38.27310181
33284,-77.5576019,38.27339935
7389,-104.6066971,38.27389908
5103,-122.6659940,38.27398500
15025,-84.5026016,38.27450180
32510,-112.6487732,38.27513504
16980,-76.4639969,38.27590179
5104,-122.6714249,38.27595520
32507,-112.6390915,38.27688217
32509,-112.6396100,38.27700000
15167,-85.6404038,38.27709961
4754,-122.2743988,38.28229904
6104,-122.4591980,38.28300095
14245,-85.8300018,38.28350067
14246,-85.8292999,38.28369904
13809,-85.7562027,38.28430176
6105,-122.4583300,38.28450800
4763,-122.2748032,38.28570175
6097,-122.4613037,38.29130173
13805,-85.7518921,38.29140854
14108,-85.7521973,38.29169846
33276,-77.5190048,38.29418564
32505,-112.6491013,38.29420090
33268,-77.5089035,38.29520035
14111,-85.7552032,38.29550171
33280,-77.5108872,38.29558182
33257,-77.5114975,38.29570007
15178,-85.5625600,38.29592000
36162,-80.8262024,38.29629898
4773,-122.2830963,38.29660034
33258,-77.4972992,38.29669952
4753,-122.3001022,38.29700089
4774,-122.2850571,38.29748917
33274,-77.4765015,38.29859924
32879,-111.4138489,38.29924774
33266,-77.5158000,38.29970000
15229,-85.5599976,38.29999924
15196,-85.5494003,38.30039978
32876,-111.3932037,38.30160141
4762,-122.3012009,38.30250168
19968,-91.0772018,38.30329895
36163,-80.8336029,38.30392838
15201,-85.5540008,38.30410004
36161,-80.8327103,38.30598450
36016,-81.5634003,38.30609894
7395,-104.6122818,38.30797195
7397,-104.6215973,38.30820084
7394,-104.6259232,38.30838013
7384,-104.6154022,38.30870056
14109,-85.7173004,38.30879974
36024,-81.5634308,38.30904388
36017,-81.5627975,38.30910110
16789,-76.5313034,38.30960083
36086,-81.5635986,38.31000137
4777,-122.2850037,38.31079865
36164,-80.8340683,38.31081772
13351,-88.9488983,38.31100845
7387,-104.6149597,38.31208801
36015,-81.5877991,38.31409836
6102,-122.4834976,38.31439972
4771,-122.2761940,38.31489300
13346,-88.9567032,38.31589890
13349,-88.9564972,38.31610107
13347,-88.9119034,38.31639862
3122,-123.0307999,38.31769943
7398,-104.6164474,38.31947327
4759,-122.3095016,38.31980133
13806,-85.7553024,38.31999969
36021,-81.7173996,38.32099915
13808,-85.7564011,38.32139969
4769,-122.3108978,38.32180023
7388,-104.6157379,38.32347870
36158,-81.7157974,38.32529831
4765,-122.3141022,38.32609940
7391,-104.6168976,38.32699966
17122,-76.4627075,38.33248520
15043,-82.9515000,38.33270000
3127,-123.0414963,38.33330154
16790,-76.5555115,38.33338547
4760,-122.3223038,38.33570099
17123,-76.4616013,38.33710098
17029,-75.1099014,38.33729935
33273,-77.4885190,38.33831100
33270,-77.4909668,38.33948135
33387,-77.0763016,38.33950043
33275,-77.4951096,38.34125519
33286,-77.4978027,38.34230042
33261,-77.4959840,38.34248000
14284,-87.6079025,38.34389877
33282,-77.4978027,38.34429932
33267,-77.4984970,38.34529877
4102,-120.7716980,38.34569931
33285,-77.4984970,38.34569931
33279,-77.5000000,38.34576797
17055,-75.0790787,38.34596634
5296,-122.7166977,38.34659958
17039,-75.0768967,38.34669876
15041,-82.9393005,38.34709930
15042,-82.9380035,38.34730148
4778,-122.2674026,38.34840012
36022,-81.6383972,38.34980011
33174,-77.0565186,38.34980011
36019,-81.6305008,38.34989929
36026,-81.5883026,38.35120010
17041,-75.0749969,38.35208130
36018,-81.6350021,38.35319901
36023,-81.6420975,38.35459900
17035,-75.0736000,38.35470000
6401,-121.9828033,38.35499954
17103,-75.5866547,38.35544968
14285,-87.5935974,38.35549927
36020,-81.6439972,38.35580063
36025,-81.6383972,38.35580063
17058,-75.0733337,38.35831833
36040,-81.7346573,38.36006165
36041,-81.7360992,38.36019897
19455,-93.7534370,38.36121200
17054,-75.0734558,38.36150360
14512,-98.7668838,38.36153793
14510,-98.7714005,38.36159897
14511,-98.7751007,38.36180115
19813,-90.9781036,38.36209869
6397,-121.9692001,38.36270142
6406,-121.9709015,38.36349869
17106,-75.5963898,38.36469650
19456,-93.7530610,38.36473100
5297,-122.7070007,38.36529922
36159,-81.6888657,38.36609650
36028,-81.6891022,38.36619949
19454,-93.7699000,38.36690000
17107,-75.6007004,38.36728287
6398,-121.9570007,38.36800003
5298,-122.7145462,38.36825180
14626,-97.6270981,38.37020111
14627,-97.6317978,38.37060165
14318,-85.7568741,38.37066650
6405,-121.9535980,38.37110138
6400,-121.9534988,38.37129974
6402,-121.9517975,38.37149811
6403,-121.9525360,38.37203400
36149,-81.7776032,38.37459946
17056,-75.0680008,38.37866592
6404,-121.9426800,38.37954000
6399,-121.9392014,38.38240051
17101,-75.5838013,38.38339996
17059,-75.0671240,38.38369000
14103,-86.9244003,38.38420105
17053,-75.0753021,38.38430023
14827,-82.7157974,38.38470078
14102,-86.9284363,38.38552856
14106,-86.9416657,38.38700104
14829,-82.7184982,38.38700104
17040,-75.0652008,38.38819885
6062,-122.8146973,38.38890076
14104,-86.9310989,38.39130020
36027,-81.5874176,38.39287186
14319,-85.7602005,38.39310074
15084,-85.3619003,38.39469910
17104,-75.5628967,38.39519882
36080,-82.4151993,38.39530182
6024,-122.7135010,38.39630127
15083,-85.3584442,38.39838028
6568,-122.3590012,38.39920044
15085,-85.3581009,38.39920044
6569,-122.3626022,38.40269852
33350,-78.9073563,38.40637970
33353,-78.9068375,38.40694046
33346,-78.9067993,38.40729904
19322,-90.3876953,38.40768433
13341,-87.7880140,38.40928000
14477,-96.2194977,38.40950012
14478,-96.2199020,38.40969849
17100,-75.5671234,38.40975189
14481,-96.2200928,38.41019058
17108,-75.5673981,38.41070175
36073,-82.3431015,38.41289902
36078,-82.3438034,38.41310120
36033,-81.7984085,38.41311646
36083,-81.9869003,38.41320038
36031,-81.7963944,38.41400146
6026,-122.7172012,38.41410065
17026,-75.0577011,38.41500092
17102,-75.5656433,38.41569901
14483,-96.2127991,38.41609955
35967,-82.2583008,38.41630173
17028,-75.0568543,38.41926956
14482,-96.2127991,38.41944885
14484,-96.2164001,38.41970062
14485,-96.2133010,38.41973700
35966,-82.2617950,38.42009354
36032,-81.7896420,38.42067000
6039,-122.7125702,38.42099762
36075,-82.4457016,38.42160034
17022,-75.0563965,38.42160034
36076,-82.4422989,38.42190170
6021,-122.7133026,38.42359924
33348,-78.8421020,38.42411804
14480,-96.2151690,38.42439900
33342,-78.8461990,38.42760086
33343,-78.8731384,38.42982864
33345,-78.8460999,38.43040085
33351,-78.8481979,38.43109894
17038,-75.0550003,38.43140030
6023,-122.7181015,38.43249893
33344,-78.8456650,38.43323517
6033,-122.7193985,38.43460083
33349,-78.8465320,38.43479800
36084,-82.0167007,38.43629837
33341,-78.8502884,38.43684387
33347,-78.8508987,38.43750000
6032,-122.7207031,38.43759918
6725,-105.2416916,38.43846512
14828,-82.6928024,38.44060135
4486,-107.8707000,38.44160000
15082,-85.3130035,38.44340134
19323,-90.3783035,38.44459915
6727,-105.1933050,38.44713700
3586,-121.8550034,38.44729996
6728,-105.2202988,38.44820023
6723,-105.2197037,38.44850159
6027,-122.6887970,38.44960022
17034,-75.0518341,38.45030212
6726,-105.1787033,38.45140076
33764,-77.4044189,38.45163727
14831,-82.6122971,38.45249939
33173,-78.0214233,38.45520020
36166,-81.9358826,38.45536041
33171,-78.0189972,38.45550156
7338,-107.8675995,38.45560074
3584,-121.8396988,38.45859909
33170,-77.9999008,38.46030045
33762,-77.4152069,38.46101761
36082,-81.9331970,38.46189880
6022,-122.7280121,38.46350479
6036,-122.7282240,38.46380700
33765,-77.4040985,38.46630096
7337,-107.8666000,38.46760178
33766,-77.4153976,38.46920013
33767,-77.4138031,38.46979904
33763,-77.4138031,38.47010040
6035,-122.7301740,38.47050300
5352,-121.4176010,38.47447600
36081,-81.9339981,38.47470093
6025,-122.7269974,38.47520065
6028,-122.7269974,38.47529984
5353,-121.4195970,38.47531200
5317,-121.4201965,38.47579956
6031,-122.7361984,38.47959900
6037,-122.7342834,38.47966385
6030,-122.7266998,38.48070145
7331,-107.8629990,38.48780060
7339,-107.8631973,38.48789978
7335,-107.8636017,38.48799896
7333,-107.8577423,38.48813629
6192,-122.4560480,38.49391000
6040,-122.7604980,38.49449921
5363,-121.4413986,38.49530029
19493,-90.6219000,38.49680000
12779,-90.0045319,38.50348282
19495,-90.6636963,38.50450134
19494,-90.6632996,38.50450134
12778,-90.0024680,38.50939600
19860,-90.3338013,38.51060104
14826,-82.7066900,38.51126300
19871,-90.3379400,38.51198600
12780,-89.9776001,38.51359940
7418,-106.0758972,38.51459885
7422,-105.9875740,38.51512200
6196,-122.4615750,38.51924100
17079,-76.5718155,38.51965332
7412,-106.0198975,38.52349854
7421,-106.0188980,38.52370071
7416,-105.9958420,38.52392960
7409,-105.9963226,38.52412796
7411,-106.0079440,38.52433700
16957,-76.9816971,38.52439880
17078,-76.5830002,38.53580093
7879,-75.0595017,38.53760147
7207,-106.9397964,38.53770065
19988,-90.9773026,38.53829956
19503,-90.4710210,38.54006300
19502,-90.4719009,38.54010010
13941,-86.6258011,38.54050064
19505,-90.4467011,38.54109955
3547,-121.7310715,38.54120255
19501,-90.4468002,38.54130173
3546,-121.7444000,38.54209900
19504,-90.4682007,38.54209900
19500,-90.4676971,38.54240036
3550,-121.7395020,38.54249954
3551,-121.7309036,38.54349899
7415,-106.0478000,38.54370000
3545,-121.7421036,38.54370117
7210,-106.9228973,38.54430008
3549,-121.7429504,38.54449081
33823,-77.3371963,38.54679871
19875,-90.4056702,38.54912186
19564,-92.2044754,38.54914474
5322,-121.4093018,38.54980087
19565,-92.1999969,38.54999924
3552,-121.7008438,38.55111313
3553,-121.6933120,38.55123600
19839,-90.4069977,38.55220032
5324,-121.4544983,38.55229950
33824,-77.3402863,38.55330658
16791,-76.0466995,38.55390167
5351,-121.4109970,38.55472700
19861,-90.4088974,38.55550003
12822,-90.1644974,38.55559921
19571,-92.1960754,38.55562592
19568,-92.1956024,38.55609894
19852,-90.4069977,38.55699921
16793,-76.0586014,38.55770111
7404,-106.0727080,38.56076300
32648,-109.5471573,38.56131363
19572,-92.1889267,38.56159973
32640,-109.5479965,38.56169891
32634,-109.5483017,38.56179810
16794,-76.0483990,38.56183700
19678,-90.4066009,38.56589890
5349,-121.4684510,38.56839800
5367,-121.4680023,38.56940079
32629,-109.5505981,38.57040024
32643,-109.5499191,38.57093048
32628,-109.5510025,38.57210159
33207,-77.3165970,38.57329941
32642,-109.5508000,38.57450000
33206,-77.3185349,38.57475662
3215,-122.5781660,38.57548900
32631,-109.5509750,38.57586200
19569,-92.1781006,38.57680130
14656,-95.2654190,38.57724380
5344,-121.4916000,38.57740021
13412,-89.8721695,38.57830048
32635,-109.5499878,38.57867813
19561,-92.1780014,38.57899857
5360,-121.4904022,38.57929993
3221,-122.5786972,38.57949829
5330,-121.5065994,38.58010101
5329,-121.4805222,38.58021545
5355,-121.4854813,38.58023071
5321,-121.4827652,38.58136749
19563,-92.2826996,38.58179855
5318,-121.4910965,38.58190155
19567,-92.2826004,38.58190155
5341,-121.5027008,38.58259964
5326,-121.5056000,38.58330154
5368,-121.5021973,38.58359909
32651,-109.5544968,38.58359909
5187,-121.2945990,38.58373900
33205,-77.3299026,38.58420181
33203,-77.3301010,38.58430099
3226,-122.5693920,38.58452600
3220,-122.5773392,38.58609009
5347,-121.5049973,38.58670044
3200,-122.5767975,38.58700180
5183,-121.2910995,38.58710098
13413,-89.9466019,38.58710098
5196,-121.2890015,38.58750153
5185,-121.2888031,38.58760071
13414,-89.9399033,38.58779907
19566,-92.2555008,38.58819962
5195,-121.2835007,38.58900070
14655,-95.2685242,38.59000778
13411,-89.9399033,38.59009933
5186,-121.2857650,38.59016900
5189,-121.2855988,38.59030151
5319,-121.5053024,38.59040070
13415,-89.9399033,38.59040070
5191,-121.2826996,38.59080124
5316,-121.4156036,38.59159851
13417,-89.9129715,38.59229279
13416,-89.9519272,38.59266281
5359,-121.4151993,38.59310150
5194,-121.2890990,38.59346300
5350,-121.5049990,38.59518500
5365,-121.5053024,38.59560013
5364,-121.5026016,38.59579849
5182,-121.2888031,38.59619904
5335,-121.5018005,38.59709930
5323,-121.5048447,38.59730148
14657,-95.2642136,38.59733582
5338,-121.5018997,38.59759903
5356,-121.4549026,38.59920120
13083,-89.9814987,38.59949875
13085,-89.9918976,38.60089874
13087,-89.9925995,38.60100174
15410,-84.5718994,38.60129929
13089,-89.9868393,38.60171127
13084,-89.9857025,38.60179901
5331,-121.4380035,38.60509872
5325,-121.5120010,38.60549927
13086,-89.9842987,38.60549927
5192,-121.2690964,38.60599899
5340,-121.4356003,38.60620117
5193,-121.2682037,38.60689926
5188,-121.2677002,38.60789871
5180,-121.2677994,38.60829926
5184,-121.2673035,38.60879898
17156,-76.9280014,38.60910034
3965,-122.8718033,38.61019897
12845,-90.0472031,38.61040115
5339,-121.5134964,38.61059952
12846,-90.0484240,38.61187900
12847,-90.0465469,38.61420059
5358,-121.5142975,38.61439896
19856,-90.2220993,38.61500168
5362,-121.5391998,38.61520004
5336,-121.5198975,38.61579895
17155,-76.9209595,38.61610031
19876,-90.2850037,38.61759949
19857,-90.2862015,38.61769867
5343,-121.5183029,38.61940002
19833,-90.3474000,38.62140000
19895,-90.1946030,38.62319946
19869,-90.1893005,38.62360001
14400,-87.1820984,38.62440109
19884,-90.2022018,38.62469864
19844,-90.1887230,38.62492900
5337,-121.4139023,38.62500000
13044,-90.1753998,38.62530136
15409,-84.5762253,38.62566757
12840,-89.3750940,38.62577600
3957,-122.8756027,38.62609863
19837,-90.1881027,38.62680054
13555,-88.9772034,38.62680054
5181,-121.2217484,38.62693024
19853,-90.1879990,38.62736300
19845,-90.2100983,38.62739944
17157,-76.9595032,38.62739944
5320,-121.4046021,38.62776947
15411,-84.5681992,38.62889862
19874,-90.2001038,38.62929916
19865,-90.2077750,38.62950000
19850,-90.1865006,38.62979889
3890,-121.2214966,38.63000107
19868,-90.1931000,38.63019943
15261,-83.7981644,38.63019943
19834,-90.2142029,38.63059998
19849,-90.2124023,38.63059998
19878,-90.1915970,38.63059998
3729,-121.2114029,38.63090134
19843,-90.1880035,38.63090134
19863,-90.1921997,38.63240051
15256,-83.7948990,38.63270187
13088,-89.9849472,38.63283920
19880,-90.3433991,38.63389969
5328,-121.3874664,38.63452530
34007,-77.2978973,38.63479996
5332,-121.4770966,38.63650131
5354,-121.4760971,38.63660049
34014,-77.2991638,38.63801956
5361,-121.4971440,38.63823900
17154,-76.8973999,38.63909912
19444,-90.6215973,38.64149857
14385,-87.5251007,38.64179993
19867,-90.4968033,38.64189911
3730,-121.1886978,38.64260101
3732,-121.1905975,38.64360046
19885,-90.3351974,38.64720154
4826,-121.3834000,38.64770126
19882,-90.3350983,38.64849854
7971,-75.5942001,38.64889908
33518,-78.6738739,38.64901733
19447,-90.5692978,38.64910126
14911,-85.1218109,38.64974213
14401,-87.1751022,38.65010071
34009,-77.2938995,38.65079880
7970,-75.5963974,38.65240097
7969,-75.5962982,38.65240097
19448,-90.5548019,38.65250015
19449,-90.5505981,38.65259933
18674,-76.8797930,38.65349400
19453,-90.3387985,38.65449905
19445,-90.5623016,38.65520096
33516,-78.6614000,38.65630000
3265,-120.9704160,38.65823700
14907,-85.1361008,38.65919876
15258,-83.7847000,38.65930000
19835,-90.4554977,38.66009903
14906,-85.1382980,38.66070175
5348,-121.3563004,38.66080093
14909,-85.1383972,38.66080093
33424,-78.4576000,38.66090000
14386,-87.5093155,38.66146469
5342,-121.3554001,38.66249847
14388,-87.5058975,38.66270065
34012,-77.2497482,38.66304398
34008,-77.2471466,38.66329956
19532,-94.3855209,38.66399765
34010,-77.2502975,38.66569901
34011,-77.2446976,38.66569901
33423,-78.4663010,38.66590118
19446,-90.5757980,38.66619873
3733,-121.1532974,38.66640091
19443,-90.6507034,38.67119980
33426,-78.4509811,38.67365646
7098,-104.7126007,38.67470169
6544,-121.7478714,38.67678452
6543,-121.7488640,38.67706300
6540,-121.7507019,38.67710114
3731,-121.1800995,38.67729950
12979,-90.0113983,38.67940140
12975,-89.9908981,38.68050003
12980,-90.0158920,38.68138123
12978,-90.0155029,38.68140030
12976,-90.0151977,38.68239975
12974,-90.0128479,38.68300629
12977,-90.0126750,38.68367000
14953,-84.6026993,38.68389893
19912,-93.2518997,38.68410110
14955,-84.5996018,38.68450165
14314,-85.7921982,38.68500137
14316,-85.7911840,38.68531800
14315,-85.7843990,38.68634800
14952,-84.6070023,38.68980026
19881,-90.4478989,38.69200134
36165,-80.5839920,38.69248199
14387,-87.4966965,38.69309998
19841,-90.4487991,38.69369888
19829,-90.4431992,38.69480133
6538,-121.7651978,38.69559860
19889,-90.4422989,38.69580078
19721,-90.4468002,38.69680023
19832,-90.4455337,38.69720078
19719,-90.4352035,38.69789886
19877,-90.4348984,38.69789886
19723,-90.4358978,38.69800186
7898,-75.4014893,38.69828796
19886,-90.4470978,38.70019913
19887,-90.4464035,38.70159912
7964,-75.0830154,38.70225143
19836,-90.4382019,38.70230103
33420,-77.2261810,38.70507813
5132,-120.8394012,38.70740128
19914,-93.2279892,38.70783615
13290,-89.9559708,38.70834351
19915,-93.2707977,38.71009827
7943,-75.1012000,38.71050000
19918,-93.2715683,38.71138000
7952,-75.0909150,38.71394000
19718,-90.4543991,38.71409988
7960,-75.0921020,38.71440125
7967,-75.0852310,38.71648100
33899,-77.8084946,38.71722412
19724,-90.4480972,38.71789932
19720,-90.4479980,38.71789932
32932,-77.1293182,38.71865463
7949,-75.0764999,38.71920013
32924,-77.1259003,38.72010040
26469,-82.8593979,38.72330093
13420,-88.0939026,38.72719955
19851,-90.3884000,38.72720000
7911,-75.1616669,38.72722244
19831,-90.3432200,38.72740100
19894,-90.3435120,38.72847600
26468,-82.8595352,38.72866440
33898,-77.7745209,38.73018265
19879,-90.3472977,38.73099899
5133,-120.7833023,38.73189926
13651,-89.9154968,38.73300171
19862,-90.3572006,38.73310089
13650,-89.9144974,38.73329926
19838,-90.3565292,38.73450470
19872,-90.3565760,38.73476700
6870,-108.0709991,38.73500061
19855,-90.3591003,38.73680115
19866,-90.3391000,38.73800000
19842,-90.3637009,38.73849869
16847,-76.0692825,38.73890686
14476,-98.2163010,38.73960114
19415,-90.3988037,38.74079895
19416,-90.3984985,38.74100113
19417,-90.3985977,38.74150085
7957,-75.1371002,38.74380112
5311,-121.2665024,38.74589920
13473,-90.0727005,38.74660110
19827,-90.3936081,38.74709702
6871,-108.0732117,38.74750137
5306,-121.2714005,38.74779892
5304,-121.2705002,38.74779892
5308,-121.2699966,38.74840164
19725,-90.4646912,38.74916840
16813,-76.8780975,38.74990082
13168,-89.6806030,38.75070190
26288,-83.0289841,38.75181580
33897,-77.7889830,38.75287900
5167,-120.6080590,38.75345000
19490,-90.4505005,38.75370026
19858,-90.4645004,38.75410080
13472,-90.0681992,38.75429916
5166,-120.5960999,38.75659943
5309,-121.2592010,38.75759888
5312,-121.2591019,38.75809860
5305,-121.2590027,38.75820160
5307,-121.2589035,38.75839996
32744,-112.0618000,38.75870000
19418,-90.4385986,38.75880051
13471,-90.0504990,38.76029968
32745,-112.0852356,38.76053619
19828,-90.4536972,38.76089859
19489,-90.4552002,38.76250076
32947,-77.0842667,38.76259613
5310,-121.2553024,38.76319885
33468,-77.4574640,38.76454000
16846,-76.0605850,38.76555634
19744,-90.7700600,38.76608000
16850,-76.0605011,38.76660156
32741,-112.0911865,38.76743698
33456,-77.4574966,38.76750183
19804,-90.4979019,38.76850128
19539,-90.3673019,38.76969910
19803,-90.4986000,38.76970000
19870,-90.2168250,38.76970200
19799,-90.4933014,38.77041245
19807,-90.4933014,38.77090073
19801,-90.4928970,38.77090073
19890,-90.2657623,38.77256393
32742,-112.0842743,38.77281189
19979,-93.7247009,38.77289963
19976,-93.7254028,38.77299881
19985,-93.7359120,38.77303700
19981,-93.7312012,38.77310181
19535,-90.3348007,38.77410126
19537,-90.3876038,38.77429962
14163,-85.4004974,38.77489853
32746,-112.0841904,38.77496719
33759,-77.1775971,38.77519989
19978,-93.7361984,38.77529907
33756,-77.1780701,38.77552032
19811,-90.5273972,38.77590179
14166,-85.3842011,38.77610016
33758,-77.1787033,38.77610016
17127,-76.2175980,38.77750015
33761,-77.1837997,38.77819824
32747,-112.0842743,38.77904892
19536,-90.3686981,38.77939987
33760,-77.1828995,38.78049850
33757,-77.1774979,38.78070068
19538,-90.3552017,38.78089905
26289,-82.9845581,38.78108978
19808,-90.5319977,38.78189850
33755,-77.1836777,38.78206253
14709,-97.6138992,38.78340149
14718,-97.6138000,38.78340149
33506,-78.6511002,38.78340149
32931,-77.0744324,38.78387070
17134,-76.2171020,38.78499985
6761,-104.8253021,38.78530121
5295,-121.2251968,38.78620148
5294,-121.2246017,38.78839874
17131,-76.2278976,38.78839874
32948,-77.0660019,38.78850174
33460,-77.4484024,38.78910065
6794,-104.7281036,38.78939819
6785,-104.7968590,38.79066000
19810,-90.5533524,38.79090881
17132,-76.2248993,38.79109955
6758,-104.8489780,38.79121000
32938,-77.0581970,38.79150009
19805,-90.5571976,38.79169846
6798,-104.7981033,38.79209900
6811,-104.7975998,38.79240036
6783,-104.7985001,38.79259872
14712,-97.6151962,38.79259872
26287,-82.9850006,38.79320145
5293,-121.2171173,38.79347610
6766,-104.8130035,38.79430008
6774,-104.8014984,38.79489899
19806,-90.5633310,38.79587300
6818,-104.7897797,38.79587555
6769,-104.7949982,38.79619980
6773,-104.7929001,38.79619980
36146,-81.7386017,38.79619980
33463,-77.5149994,38.79629898
33457,-77.5106354,38.79693985
19898,-90.5815964,38.79719925
33455,-77.5202026,38.79769897
19897,-90.5985031,38.79790115
19896,-90.6203600,38.79791100
33465,-77.5174484,38.79835892
26286,-82.9844971,38.79909897
33467,-77.5211029,38.79940033
19688,-90.6417923,38.79956436
33466,-77.5160980,38.79959869
32942,-77.0727997,38.80120087
32928,-77.0738983,38.80139923
33462,-77.5192180,38.80246200
33461,-77.5198975,38.80250168
17070,-76.9953003,38.80250168
32953,-77.0656220,38.80320700
19745,-90.7264023,38.80329895
6786,-104.7328033,38.80360031
17071,-76.9842987,38.80390167
32949,-77.0574036,38.80400085
32944,-77.1042023,38.80500031
32946,-77.0490710,38.80509600
6793,-104.7378006,38.80519867
33459,-77.5184021,38.80519867
32933,-77.0609970,38.80559921
6756,-104.7379990,38.80599976
6791,-104.7377014,38.80609894
32937,-77.0574036,38.80630112
32941,-77.0581970,38.80659866
6816,-104.7353210,38.80774689
6807,-104.7266998,38.80810165
19990,-90.8752975,38.80820084
16795,-76.8978770,38.80888100
19325,-94.5250244,38.80894852
19743,-90.6803000,38.81050000
14505,-94.8918991,38.81090164
19324,-94.5323029,38.81119919
32951,-77.0452194,38.81161880
32950,-77.0439987,38.81299973
32929,-77.0403976,38.81370163
13047,-89.9536970,38.81378200
32930,-77.1423416,38.81456375
32943,-77.0439987,38.81529999
32925,-77.0438995,38.81529999
6753,-104.7786870,38.81564000
19510,-90.9549026,38.81570053
6796,-104.8216782,38.81582260
32935,-77.1391983,38.81729889
32926,-77.1412277,38.81735992
32934,-77.0430190,38.81823000
6768,-104.7633972,38.81859970
32939,-77.1287003,38.81930161
5292,-121.2754974,38.82062531
36147,-81.7253037,38.82080078
16796,-76.8870010,38.82099915
36145,-81.7236023,38.82149887
19984,-91.1323013,38.82160187
19809,-90.5069046,38.82497406
14717,-97.6344986,38.82699966
14720,-97.6327972,38.82699966
14713,-97.6367950,38.82849884
14710,-97.6391983,38.82960129
6770,-104.7858550,38.83246300
32940,-77.1160300,38.83298900
6755,-104.8255870,38.83384300
25944,-82.1543579,38.83411789
6777,-104.7011185,38.84000397
33044,-77.4363022,38.84009933
6817,-104.7005310,38.84033203
6808,-104.7481003,38.84049988
32936,-77.1129990,38.84429932
32945,-77.1131973,38.84439850
6823,-104.8673172,38.84613037
19515,-94.5287018,38.84680176
6718,-106.1349030,38.84690094
32964,-77.0803986,38.84799957
6711,-106.1360016,38.84809875
32966,-77.0803986,38.84809875
32968,-77.0529022,38.84820175
32985,-77.0528030,38.84899902
32981,-77.0529022,38.85010147
32979,-77.0519028,38.85250092
33224,-77.3187027,38.85419846
14648,-94.8197021,38.85459900
32976,-77.0524979,38.85509872
32995,-77.0524979,38.85649872
25943,-82.1445007,38.85660172
7322,-104.8967972,38.85698318
33221,-77.3310242,38.85698318
33222,-77.3348999,38.85720062
33220,-77.3397980,38.85760117
33228,-77.3867035,38.85869980
32970,-77.0519028,38.86019897
33219,-77.3070984,38.86159897
32972,-77.0882034,38.86220169
32993,-77.0597992,38.86249924
33227,-77.2291031,38.86299896
33235,-77.2156982,38.86299896
33229,-77.3833008,38.86320114
32975,-77.0513000,38.86330032
32973,-77.0522003,38.86389923
32987,-77.0512009,38.86389923
32988,-77.0506973,38.86420059
33223,-77.2786255,38.86428452
33226,-77.3684006,38.86439896
32992,-77.0553970,38.86479950
33232,-77.1387482,38.86606598
13760,-86.4732971,38.86660004
32994,-77.0724029,38.86719894
14705,-98.8548966,38.86740112
14707,-98.8551025,38.86769867
33238,-77.2258987,38.86849976
14706,-98.8549500,38.86874771
33237,-77.1719971,38.86980057
33231,-77.1723023,38.86999893
33046,-77.4466019,38.87070084
13146,-89.3856964,38.87120056
34015,-78.5260544,38.87230682
33225,-77.3704987,38.87300110
13763,-86.5165024,38.87310028
14711,-97.6128998,38.87329865
33233,-77.2241974,38.87369919
33054,-77.4573975,38.87580109
14721,-97.6202910,38.87786300
14715,-97.6169740,38.87786300
14719,-97.6100006,38.87810135
14722,-97.6117020,38.87829971
33239,-77.1709976,38.87879944
6803,-104.8366930,38.88023100
32997,-77.1141968,38.88029861
32971,-77.0843506,38.88063812
14514,-99.3174973,38.88169861
32982,-77.1162033,38.88190079
32978,-77.1108017,38.88190079
33053,-77.4452972,38.88259888
3600,-121.9729004,38.88290024
32961,-77.1006240,38.88307200
7877,-77.0160570,38.88333700
33234,-77.1764984,38.88560104
3599,-122.0042038,38.88669968
32974,-77.1613159,38.88669968
32991,-77.0838776,38.88675308
33050,-77.4340973,38.88690186
6809,-104.7572021,38.88800049
32980,-77.0835037,38.88869858
16797,-76.8532570,38.88885700
32967,-77.1191635,38.89154434
32965,-77.0747909,38.89170074
32996,-77.0727997,38.89179993
14517,-99.3180008,38.89239883
14522,-99.3174800,38.89289600
32969,-77.0757980,38.89379883
16843,-75.8214188,38.89448547
32984,-77.0727005,38.89519882
16968,-76.8425290,38.89534700
6799,-104.8295975,38.89559937
33048,-77.4257965,38.89559937
16962,-76.8432007,38.89559937
6776,-104.8277512,38.89647675
6806,-104.8311768,38.89671326
6754,-104.8339005,38.89680099
14518,-99.3174973,38.89705276
14521,-99.3181000,38.89749908
33049,-77.4311981,38.89749908
33056,-77.4317017,38.89770126
14524,-99.3173218,38.89773178
32983,-77.0727997,38.89780045
33051,-77.4341965,38.89839935
6772,-104.8299026,38.89841843
33055,-77.4446030,38.89860153
32989,-77.0723038,38.89889908
33047,-77.4316025,38.89929962
7899,-75.5585022,38.89989853
24194,-119.7227020,38.90029907
7343,-106.9663010,38.90029907
33052,-77.4559021,38.90060043
6821,-104.8537979,38.90090179
19701,-94.3623300,38.90093700
19705,-94.3535995,38.90209961
12737,-90.1324997,38.90328217
14646,-94.7772980,38.90670013
14519,-99.3177032,38.90689850
14651,-94.7769012,38.90710068
7876,-77.0456320,38.90763200
33240,-77.2129974,38.90869904
14681,-94.6719971,38.90950012
14683,-94.6718979,38.90980148
14647,-94.7697983,38.90999985
12739,-90.1576004,38.90999985
14644,-94.7695007,38.91009903
19591,-94.5207977,38.91019821
33294,-78.1928024,38.91180038
33837,-77.2213974,38.91260147
33836,-77.2294006,38.91279984
36049,-79.8455887,38.91292953
36045,-79.8355408,38.91316605
6800,-104.8277969,38.91370010
6157,-120.0072021,38.91500092
6141,-120.0053024,38.91519928
6757,-104.8229980,38.91609955
36322,-76.9949000,38.91640000
33291,-78.1862793,38.91656494
6781,-104.8170013,38.91790009
14725,-101.7368011,38.91889954
15360,-84.6269989,38.91889954
15359,-84.6311645,38.91930008
33485,-77.2273026,38.91989899
33484,-77.2269974,38.91989899
2942,-121.0818024,38.92020035
12742,-90.1728973,38.92150116
33838,-77.2524033,38.92160034
14664,-94.6671982,38.92219925
14577,-95.2604980,38.92300034
7900,-75.5667038,38.92340088
2940,-121.0556030,38.92449951
6759,-104.7939987,38.92449951
33487,-77.2225037,38.92449951
33483,-77.2344971,38.92490005
2943,-121.0607986,38.92509842
2944,-121.0551453,38.92581940
19480,-92.3687973,38.92610168
19457,-92.3683014,38.92639923
33835,-77.2395020,38.92639923
33834,-77.2429962,38.92648315
33486,-77.2172012,38.92670059
6764,-104.8146439,38.92690659
14682,-94.6559982,38.92760086
14671,-94.6523972,38.92760086
7901,-75.5670013,38.92829895
6162,-119.9803619,38.92906952
14661,-94.6586990,38.92919922
14663,-94.6535034,38.92919922
33839,-77.2461014,38.92919922
14675,-94.6476974,38.92940140
14666,-94.6676025,38.92959976
14679,-94.6679001,38.92969894
14673,-94.6491013,38.92990112
22918,-74.9328995,38.93009949
14659,-94.6428986,38.93019867
14660,-94.7285995,38.93030167
16810,-76.9284973,38.93030167
36044,-79.8603363,38.93032455
33840,-77.2436981,38.93040085
36063,-80.8248000,38.93080000
14678,-94.6679993,38.93099976
14418,-97.2135773,38.93268585
14415,-97.2135010,38.93270111
33362,-77.4261017,38.93289948
22917,-74.9182358,38.93297195
14680,-94.6660995,38.93299866
14684,-94.6639023,38.93339920
13671,-89.0988000,38.93340000
14685,-94.6669006,38.93360138
14668,-94.7238998,38.93389893
6782,-104.8149033,38.93429947
14662,-94.6703033,38.93429947
6792,-104.8152008,38.93470001
33488,-77.1808014,38.93500137
19702,-94.3610001,38.93569946
14670,-94.6656036,38.93590164
6802,-104.8134995,38.93619919
19671,-91.9393005,38.93629837
6780,-104.8131027,38.93659973
19342,-92.7749030,38.93753800
14676,-94.6704025,38.93759918
19341,-92.7751236,38.93783188
6160,-119.9388046,38.93794250
6787,-104.8134003,38.93820190
19606,-94.5848999,38.93830109
19618,-94.5842972,38.93830109
16963,-76.9106064,38.93831253
19344,-92.7453537,38.93846130
7914,-75.4280014,38.93999863
26343,-83.5715256,38.94128036
14573,-95.2603302,38.94145966
19703,-94.3780975,38.94300079
14417,-97.2136993,38.94319916
16785,-76.7338850,38.94325100
19667,-91.9406204,38.94344711
14299,-84.8628006,38.94400024
6144,-119.9719009,38.94530106
6132,-119.9671021,38.94549942
6151,-119.9713287,38.94552994
6765,-104.8080902,38.94583511
32781,-111.8565979,38.94589996
6813,-104.8081360,38.94596863
6135,-119.9620972,38.94670105
6146,-119.9491730,38.94677734
16961,-76.8644028,38.94699860
6158,-119.9617386,38.94710159
33625,-77.3563003,38.94839859
14580,-95.2602234,38.94865799
16784,-76.7372971,38.94879913
33626,-77.3522460,38.94891300
6775,-104.8041992,38.94919968
6815,-104.8039017,38.94929886
3432,-122.6248016,38.95000076
6771,-104.7999191,38.95029449
16783,-76.7180023,38.95100021
6795,-104.7664032,38.95109940
19474,-92.3252029,38.95159912
19669,-91.9897690,38.95163000
19668,-91.9592972,38.95199966
6163,-119.9484024,38.95240021
14589,-94.7352900,38.95267500
33360,-77.4057999,38.95289993
33356,-77.4262009,38.95339966
33623,-77.3636017,38.95399857
14586,-94.7326126,38.95432663
14591,-94.7305603,38.95484543
6138,-119.9412003,38.95500183
14322,-85.8421555,38.95536041
14321,-85.8426971,38.95539856
33358,-77.3786011,38.95600128
14590,-94.7331009,38.95610046
33361,-77.3774033,38.95650101
33364,-77.4121018,38.95690155
33288,-78.1968994,38.95709991
6131,-119.9479980,38.95759964
6136,-119.9425964,38.95800018
14326,-85.8554001,38.95800018
14588,-94.7304001,38.95809937
14667,-94.6826019,38.95809937
6130,-119.9459991,38.95819855
14327,-85.8392029,38.95819855
6142,-119.9434967,38.95830154
19468,-92.2899017,38.95830154
33201,-77.4461975,38.95830154
14323,-85.8482971,38.95840073
33368,-77.3740006,38.95859909
33624,-77.3556976,38.95859909
19459,-92.2909012,38.95869827
33359,-77.4025650,38.95888138
33366,-77.4018021,38.95890045
19458,-92.2927017,38.95980072
19470,-92.2930527,38.95990372
19461,-92.2890040,38.96036400
32783,-111.8883000,38.96060000
33365,-77.4223023,38.96099854
24189,-119.9404984,38.96139908
16966,-76.8636017,38.96179962
19477,-92.2517790,38.96183000
24191,-119.9387970,38.96250153
19460,-92.2950974,38.96269989
16919,-76.2053299,38.96269989
19476,-92.2902832,38.96319199
24128,-119.7844009,38.96350098
19467,-92.2884979,38.96360016
16967,-76.8608017,38.96360016
23361,-74.8426720,38.96368200
16811,-77.0877991,38.96440125
17138,-76.3162994,38.96450043
19463,-92.3724976,38.96559906
19471,-92.3649120,38.96561500
6788,-104.7973022,38.96580124
3434,-122.6218033,38.96599960
19462,-92.3664246,38.96611023
33367,-77.3729019,38.96699905
19464,-92.3439178,38.96723175
19658,-94.5198975,38.96739960
33363,-77.3757019,38.96780014
16916,-76.2416992,38.96789932
19465,-92.3705978,38.96889877
16917,-76.2378006,38.96910095
14572,-95.2602997,38.96939850
19590,-94.5208969,38.96939850
19472,-92.3336029,38.96960068
19473,-92.3349991,38.97000122
19478,-92.3243027,38.97090149
14575,-95.2360760,38.97114600
33202,-77.4263992,38.97119904
19481,-93.5813000,38.97160000
14576,-95.2636032,38.97219849
16696,-76.5455017,38.97219849
16702,-76.5504608,38.97319412
14581,-95.2356033,38.97330093
16707,-76.5504990,38.97389984
16704,-76.4856033,38.97389984
16699,-76.5484009,38.97560120
13672,-89.0970993,38.97600174
33803,-77.4101028,38.97700119
33805,-77.4250031,38.97729874
16705,-76.4999008,38.97740173
32859,-112.3302002,38.97760010
16694,-76.5509033,38.97779846
16703,-76.4981003,38.97790146
16712,-76.4912033,38.97850037
16822,-76.9375610,38.97870255
19700,-94.3580017,38.97909927
13669,-89.0962982,38.97919846
33802,-77.4291992,38.97930145
14578,-95.2591019,38.97959900
16691,-76.5474014,38.98020172
19972,-90.9805985,38.98089981
33799,-77.4331040,38.98158300
16695,-76.5459976,38.98189926
14993,-84.6434021,38.98239899
32556,-110.1680450,38.98247147
16782,-77.0935974,38.98289871
16701,-76.5412979,38.98320007
16779,-77.0950012,38.98410034
14587,-94.7053986,38.98440170
16965,-76.9881973,38.98490143
23335,-74.8162994,38.98529816
36001,-80.2126007,38.98630142
14978,-84.6472015,38.98690033
14988,-84.6396332,38.98719406
17115,-77.0285339,38.98739624
17118,-77.0281982,38.98740005
6810,-104.8029022,38.98770142
33196,-77.4296880,38.98771000
19973,-90.9699020,38.98789978
32553,-112.3237000,38.98830032
16711,-76.5380020,38.98849869
23322,-74.8199005,38.98860168
16921,-76.8811035,38.98880005
16964,-76.9813080,38.98883100
14992,-84.6414032,38.98920059
14987,-84.6418940,38.98928800
19545,-92.7289963,38.99020004
32562,-110.1313890,38.99068100
32558,-110.1437870,38.99086400
14994,-84.6371002,38.99089813
32557,-110.1437000,38.99113600
14985,-84.6416473,38.99129486
16777,-77.0958023,38.99140167
16775,-77.0958023,38.99150085
32559,-110.1367310,38.99231700
32555,-110.1417999,38.99330139
16778,-77.0966034,38.99349976
16817,-76.9316025,38.99570084
32561,-110.1486130,38.99613190
16920,-76.8963013,38.99750137
16923,-76.8963013,38.99769974
17116,-77.0262985,38.99850082
33200,-77.4376984,38.99869919
17114,-77.0308991,38.99869919
14630,-94.7021027,38.99879837
33494,-78.2384033,38.99879837
14726,-94.7780991,38.99919891
16706,-76.5071030,39.00009918
14560,-96.8631410,39.00088200
16776,-77.1023026,39.00120163
4140,-122.7940120,39.00147100
14981,-84.6444015,39.00159836
14980,-84.6440964,39.00289917
14258,-85.6276398,39.00363541
19704,-94.3539963,39.00379944
16823,-76.9297180,39.00408554
16824,-76.9298706,39.00469208
13492,-87.7600021,39.00550079
14628,-94.6881638,39.00666809
13632,-89.7594986,39.00749969
33198,-77.4363022,39.00799942
16922,-76.8963013,39.00820160
14632,-94.6931000,39.00979996
14982,-84.6321030,39.00989914
14631,-94.6927032,39.01269913
16820,-76.9279022,39.01369858
14745,-95.6873230,39.01414000
33197,-77.4643021,39.01449966
14556,-96.8299713,39.01473236
14629,-94.6895981,39.01480103
14672,-94.6707001,39.01509857
14984,-84.6326981,39.01530075
16780,-77.1016998,39.01599884
14983,-84.6339035,39.01610184
19514,-94.2092972,39.01620102
14766,-99.8716965,39.01639938
36171,-80.4176636,39.01683426
19746,-94.1327972,39.01689911
14979,-84.6339493,39.01701355
14989,-84.6350021,39.01729965
36172,-80.4226990,39.02050018
33806,-77.4270450,39.02083700
33796,-77.4267530,39.02083700
16821,-76.9255981,39.02109909
14554,-96.8215027,39.02149963
16781,-77.1380997,39.02170181
19513,-94.2008896,39.02354431
14557,-96.8015823,39.02356339
14559,-96.8169022,39.02479935
14972,-84.6131973,39.02579880
33798,-77.4134979,39.02600098
19332,-94.2429962,39.02619934
19336,-94.2718964,39.02780151
14973,-84.6159515,39.02807617
14561,-96.8154983,39.02809906
33199,-77.4066009,39.02809906
33495,-78.2780991,39.02920151
19333,-94.2739029,39.02930069
13772,-86.4894280,39.02958900
14743,-95.7621002,39.03020096
33807,-77.3960037,39.03179932
33801,-77.3976974,39.03229904
14739,-95.6829987,39.03680038
14741,-95.7559967,39.03734970
14755,-95.7602005,39.03879929
19637,-94.5917969,39.03969955
14746,-95.7611008,39.03979874
19646,-94.5913010,39.03990173
26017,-82.6299973,39.03999710
26020,-82.6089020,39.04010010
14744,-95.7614975,39.04040146
26018,-82.6287308,39.04076385
19552,-94.3472977,39.04130173
19653,-94.5957031,39.04249954
14747,-95.7602997,39.04280090
19649,-94.5913180,39.04396800
19553,-94.4148026,39.04410172
19624,-94.5961990,39.04420090
19550,-94.4059982,39.04420090
12732,-88.7487030,39.04449844
14752,-95.7615220,39.04489300
19632,-94.5867004,39.04489899
14753,-95.7615738,39.04505539
19640,-94.5866013,39.04700089
16773,-76.9367981,39.04740143
16772,-76.9368973,39.04769897
19549,-94.4151001,39.04790115
19555,-94.4169998,39.04809952
19630,-94.4753037,39.04819870
14995,-84.5700989,39.04880142
19594,-94.5864029,39.04909897
19615,-94.5886993,39.04949951
14757,-95.7613220,39.05040741
19551,-94.3617020,39.05059814
14742,-95.7620700,39.05093700
14758,-95.7602997,39.05099869
19628,-94.5954971,39.05120087
19554,-94.3595962,39.05130005
14740,-95.7636185,39.05158615
14738,-95.7637024,39.05170059
14975,-84.6322021,39.05179977
14749,-95.7591019,39.05220032
14971,-84.6283035,39.05220032
19652,-94.4716034,39.05229950
19612,-94.4736023,39.05329895
15000,-84.5469589,39.05568314
14751,-95.7433760,39.05592700
14997,-84.5459976,39.05630112
14735,-95.7428970,39.05649948
14734,-95.7621002,39.05739975
14974,-84.6267014,39.05749893
14750,-95.7433760,39.05764100
14969,-84.6288986,39.05810165
17094,-77.1233978,39.06100082
17113,-76.9608994,39.06119919
17096,-77.1239090,39.06147766
16977,-76.8394012,39.06219864
26263,-83.0138550,39.06579971
14562,-94.6147003,39.06679916
7168,-108.5692978,39.06729889
7169,-108.5691986,39.06729889
12733,-88.7462000,39.07020000
25704,-84.3003006,39.07149887
14436,-94.8934021,39.07189941
6580,-121.6336975,39.07239914
19619,-94.5851974,39.07279968
19650,-94.5851974,39.07339859
15060,-84.6574020,39.07509995
15058,-84.6546020,39.07600021
33793,-78.2099991,39.07719803
7170,-108.5792007,39.07839966
16972,-76.8665008,39.07889938
33794,-78.2163010,39.07899857
16971,-76.8659973,39.07899857
33398,-77.4766998,39.08020020
19659,-94.5840988,39.08399963
19636,-94.5803986,39.08489990
14936,-84.5188980,39.08769989
16969,-76.8613129,39.08789825
6752,-108.4581985,39.08810043
17091,-77.1772003,39.08819962
14938,-84.5249023,39.08840179
17095,-77.1741028,39.08840179
14940,-84.5155029,39.08879852
14937,-84.5114975,39.08969879
33395,-77.5780029,39.09009933
7177,-108.5602722,39.09577560
25689,-84.2692032,39.09650040
16973,-76.8981018,39.09650040
7165,-108.5599976,39.09659958
7171,-108.5591965,39.09680176
7164,-108.5594025,39.09700012
14939,-84.5216980,39.09740067
19608,-94.5855120,39.09851000
16975,-76.8144320,39.09880700
25693,-84.2754974,39.09889984
16974,-76.8116455,39.09950256
19634,-94.5842972,39.10010147
19641,-94.5856018,39.10020065
25697,-84.5154038,39.10070038
25699,-84.5154038,39.10089874
25691,-84.5136032,39.10089874
25714,-84.5118027,39.10120010
15287,-84.4891968,39.10179901
25709,-84.5136032,39.10219955
25680,-84.5133972,39.10250092
17092,-77.1874008,39.10419846
25687,-84.5139999,39.10440063
16976,-76.8415832,39.10446167
33396,-77.5499630,39.10451100
17098,-77.1871796,39.10459518
19601,-94.5739975,39.10540009
17099,-77.1800003,39.10649872
17093,-77.1865234,39.10668182
19713,-93.2150955,39.10816193
19712,-93.2152405,39.10829544
13190,-90.3227768,39.10869980
7178,-108.5421550,39.10924600
14150,-84.8507004,39.10969925
16903,-77.1923981,39.11230087
16902,-77.1924973,39.11270142
7176,-108.5361786,39.11378860
16901,-77.1937027,39.11380005
33394,-77.5642853,39.11410141
7167,-108.5369034,39.11420059
7172,-108.5382004,39.11529922
33393,-77.5641022,39.11550140
33397,-77.5639038,39.11550140
14565,-94.6220017,39.11569977
7175,-108.5322910,39.11590300
17097,-77.1834030,39.11800003
13049,-88.5712967,39.11849976
16897,-77.1788330,39.11930084
14564,-94.8195038,39.12020111
13055,-88.5578995,39.12030029
13051,-88.5571976,39.12030029
13052,-88.5562439,39.12034607
13054,-88.5597611,39.12035751
16978,-76.8281860,39.12050247
16716,-76.7795029,39.12220001
4515,-121.5738983,39.12530136
16904,-77.1812973,39.12639999
7883,-75.4955080,39.12876600
25713,-84.5011978,39.13109970
23893,-119.7701569,39.13146973
6381,-123.1969986,39.13169861
13053,-88.5618973,39.13190079
6383,-123.2051500,39.13401200
7887,-75.5274963,39.13470078
13050,-88.5553970,39.13479996
25684,-84.3087006,39.13489914
6380,-123.1987991,39.13510132
6384,-123.1966019,39.13574219
6385,-123.2046738,39.13592529
13056,-88.5646744,39.13929749
6583,-121.6184998,39.14049911
16905,-77.2097015,39.14089966
23904,-119.7670975,39.14133835
6579,-121.6251984,39.14189911
23900,-119.7680040,39.14248000
23889,-119.7680969,39.14250183
19644,-94.5668030,39.14360046
4514,-121.5908760,39.14369500
25679,-84.3767014,39.14509964
6388,-123.2068024,39.14609909
6378,-123.1986008,39.14619827
33991,-78.1893005,39.14699936
6377,-123.1986008,39.14739990
16899,-77.2113037,39.14870071
34003,-78.1604843,39.14902496
16900,-77.2153015,39.14929962
19729,-91.8880870,39.15104200
7119,-108.7367980,39.15203700
6582,-121.6367035,39.15230179
7117,-108.7400970,39.15330124
19588,-94.4794030,39.15438100
33988,-78.1873474,39.15467072
16940,-76.7221985,39.15530014
16944,-76.7220993,39.15549850
6520,-122.1465320,39.15654900
34001,-78.1583023,39.15660095
16906,-77.2132034,39.15729904
6519,-122.1379013,39.15760040
23890,-119.7671967,39.15810013
6517,-122.1463852,39.15863037
34002,-78.1518021,39.15980148
16898,-77.2272034,39.16009903
6391,-123.2076797,39.16049576
25989,-83.5947037,39.16059875
16941,-76.7124023,39.16080093
7884,-75.5140839,39.16087341
25700,-84.6217770,39.16097400
25694,-84.5074005,39.16199875
19647,-94.4946976,39.16260147
25703,-84.4558563,39.16270065
13767,-86.5345993,39.16320038
33989,-78.1597977,39.16370010
13779,-86.5009003,39.16429901
33994,-78.1631012,39.16450119
13778,-86.5711975,39.16479874
6396,-122.9104270,39.16531800
16955,-76.7911987,39.16540146
13771,-86.5711975,39.16650009
36109,-81.5260010,39.16650009
36110,-81.5262985,39.16669846
19629,-94.4919968,39.16830063
7897,-75.5175934,39.16831970
34004,-78.1659317,39.16852951
16954,-76.7883987,39.16899872
16953,-76.7879028,39.16930008
19730,-91.8828430,39.16979599
19607,-94.4953003,39.17010117
25696,-84.4253235,39.17045212
14608,-96.5970001,39.17079926
19593,-94.5486984,39.17139816
16831,-76.7862015,39.17150116
13777,-86.5013504,39.17182159
23902,-119.7670975,39.17210007
6382,-123.2111969,39.17219925
13247,-89.6706009,39.17219925
16943,-76.7359009,39.17219925
6275,-120.1379929,39.17222595
23897,-119.7425003,39.17399979
16859,-76.7856160,39.17451500
14611,-96.5606003,39.17620087
13248,-89.6697006,39.17639923
13245,-89.6695023,39.17639923
16942,-76.7304001,39.17696762
13246,-89.6684113,39.17760849
7895,-75.5269012,39.17819977
7890,-75.5268021,39.17829895
14613,-96.5569000,39.17950058
16747,-76.6800003,39.18000031
13766,-86.5335007,39.18080139
14619,-96.5575867,39.18123627
13774,-86.5336340,39.18158200
19784,-94.6109085,39.18214417
7885,-75.5304871,39.18220139
14616,-96.5582720,39.18273900
7886,-75.5271030,39.18332600
23895,-119.7674713,39.18344879
33995,-78.1407013,39.18510056
6601,-106.8144989,39.18519974
13773,-86.5344009,39.18529892
14614,-96.5831986,39.18590164
13776,-86.5375977,39.18610001
13768,-86.5329666,39.18616486
16910,-77.2602005,39.18619919
6615,-106.8165970,39.18659973
6610,-106.8171005,39.18669891
6617,-106.8214035,39.18709946
16832,-76.7990036,39.18750000
13775,-86.5543900,39.18765259
16909,-77.2508011,39.18780136
16826,-76.8171005,39.18939972
16764,-76.6765976,39.18999863
6606,-106.8218002,39.19029999
6605,-106.8191986,39.19070053
13769,-86.5329971,39.19129944
6599,-106.8255005,39.19179916
7431,-106.8188019,39.19290161
16993,-76.6840973,39.19350052
14610,-96.5610962,39.19380188
16995,-76.6851578,39.19408417
7896,-75.5477982,39.19409943
13821,-85.9453000,39.19480000
23899,-119.7754974,39.19480133
7891,-75.5486984,39.19480133
16987,-76.6856995,39.19549942
16998,-76.6856003,39.19549942
4907,-120.2390220,39.19686300
7892,-75.5531006,39.19789886
16991,-76.6837006,39.19810104
13819,-85.9692001,39.19839859
16989,-76.6894989,39.19860077
13828,-85.9604034,39.19869995
13826,-85.9484100,39.19905853
13820,-85.9646988,39.19960022
6598,-106.8312988,39.19990158
13825,-85.9602966,39.19990158
13818,-85.9557724,39.20003128
16984,-76.6821976,39.20130157
16908,-77.2590027,39.20209885
13823,-85.9205856,39.20236588
16992,-76.6784973,39.20299911
16990,-76.6774979,39.20349884
6600,-106.9469986,39.20410156
16983,-76.6872025,39.20439911
16985,-76.6911011,39.20520020
16827,-76.8292007,39.20569992
16770,-76.6924340,39.20591500
16996,-76.6774979,39.20690155
16982,-76.6792984,39.20709991
7432,-106.9536972,39.20719910
16986,-76.6775971,39.20719910
16994,-76.6774979,39.20750046
16988,-76.6773987,39.20780182
16830,-76.8035965,39.20849991
33996,-78.1799011,39.20869827
7435,-106.9502029,39.20940018
3898,-121.0615997,39.21279907
16726,-76.6439209,39.21392441
6607,-106.8613968,39.21469879
33990,-78.1407013,39.21630096
16833,-76.8572006,39.21670151
16766,-76.6434555,39.21725464
33992,-78.1393509,39.21769714
16807,-76.2313820,39.21812000
16829,-76.8411026,39.22050095
16804,-76.0703659,39.22716904
25611,-84.3917007,39.22760010
19625,-94.4776001,39.22869873
23906,-120.0056000,39.22870000
6387,-123.4714750,39.23015000
16834,-76.8149033,39.23080063
3896,-121.0345993,39.23379898
16828,-76.8161011,39.23450089
19706,-94.4633026,39.23460007
19604,-94.4625320,39.23490906
16867,-76.8152008,39.23590088
19631,-94.6691200,39.23798000
19621,-94.4602966,39.23920059
4530,-123.7696991,39.23929977
23975,-119.9431000,39.23929977
6289,-120.0568110,39.24066400
7261,-106.2919998,39.24280167
19643,-94.6589770,39.24308700
19609,-94.6597977,39.24409866
19657,-94.6604614,39.24514771
23925,-114.8886032,39.24869919
23929,-114.8865967,39.24869919
25690,-84.4251740,39.24954900
25615,-84.3671036,39.24980164
23930,-114.8913500,39.25035000
23931,-114.8720551,39.25122833
19707,-94.4489288,39.25146103
25610,-84.3779983,39.25149918
25617,-84.3887024,39.25220108
25685,-84.3812027,39.25450134
14569,-94.8993988,39.25519943
25608,-84.3769989,39.25690079
14568,-94.8997955,39.25745010
25614,-84.3789063,39.25840378
25701,-84.4195840,39.25849200
25613,-84.3796005,39.25849915
25612,-84.3799973,39.25870132
25978,-84.7993546,39.25878525
25977,-84.8014984,39.25899887
23069,-74.6498337,39.26021576
7267,-103.6884003,39.26300049
36130,-81.5406036,39.26350021
36129,-81.5441666,39.26367569
36134,-81.5366974,39.26490021
36131,-81.5084915,39.26566315
19783,-93.9605220,39.26568000
36132,-81.5067230,39.26623300
7264,-103.7015533,39.26882935
26354,-84.4359970,39.26969910
25708,-84.4377840,39.26979900
19654,-94.6684418,39.27050781
19589,-94.6685028,39.27099991
26351,-84.4375992,39.27119827
7263,-103.7102966,39.27130127
7266,-103.7101440,39.27221680
19605,-94.6710968,39.27259827
19613,-94.6712036,39.27280045
19599,-94.6714020,39.27289963
19633,-94.6613007,39.27299881
25692,-84.4381027,39.27330017
33422,-77.6382890,39.27358000
25609,-84.3741684,39.27360535
19616,-94.6666031,39.27439880
25616,-84.3749008,39.27500153
25707,-84.3279038,39.27669907
25681,-84.4432602,39.27767563
12838,-89.8607025,39.27989960
25711,-84.3911972,39.27999878
19648,-94.6707550,39.28001800
7973,-75.5915680,39.28075790
16760,-76.5491104,39.28116608
16721,-76.5473023,39.28120041
35997,-80.2719269,39.28153610
16719,-76.5934982,39.28200150
35994,-80.2784958,39.28214645
26350,-84.4432983,39.28219986
35998,-80.2791672,39.28219986
16744,-76.6131973,39.28279877
16748,-76.6024017,39.28319931
16727,-76.6000977,39.28340149
26353,-84.4281998,39.28409958
16753,-76.6046982,39.28509903
16765,-76.6147995,39.28540039
16742,-76.6135025,39.28540039
14582,-94.9048996,39.28609848
16757,-76.7646790,39.28643036
16746,-76.6209030,39.28649902
26355,-84.4429016,39.28680038
16758,-76.6109009,39.28680038
14583,-94.9042587,39.28695679
26367,-84.4484024,39.28699875
16739,-76.6194992,39.28760147
16729,-76.6178970,39.28760147
16728,-76.7322006,39.28789902
16723,-76.6124190,39.28793700
35996,-80.2775110,39.28869400
16734,-76.6127014,39.28889847
25702,-84.3174973,39.28969955
16756,-76.6154022,39.28969955
26352,-84.3983002,39.29010010
25705,-84.3982490,39.29034000
16762,-76.6175995,39.29059982
36009,-77.8530121,39.29116058
25682,-84.3013763,39.29172134
16769,-76.6140976,39.29199982
26368,-84.4869003,39.29240036
26109,-84.3149033,39.29399872
19610,-94.6818008,39.29410172
26108,-84.3181992,39.29430008
19627,-94.6819000,39.29449844
25695,-84.4903488,39.29455566
16749,-76.6158981,39.29520035
26105,-84.3156433,39.29528046
36127,-81.5472565,39.29546356
16869,-76.8834992,39.29629898
19626,-94.6828003,39.29660034
16725,-76.6173019,39.29707336
14362,-85.9599991,39.29751587
19623,-94.6822968,39.29759979
35995,-80.2696991,39.29769897
19614,-94.6866989,39.29809952
16722,-76.6188507,39.29832077
6721,-102.2777023,39.29880142
6722,-102.2783203,39.29924774
7485,-102.6051025,39.30070114
26102,-84.3170013,39.30260086
4537,-123.8025970,39.30440140
19617,-94.6825027,39.30459976
25918,-84.5157013,39.30590057
19620,-94.6841965,39.30609894
19622,-94.6843033,39.30640030
4528,-123.7981030,39.30785000
19592,-94.6841965,39.30789948
19284,-119.6490940,39.30844900
13845,-85.9651032,39.31029892
19603,-94.6819382,39.31073380
16730,-76.7399216,39.31082916
35999,-80.2745972,39.31100082
23234,-74.6091003,39.31100082
13843,-85.9657974,39.31110001
19642,-94.7146988,39.31169891
24204,-119.6499490,39.31172300
24205,-119.6478210,39.31310300
16754,-76.7414780,39.31521606
13844,-85.9679031,39.31570053
25919,-84.4915008,39.31679916
4531,-123.7694016,39.31719971
16720,-76.7453995,39.31859970
25917,-84.4952011,39.31969833
16767,-76.4550095,39.31978226
12844,-87.9899979,39.31999969
25571,-82.1054993,39.32020187
36103,-77.9491000,39.32030000
14449,-101.0137024,39.32149887
6350,-120.2288971,39.32199860
6346,-120.1666031,39.32339859
25706,-84.4266968,39.32839966
26453,-84.4277800,39.32862300
14507,-101.7225647,39.32889175
16741,-76.6159973,39.32920074
26454,-84.4253998,39.32970047
16731,-76.6193008,39.33330154
19346,-91.1800003,39.33349991
25572,-82.0334015,39.33420181
25569,-82.0848999,39.33670044
19496,-94.2263031,39.33729935
25678,-82.9544983,39.33750153
16745,-76.4915008,39.33850098
26451,-84.3982010,39.33940125
26112,-84.3127975,39.34519958
6352,-120.1921997,39.34690094
25674,-82.9776459,39.34951782
22854,-74.4499969,39.34989929
25698,-82.9773310,39.35086700
19774,-94.7617645,39.35092545
25677,-82.9768982,39.35100174
19772,-94.7621002,39.35139847
13957,-85.4669000,39.35160000
22839,-74.4309998,39.35580063
26104,-84.2602997,39.35649872
22844,-74.4358978,39.35689926
22858,-74.4598999,39.35729980
22847,-74.4281998,39.35779953
22863,-74.4253006,39.35800171
32546,-112.5634995,39.35820007
22845,-74.4288025,39.35820770
26106,-84.2679977,39.35929871
22848,-74.4291763,39.35936737
13944,-85.4796982,39.35940170
22840,-74.4272995,39.36019897
14447,-101.0523758,39.36069870
22855,-74.4271698,39.36072922
26455,-84.3709650,39.36098500
26103,-84.2638016,39.36100006
22861,-74.4391022,39.36230087
22865,-74.4402008,39.36389923
19775,-94.7818985,39.36460114
26101,-84.2974014,39.36669922
19660,-94.3766480,39.36848450
19662,-94.3625031,39.36862183
19773,-94.6582031,39.36909866
16874,-77.4105988,39.36940002
14452,-101.0556030,39.37039948
16735,-76.4617996,39.37089920
16737,-76.4581986,39.37279892
14451,-101.0546722,39.37464142
13758,-85.1791992,39.37500000
16879,-77.4135971,39.37580109
16875,-77.4132996,39.37580109
16880,-77.4096985,39.37590027
16878,-77.4131012,39.37620163
16759,-76.4555969,39.37699890
16886,-77.4101181,39.37809753
16888,-77.4125977,39.37810135
6742,-104.8657990,39.37889862
26480,-83.8144989,39.37910080
6743,-104.8618393,39.38012314
6744,-104.8656920,39.38059600
14450,-101.0546036,39.38199997
16738,-76.7330017,39.38349915
23302,-74.5040970,39.38399887
16882,-77.4064026,39.38579941
16889,-77.4093704,39.38616562
36179,-81.4470978,39.38690186
6524,-123.3450012,39.38800049
16876,-77.4098587,39.38923645
23182,-74.5334015,39.39220047
6523,-123.3480988,39.39279938
6522,-123.3489990,39.39450073
23184,-74.5421982,39.39459991
16877,-77.4078369,39.39584732
23183,-74.5471497,39.39619827
22985,-74.5606384,39.39640045
22983,-74.5522995,39.39770126
17152,-76.5642090,39.39793396
23303,-74.5532989,39.39799881
17150,-76.5642014,39.39879990
6525,-123.3494940,39.39947600
17068,-76.7957001,39.39989853
26452,-84.5119019,39.40100098
17151,-76.5706024,39.40129852
17067,-76.7837982,39.40169907
36099,-77.9121246,39.40226746
16891,-77.4083557,39.40229034
26091,-81.4167023,39.40610123
16763,-76.6010971,39.40729904
26088,-81.4206696,39.40778351
6740,-104.8685226,39.40837860
6741,-104.8668976,39.40900040
14175,-86.4271011,39.40900040
26089,-81.4250794,39.40918350
26086,-81.4284973,39.41030121
26090,-81.4302979,39.41059875
14174,-86.4260025,39.41070557
6739,-104.8672409,39.41084290
26092,-81.4254074,39.41163635
6738,-104.8693008,39.41180038
22986,-74.5752870,39.41399600
6732,-107.2210846,39.41541290
16883,-77.4384003,39.41609955
14371,-87.4160000,39.41668000
22823,-74.4918976,39.41730118
13289,-87.6868896,39.41898346
3755,-123.8078995,39.42010117
22896,-75.2213058,39.42642212
22821,-74.5044937,39.42669296
22833,-74.5045000,39.42820000
14370,-87.4144974,39.42919922
3763,-123.8063965,39.42959976
3747,-123.8051758,39.43022537
14369,-87.4142990,39.43050003
36152,-77.8097534,39.43133163
26042,-84.1942825,39.43199921
14374,-87.4164352,39.43210602
14372,-87.4134979,39.43299866
14367,-87.4134979,39.43320084
14365,-87.4101257,39.43320084
23295,-75.0375977,39.43360138
14368,-87.4113998,39.43379974
14373,-87.4189987,39.43389893
22825,-74.5148010,39.43439865
26087,-81.4645004,39.43590164
16740,-76.6387000,39.43660000
36052,-80.1299973,39.43709946
17149,-76.6323013,39.43840027
24171,-119.7617035,39.43920135
23304,-74.6188660,39.43921280
24160,-119.7617035,39.43989944
22819,-74.5205994,39.44039917
26179,-84.3392029,39.44070053
26181,-84.3383026,39.44079971
19732,-92.4328995,39.44139862
26180,-84.3398972,39.44160080
19731,-92.4233856,39.44367218
22824,-74.5271988,39.44520187
13782,-87.1261063,39.44649506
36055,-80.1511383,39.44753265
22828,-74.4728012,39.44850159
14509,-101.7075770,39.44943100
22829,-74.5357895,39.45084000
16856,-76.3084030,39.45190048
16855,-76.3084030,39.45220184
16858,-76.3048630,39.45245361
16854,-76.3069992,39.45249939
3748,-123.8056030,39.45349884
7379,-108.0495071,39.45476151
36102,-77.9881973,39.45510101
17148,-76.6423035,39.45579910
26478,-83.8203964,39.45673752
22835,-74.5066986,39.45930099
14366,-87.4139023,39.46080017
14375,-87.4134979,39.46099854
23942,-118.7814210,39.46157900
14534,-95.7479019,39.46160126
36104,-77.9871979,39.46160126
36100,-77.9881973,39.46229935
36053,-80.1419983,39.46239853
24155,-119.7830963,39.46429825
6685,-106.0362015,39.46960068
24178,-119.7873001,39.47249985
23944,-118.7875977,39.47480011
23938,-118.7749710,39.47510910
23935,-118.7901993,39.47520065
6693,-106.0455017,39.47549820
23937,-118.7986984,39.47589874
23941,-118.7931976,39.47620010
6687,-106.0436020,39.47650146
6690,-106.0495987,39.47660065
6692,-106.0449982,39.47710037
6697,-106.0473022,39.47760010
13933,-86.0173035,39.47930145
13932,-86.0170975,39.48020172
14433,-98.1091919,39.48110962
13930,-86.0164032,39.48139954
16771,-76.2530500,39.48146300
6698,-106.0506000,39.48166000
13931,-86.0176468,39.48247147
13293,-88.3712006,39.48279953
12863,-88.1979370,39.48395920
12866,-88.1968994,39.48400116
13295,-88.3276977,39.48469925
13292,-88.3274002,39.48469925
13294,-88.3295975,39.48509979
36107,-77.9592361,39.48531723
23293,-75.0447006,39.48699951
36098,-77.9591751,39.48718262
23296,-75.0647049,39.48801041
23294,-75.0734177,39.48823929
24150,-119.7949982,39.48889923
26159,-84.3291016,39.49079895
36106,-77.9601974,39.49079895
16949,-76.6484985,39.49160004
16950,-76.6614990,39.49530029
16948,-76.6625977,39.49670029
26161,-84.3435974,39.49689865
4948,-121.5752716,39.49829483
24168,-119.8000031,39.49850082
16947,-76.6413120,39.49948100
6829,-106.1517029,39.50180054
7103,-106.1473007,39.50210190
24167,-119.8032970,39.50551500
24170,-119.8034973,39.50590134
24151,-119.7780991,39.50650024
4953,-121.5699005,39.50690079
6527,-122.2163010,39.50780106
4952,-121.5719560,39.50836500
4951,-121.5697021,39.50880051
24165,-119.7818985,39.51269913
24162,-119.7806015,39.51319885
26244,-84.7423019,39.51380157
26245,-84.7542038,39.51390076
23933,-115.9618988,39.51549911
26243,-84.7580032,39.51750183
24172,-119.7828217,39.51815033
26160,-84.4029999,39.51829910
24203,-119.9865260,39.51874900
16684,-76.1843567,39.51898575
24180,-119.7866974,39.52000046
16682,-76.1865997,39.52040100
16686,-76.1854706,39.52062988
13813,-86.7975998,39.52199936
13810,-86.7974014,39.52209854
13811,-86.7974014,39.52220154
16683,-76.1846008,39.52249908
6529,-122.2124023,39.52259827
24187,-119.7018967,39.52299500
16681,-76.1839981,39.52420044
13812,-86.8003240,39.52443800
16685,-76.1875000,39.52450180
6530,-122.2121964,39.52489853
6526,-122.2119210,39.52507500
24169,-119.8158035,39.52529907
24182,-119.7014999,39.52799988
24173,-119.8181000,39.52849960
24157,-119.8205185,39.52867889
24159,-119.8143005,39.52939987
24177,-119.8143997,39.52999878
24153,-119.8159027,39.53110123
24183,-119.7601013,39.53290176
24185,-119.7425003,39.53369904
7516,-106.3723000,39.53410000
24164,-119.8003998,39.53459930
24158,-119.8025589,39.53496933
24184,-119.7757660,39.53547500
24156,-119.8049011,39.53590012
24166,-119.8031580,39.53801400
7011,-104.8580017,39.54019928
7271,-104.8709030,39.54270172
36101,-77.9087677,39.54698563
14328,-85.7759018,39.54729843
14329,-85.7736969,39.54729843
14332,-85.7760010,39.54750061
24179,-119.8212000,39.54755000
14421,-95.1387024,39.54769897
14330,-85.7758026,39.55049896
26204,-83.4228973,39.55049896
7136,-107.3246994,39.55110168
7139,-107.3279877,39.55186081
26444,-83.4197006,39.55220032
7133,-107.3292999,39.55239868
7020,-104.8627014,39.55270004
7134,-107.3302994,39.55279922
7129,-107.3290024,39.55279922
13640,-89.2705994,39.55289841
14424,-95.1221695,39.55450058
17005,-79.3587000,39.55530000
26366,-84.2677002,39.55599976
14454,-97.6576004,39.55609894
7219,-104.9881973,39.56230164
17001,-79.3609695,39.56242371
7272,-104.8981018,39.56259918
26365,-84.2649002,39.56409836
25932,-84.2696152,39.56411362
14455,-97.6575012,39.56430054
7218,-104.9102020,39.56570053
7217,-104.9101028,39.56570053
6637,-106.4160004,39.56729889
7015,-104.8675003,39.56740189
7227,-106.0411987,39.56959915
17160,-76.9820709,39.57241821
25716,-82.9542084,39.57270050
7024,-104.8808975,39.57410049
6671,-104.8749000,39.57520000
7006,-104.8457031,39.57609940
14453,-97.6576996,39.57699966
25717,-82.9525757,39.57862473
7008,-104.8793030,39.58020020
7269,-105.1388016,39.58079910
35986,-78.2646027,39.58330154
7014,-104.8731003,39.58380127
7019,-104.8772736,39.58412170
7012,-104.8779984,39.58440018
7138,-107.3469315,39.58583069
36113,-79.9543152,39.58601761
36120,-79.9551697,39.58625031
17158,-77.0098038,39.58750153
7004,-104.8785019,39.58810043
7111,-106.0952180,39.58823500
7016,-104.8787994,39.58900070
7202,-104.8788470,39.58926400
7273,-105.1358032,39.58969879
7022,-104.8787994,39.58980179
7112,-106.0934982,39.59099960
7203,-104.8777237,39.59109116
7201,-104.8794708,39.59118652
7023,-104.8800964,39.59120178
7104,-106.0963974,39.59170151
7009,-104.8694000,39.59199905
7109,-106.0951996,39.59209824
7005,-104.8702011,39.59370041
7146,-105.3127470,39.59380100
7010,-104.8812027,39.59510040
7018,-104.8815720,39.59518800
7200,-104.8814350,39.59521400
7197,-104.8809967,39.59749985
7007,-104.8811400,39.59760400
7021,-104.8888016,39.59780121
7204,-104.8961029,39.59840012
32718,-110.8003998,39.59920120
13960,-86.1250992,39.59920120
32719,-110.7990036,39.59939957
7013,-104.8805210,39.60090300
32720,-110.8311005,39.60229874
32722,-110.8310013,39.60290146
17163,-77.8090973,39.60359955
36118,-79.9010010,39.60390091
35984,-78.2377014,39.60649872
23946,-119.2157974,39.60820007
6638,-106.5178210,39.60878900
6650,-106.5176010,39.60889816
6994,-106.7331009,39.60990143
16928,-77.6890030,39.61109924
23947,-119.2237091,39.61139679
16926,-77.6919327,39.61330032
13961,-86.0767059,39.61381531
17144,-77.4206467,39.61515427
26021,-83.6109238,39.61566544
16930,-77.6919022,39.61579895
26024,-83.6072006,39.61669922
16934,-77.7691070,39.62016600
7199,-104.9040985,39.62260056
14307,-85.4418030,39.62369919
7003,-104.8917007,39.62400055
6900,-104.8948975,39.62549973
6923,-104.8995972,39.62570190
6908,-104.9040985,39.62639999
16935,-77.7686005,39.62670135
6952,-106.0472031,39.62699890
16960,-78.8385010,39.62749863
25845,-84.1999969,39.62830353
6953,-106.0671310,39.62885284
16927,-77.7021027,39.62910080
6956,-106.0615997,39.62919998
7424,-106.0648193,39.62962723
36112,-79.9560318,39.62974548
16931,-77.7710037,39.62979889
16937,-77.7005463,39.62985229
7518,-106.4179993,39.62990189
7425,-106.0674973,39.62990189
25854,-84.1970978,39.63040161
25857,-84.2003021,39.63050079
6913,-104.8976974,39.63140106
6951,-104.8936996,39.63150024
16938,-77.7833023,39.63159943
25868,-84.2012634,39.63205338
16925,-77.7034683,39.63299561
16863,-75.8053130,39.63486000
16936,-77.7475510,39.63513565
16865,-75.8085060,39.63628000
26145,-84.2278976,39.63629913
26143,-84.2284012,39.63650131
6645,-106.5246964,39.63679886
7534,-106.4044037,39.63679886
6640,-106.5337677,39.63689804
26142,-84.2275009,39.63719940
26141,-84.2266006,39.63731766
16864,-75.8039474,39.63738251
26148,-84.2278976,39.63750076
26144,-84.2269974,39.63800049
16959,-78.8324966,39.63800049
16958,-78.8330002,39.63809967
16924,-77.7111440,39.63810700
25852,-84.2198029,39.63909912
26147,-84.2342987,39.63940048
26146,-84.2347259,39.63948059
26149,-84.2397003,39.64030075
7522,-106.3746033,39.64070129
13442,-87.6920280,39.64214700
7001,-106.6452942,39.64217758
7532,-106.3781967,39.64260101
7526,-106.3920135,39.64262390
7515,-106.3905690,39.64277100
7525,-106.3912964,39.64329910
7427,-106.0749207,39.64429855
36121,-79.8964996,39.64970016
7244,-105.0756454,39.64971924
7238,-105.0814972,39.64979935
7247,-105.0771027,39.64979935
7235,-105.0786972,39.65010071
7934,-75.7487030,39.65029907
7923,-75.7495194,39.65046692
6948,-104.9132996,39.65069962
16892,-78.9119034,39.65110016
16841,-78.7592011,39.65129852
7241,-105.0762024,39.65250015
7234,-105.0761032,39.65250015
7245,-105.0747986,39.65250015
7240,-105.0785980,39.65259933
26022,-83.5413971,39.65280151
6894,-104.9011002,39.65309906
36123,-80.8565000,39.65440000
23025,-74.8021240,39.65574265
36114,-79.9886093,39.65647507
6634,-104.8414001,39.65819931
36117,-79.9634018,39.65840149
7922,-75.6125107,39.65846252
7938,-75.7529526,39.65935516
6995,-106.8266983,39.65990067
7928,-75.7519989,39.66009903
6998,-106.8305969,39.66070175
7933,-75.7520981,39.66070175
6644,-106.5408020,39.66279984
7924,-75.6634979,39.66289902
14068,-86.0942001,39.66310120
14003,-86.0911026,39.66350174
14025,-86.0916977,39.66370010
14030,-86.0942993,39.66379929
13975,-86.0919037,39.66379929
14093,-86.0979004,39.66540146
14048,-86.0940930,39.66605800
7937,-75.6745987,39.66809845
7935,-75.6737976,39.66820145
14273,-86.3725600,39.67025100
6629,-104.8264008,39.67179871
6626,-104.8274994,39.67190170
7920,-75.5986633,39.67306519
36119,-79.8917999,39.67350006
6625,-104.8314972,39.67390060
14272,-86.3723984,39.67390060
14265,-86.3727370,39.67399600
7940,-75.6677017,39.67399979
14271,-86.3693619,39.67425919
7930,-75.6806030,39.67430115
6632,-104.8258730,39.67503700
14270,-86.3699036,39.67509842
14268,-86.3700027,39.67520142
6622,-104.8268890,39.67543030
14037,-86.1316986,39.67819977
6627,-104.8244019,39.67860031
25866,-84.1664040,39.67946200
32662,-111.8393402,39.68003082
6916,-104.9409027,39.68019867
12750,-88.2966614,39.68058014
22938,-75.4793014,39.68080139
12751,-88.2970320,39.68103700
22937,-75.4701996,39.68270111
26494,-83.9431152,39.68344498
7939,-75.7426224,39.68383026
22939,-75.4753342,39.68423843
23177,-75.4896011,39.68479919
19520,-91.4037590,39.68526300
26493,-83.9319992,39.68529892
7931,-75.6611023,39.68529892
19521,-91.4014969,39.68569946
6898,-104.9404984,39.68610001
7929,-75.6520004,39.68709946
7926,-75.6518021,39.68730164
7932,-75.6592026,39.68740082
16913,-79.1053009,39.68849945
7927,-75.6549988,39.68880081
7936,-75.6544037,39.68970108
6619,-104.8282013,39.68999863
32661,-111.8360210,39.69000000
16929,-77.7210007,39.69020081
14269,-86.3859024,39.69079971
32660,-111.8359985,39.69179916
7925,-75.6633987,39.69490051
6918,-104.9389038,39.69649887
7919,-75.5500450,39.69836300
6630,-104.8265991,39.69839859
16872,-78.6574500,39.69900000
19516,-91.3892288,39.69978714
7921,-75.5525971,39.69979858
19525,-91.3890915,39.69980621
7123,-104.9391022,39.70009995
14089,-86.0824966,39.70159912
6620,-104.8279037,39.70169830
23377,-75.0067470,39.70292400
19523,-91.3949000,39.70350000
7917,-75.5667877,39.70715714
7125,-104.9383011,39.70729828
6907,-104.9409027,39.70819855
7122,-104.9309998,39.70859909
7124,-104.9359970,39.71080017
19527,-91.3613663,39.71301270
13621,-89.6393200,39.71453500
14035,-86.1209030,39.71469879
7121,-105.6953964,39.71599960
7246,-105.1324997,39.71879959
25858,-84.2178955,39.71960068
7239,-105.1324997,39.72209930
26184,-84.2174301,39.72215271
7154,-105.1942978,39.72299957
13189,-90.2441788,39.72316360
19817,-94.7862015,39.72320175
13187,-90.2565613,39.72333527
7242,-105.0813450,39.72348200
14018,-86.2610016,39.72539902
6636,-104.8207245,39.72546387
6891,-105.0244217,39.72552109
3399,-121.8370972,39.72589874
3406,-121.8067017,39.72589874
14005,-86.2615433,39.72608185
3402,-121.8371964,39.72620010
7152,-105.1313019,39.72620010
7160,-105.1642990,39.72629929
7148,-105.1297684,39.72668076
7149,-105.1642990,39.72669983
6947,-104.9887009,39.72719955
3410,-121.8367996,39.72729874
14066,-86.2500992,39.72740173
6955,-106.1576000,39.72770000
14001,-86.2557983,39.72779846
7159,-105.2033000,39.72790000
7236,-105.1099014,39.72819901
14016,-86.2515030,39.72819901
14022,-86.2489014,39.72819901
14081,-86.2488022,39.72819901
7150,-105.1770630,39.72893906
14039,-86.2698975,39.72900009
7248,-105.1304016,39.72919846
14070,-86.2698746,39.72956467
7147,-105.1299973,39.72990036
26039,-82.6201325,39.73016357
14043,-86.2538986,39.73139954
7156,-105.1635971,39.73270035
26037,-82.6228027,39.73429871
26036,-82.6280670,39.73434448
26038,-82.6307983,39.73529816
25863,-84.1922989,39.73799896
6933,-104.9721985,39.73986435
13611,-89.6973038,39.74039841
7158,-105.1603012,39.74050140
6882,-104.9632034,39.74110031
6905,-104.9921036,39.74240112
7978,-75.5487976,39.74250031
6878,-104.9876022,39.74359894
6912,-104.9929962,39.74390030
6949,-104.9832993,39.74440002
6884,-104.9886246,39.74441147
19708,-92.4934998,39.74520111
19709,-92.4651000,39.74530000
6945,-104.9972000,39.74560165
6910,-104.9981995,39.74599838
6922,-104.9909973,39.74629974
7984,-75.5469971,39.74639893
6887,-104.9944000,39.74670029
6920,-104.9922028,39.74679947
7986,-75.5510025,39.74720001
6936,-105.0189972,39.74729919
7979,-75.5497971,39.74779892
19428,-94.2356491,39.74784470
6929,-104.9831009,39.74829865
6909,-104.9944992,39.74869919
6950,-104.9955978,39.74900055
13631,-89.6452026,39.74950027
13625,-89.7081451,39.74951935
13604,-89.7083210,39.74961700
13606,-89.7078018,39.75040054
25645,-81.5204010,39.75040054
19426,-94.2171936,39.75120163
13600,-89.6445007,39.75130081
3405,-121.8444040,39.75143300
27806,-77.7258530,39.75199890
3403,-121.8448029,39.75210190
6926,-104.9990997,39.75210190
3408,-121.8449020,39.75289917
19711,-92.4697037,39.75323486
3407,-121.8579025,39.75339890
19429,-94.2343979,39.75360107
19427,-94.2343979,39.75379944
7161,-105.2205963,39.75429916
19425,-94.2177963,39.75450134
25847,-84.1903992,39.75680161
6939,-105.0159988,39.75690079
13608,-89.6092987,39.75796127
13624,-89.6078033,39.75820160
13610,-89.6089020,39.75849915
13619,-89.6084976,39.75849915
28403,-77.5829010,39.75870132
23271,-75.3607025,39.75880051
23272,-75.3607025,39.75899887
3398,-121.8421021,39.75989914
14036,-86.1656036,39.76139832
7002,-105.6813965,39.76150131
7157,-105.1431198,39.76163101
13613,-89.6072998,39.76169968
6892,-104.9036026,39.76210022
13607,-89.6072998,39.76269913
14004,-86.1605988,39.76290131
13971,-86.2697983,39.76399994
6932,-104.9035034,39.76409912
14100,-86.2599029,39.76446152
14084,-86.2612076,39.76449966
14027,-86.1579971,39.76539993
14059,-86.1648026,39.76570129
6917,-104.9950027,39.76580048
14045,-86.1615982,39.76580048
14099,-86.1619034,39.76639938
14007,-86.1510086,39.76656342
13999,-86.1672974,39.76710129
14014,-86.1603012,39.76720047
6943,-104.9046190,39.76755400
6623,-104.8099976,39.76779938
6899,-104.9026566,39.76804352
14032,-86.1561966,39.76860046
25591,-84.0543976,39.76929855
14082,-86.1585999,39.76969910
6631,-104.7955017,39.76990128
6938,-104.9036026,39.77099991
6927,-104.8476028,39.77109909
14077,-86.1641998,39.77159882
13998,-86.1635971,39.77190018
6628,-104.7941971,39.77209854
13605,-89.6072998,39.77230072
6889,-104.8089981,39.77270126
6618,-104.7955017,39.77270126
6635,-104.8048477,39.77323532
6888,-104.9020996,39.77519989
19450,-93.5525971,39.77529907
19451,-93.5397034,39.77529907
25916,-84.0643005,39.77550125
19818,-94.7966995,39.77590179
25912,-84.0576019,39.77640152
19821,-94.7974014,39.77659988
19825,-94.7952042,39.77660370
19826,-94.7950439,39.77660751
25913,-84.0567017,39.77669907
19819,-94.7904587,39.77672958
13609,-89.6836014,39.77690125
19820,-94.7911987,39.77700043
19822,-94.7963680,39.77713700
6895,-104.8656998,39.77780151
6893,-104.8470001,39.77799988
25910,-84.0557022,39.77859879
25909,-84.0540008,39.77859879
27840,-76.9628130,39.78080700
6875,-104.9036780,39.78209400
6883,-104.9033200,39.78267700
6911,-105.0248795,39.78304291
7558,-105.1126530,39.78374500
27808,-77.7125015,39.78480148
6904,-104.9903030,39.78490067
7557,-105.1086160,39.78546300
6925,-105.0265770,39.78546300
7977,-75.5456009,39.78620148
27807,-77.7105026,39.78799820
25637,-84.4505005,39.78850174
13622,-89.6089020,39.79159927
13653,-88.2723160,39.79160309
25849,-84.1288147,39.79524612
13655,-88.2875000,39.79630000
14067,-86.0443039,39.79643631
13656,-88.2872000,39.79650000
14023,-86.0429993,39.79650116
14060,-86.0418014,39.79650116
14008,-86.0400009,39.79650116
14088,-86.0122986,39.79669952
14009,-86.0096970,39.79750061
25859,-84.1882019,39.79940033
13612,-89.6464000,39.80050000
13630,-89.6547080,39.80083700
14029,-86.0455017,39.80130005
14357,-86.2714540,39.80144600
13626,-89.6420900,39.80147900
13602,-89.6007996,39.80170059
6928,-104.9825910,39.80203700
6944,-104.9873962,39.80329895
7985,-75.5504990,39.80939865
6885,-104.7718964,39.80989838
6901,-104.7720032,39.81079865
6924,-104.7717972,39.81090164
22888,-75.0689926,39.81264496
14432,-97.6290970,39.81269836
14431,-97.5377600,39.81310000
13006,-88.8779983,39.81320190
13956,-85.7698975,39.81539917
7880,-75.4568024,39.81620026
27788,-77.2367783,39.81649399
23021,-75.2551650,39.81686200
7980,-75.5494003,39.81769943
27819,-76.9758987,39.81859970
13953,-85.7686005,39.81940079
7982,-75.5478973,39.81949997
27795,-77.2346039,39.81994629
6942,-104.7720330,39.82006700
6914,-104.7722015,39.82030106
25911,-84.0098038,39.82040024
6897,-104.7721024,39.82099915
6937,-104.7716980,39.82160187
27818,-76.9972076,39.82163239
6886,-104.7721024,39.82210159
27785,-77.2306976,39.82369995
13614,-89.6638794,39.82372284
6906,-104.7716980,39.82379913
27825,-76.9990006,39.82384109
6890,-104.7716980,39.82419968
6934,-104.7712173,39.82434845
27820,-76.9888000,39.82500076
7981,-75.5446014,39.82799911
14289,-84.8195038,39.82929993
14293,-84.8607025,39.83100128
27772,-77.2368012,39.83110046
7350,-105.0367000,39.83170000
14292,-84.8276977,39.83250046
14291,-84.8235016,39.83269882
25908,-84.0168533,39.83314514
27789,-77.2433014,39.83363342
27791,-77.2213974,39.83380127
13620,-89.6008758,39.83397293
27777,-77.2175369,39.83573532
14295,-84.8246560,39.83650200
27774,-77.2153549,39.83660126
27784,-77.2148972,39.83670044
23275,-75.1940994,39.83769989
13004,-89.0289154,39.83794785
14623,-96.6091130,39.84171500
14621,-96.6312027,39.84199905
27782,-77.2039032,39.84280014
25638,-84.4253006,39.84349823
25851,-84.1923981,39.84439850
25657,-82.8093033,39.84560013
23297,-74.9890976,39.84709930
7502,-104.9865640,39.84764800
13005,-89.0217972,39.84790039
25853,-84.1921005,39.84830093
25871,-84.1893997,39.84949875
25846,-84.1920013,39.85020065
7215,-104.9207993,39.85039902
25862,-84.1948242,39.85176468
7549,-105.0519028,39.85359955
7500,-104.9838028,39.85419846
7544,-105.0503998,39.85459900
25870,-84.1919937,39.85480118
6896,-104.8842200,39.85530700
25848,-84.1920776,39.85542297
13785,-86.3911667,39.85678101
25869,-84.2788010,39.85760117
23214,-75.0733032,39.85760117
25860,-84.1873169,39.85819244
7551,-105.0526962,39.85829926
7547,-105.0530014,39.85900116
25905,-84.2817993,39.85910034
25904,-84.2829971,39.85950089
25907,-84.2817993,39.85950089
27928,-75.6864014,39.86040115
28025,-79.2408940,39.86076100
13787,-86.3926010,39.86080170
22883,-75.0777969,39.86309814
13786,-86.3936997,39.86339951
3463,-122.2412033,39.86479950
26264,-84.7742004,39.86520004
27739,-75.3001480,39.86636353
25997,-84.1371002,39.86640167
25998,-84.1369019,39.86640167
25996,-84.0997162,39.86657715
27740,-75.3086014,39.86740112
27736,-75.3068771,39.86819839
25823,-82.9404330,39.86833900
26239,-82.9404983,39.86849976
14297,-84.8881607,39.86893845
26238,-82.9334488,39.86978912
25999,-84.1374206,39.87054825
27990,-75.2782440,39.87204742
27989,-75.2785034,39.87239838
28185,-75.2771988,39.87300110
14290,-84.8908539,39.87480164
7214,-104.8889008,39.87570190
25970,-83.0277023,39.87599945
13002,-88.9531021,39.87670135
25968,-83.0532989,39.87675095
14080,-86.2701034,39.87870026
22903,-75.1147537,39.87896729
14101,-86.2714005,39.88010025
6705,-105.1008987,39.88130188
25969,-83.0459976,39.88169861
25967,-83.0457001,39.88169861
14096,-86.2623978,39.88190079
25973,-83.0457993,39.88190079
25971,-83.0459976,39.88199997
7552,-105.0743027,39.88309860
14000,-86.2661972,39.88349915
7566,-105.7602005,39.88399887
28186,-75.2306976,39.88410187
27638,-75.5205002,39.88489914
28155,-75.2501984,39.88489914
14248,-85.3850090,39.88499700
28164,-75.2316971,39.88539886
28148,-75.2490997,39.88619995
28157,-75.2480011,39.88750076
28141,-75.2329010,39.88778700
28161,-75.2454987,39.88959885
7554,-105.0681000,39.88990021
26369,-83.8087921,39.89002228
6706,-105.0674230,39.89008700
7570,-105.7687988,39.89009857
25797,-82.8813019,39.89170074
28195,-75.2349014,39.89220047
28373,-79.7329025,39.89400101
25972,-83.0835571,39.89428329
26376,-83.8076553,39.89433670
26374,-83.8060989,39.89440155
26371,-83.8131714,39.89464569
26378,-83.8115997,39.89490128
26373,-83.8312988,39.89599991
28177,-75.2375031,39.89810181
28407,-80.1492004,39.89870071
28404,-80.1431122,39.89871597
3461,-122.1961975,39.89917374
14017,-86.0459976,39.89920044
28405,-80.1480179,39.90097809
13980,-86.0494995,39.90319824
13009,-88.8986664,39.90368652
14031,-86.0481033,39.90499878
14090,-86.0420990,39.90530014
13972,-86.0530014,39.90700150
14041,-86.2606506,39.90755463
22944,-74.9806976,39.90769958
14095,-86.1094971,39.90869904
3460,-122.2988968,39.90909958
22948,-74.9806976,39.90919876
28374,-79.7440033,39.90969849
22941,-74.9885025,39.91009903
13003,-88.9544983,39.91049957
14024,-86.2648010,39.91059875
14006,-86.0530167,39.91065979
28166,-75.1657028,39.91070175
27616,-77.6501999,39.91080093
13010,-88.9527817,39.91090012
14042,-86.1190033,39.91230011
28380,-79.7481003,39.91249847
13007,-88.9552689,39.91297913
27613,-77.6498566,39.91298294
13094,-88.9442978,39.91310120
13095,-88.9431992,39.91320038
14079,-86.2217026,39.91339874
7504,-104.9846649,39.91359711
14622,-96.5513992,39.91379929
7545,-104.9970016,39.91400146
7352,-104.9924490,39.91423700
7351,-104.9858500,39.91426100
7548,-104.9922028,39.91429901
7503,-104.9875031,39.91429901
7501,-104.9859009,39.91429901
6930,-104.9871920,39.91433600
7553,-104.9946747,39.91463470
7543,-104.9931641,39.91483307
14015,-86.2297974,39.91529846
23095,-74.9473038,39.91550064
28376,-79.7509003,39.91559982
7546,-104.9946976,39.91569901
23085,-74.9468994,39.91569901
14083,-86.1094971,39.91590118
23089,-74.9461975,39.91609955
23091,-74.9446030,39.91609955
23084,-74.9445038,39.91619873
27614,-77.6557007,39.91690063
14010,-86.2263031,39.91749954
14021,-86.2238998,39.91759872
14061,-86.1014023,39.91759872
13093,-88.9531708,39.91868210
14044,-86.1088028,39.91880035
7564,-105.7846985,39.91889954
13973,-86.2283020,39.91960144
14040,-86.2258987,39.92029953
14092,-86.2250977,39.92100143
14020,-86.2302017,39.92179871
22946,-75.0401993,39.92179871
26377,-83.8099976,39.92319870
23097,-74.9722977,39.92330170
26375,-83.8468704,39.92590332
27615,-77.6240997,39.92630005
6704,-105.1306992,39.92699814
23090,-74.9599991,39.92739868
25777,-82.8321075,39.92752457
27612,-77.6332245,39.92767715
25762,-82.8333511,39.92796707
22942,-75.0549011,39.92810059
23099,-74.9559021,39.92810059
3459,-122.1969986,39.92819977
6703,-105.1240005,39.92869949
14250,-85.3688130,39.92886700
23087,-74.9615021,39.92950058
14019,-86.1031036,39.92969894
13895,-86.0257034,39.92969894
13893,-86.0254974,39.92969894
13892,-86.0254630,39.92970400
25807,-82.8343820,39.93006000
13482,-91.4100037,39.93019867
26260,-82.7893982,39.93030167
26261,-82.7891006,39.93030167
25804,-82.8855209,39.93063736
26262,-82.7889023,39.93090057
25788,-82.8792038,39.93119812
25820,-82.8788986,39.93130112
14078,-86.0290985,39.93140030
14086,-86.0282974,39.93180084
13480,-91.4131012,39.93190002
23093,-74.9629974,39.93280029
27610,-77.6339035,39.93289948
14071,-86.1531982,39.93299866
23096,-74.9589996,39.93339920
27617,-77.6505966,39.93407822
13483,-91.3582764,39.93473434
26297,-82.8307037,39.93479919
13479,-91.3483276,39.93497086
13481,-91.3475037,39.93529892
14002,-86.1588974,39.93590164
22943,-75.0509033,39.93600082
25983,-82.5373993,39.93690109
23067,-74.9693460,39.93740900
25781,-82.8329010,39.93750000
26296,-82.7810974,39.93759918
26299,-82.8302994,39.93899918
26242,-83.8391037,39.94120026
28417,-75.5911026,39.94169998
23068,-74.9987030,39.94169998
26372,-83.8403015,39.94179916
26060,-83.3890915,39.94350815
7100,-105.8026550,39.94366000
28418,-75.5851974,39.94369888
26505,-81.9992523,39.94404221
7101,-105.8134995,39.94509888
26507,-81.9998550,39.94619751
26509,-81.9983978,39.94680023
1235,-89.9523010,39.94770050
28142,-75.1455002,39.94850159
25752,-82.9979019,39.94869995
28181,-75.1479034,39.94879913
28184,-75.1696014,39.94900131
26510,-82.0456238,39.94919586
28167,-75.1623993,39.94919968
28182,-75.1642990,39.94929886
26508,-82.0061035,39.94950104
28188,-75.1728973,39.94979858
28193,-75.1465988,39.95019913
28139,-75.1705410,39.95050000
28190,-75.1640015,39.95140076
28201,-75.1688003,39.95149994
23066,-74.9941025,39.95149994
28176,-75.1601028,39.95180130
28178,-75.1601028,39.95209885
28169,-75.1471024,39.95220184
13794,-86.1579000,39.95234000
13791,-86.1595993,39.95270157
25796,-83.1227035,39.95270157
28149,-75.1624985,39.95270157
28150,-75.1700974,39.95299911
28145,-75.1399841,39.95307159
28162,-75.1577988,39.95370102
28163,-75.1948013,39.95380020
28172,-75.1397018,39.95420074
28194,-75.1945038,39.95470047
25832,-82.9990997,39.95520020
26059,-83.5054016,39.95550156
28171,-75.1679001,39.95579910
28160,-75.1605988,39.95600128
28154,-75.1688995,39.95660019
28192,-75.1676025,39.95679855
7289,-105.1608276,39.95780563
28158,-75.1707001,39.95849991
7286,-105.1612015,39.95890045
7287,-105.1614990,39.95909882
7288,-105.1615982,39.95920181
25803,-82.9984970,39.96020126
7348,-105.5094986,39.96080017
13797,-86.1576004,39.96160126
26399,-84.1914978,39.96170044
27611,-77.5766678,39.96183395
13796,-86.1576004,39.96239853
23282,-74.1864319,39.96376419
28143,-75.1744003,39.96379852
26506,-81.8992844,39.96598053
25770,-83.0029983,39.96599960
13792,-86.1584015,39.96609879
7290,-105.1494980,39.96770096
25814,-82.9989014,39.96879959
25772,-83.0009003,39.96900177
25802,-83.0019989,39.96979904
6701,-104.8287964,39.97000122
28471,-76.7801971,39.97000122
28156,-75.1606930,39.97046300
23285,-74.2363739,39.97178650
25792,-83.1545029,39.97330093
25786,-83.0029983,39.97370148
25765,-83.1516037,39.97399902
25755,-83.1516037,39.97439957
28473,-76.6771545,39.97455215
23281,-74.1565018,39.97539902
25813,-82.8735275,39.97611618
27515,-78.5292969,39.97650146
28464,-76.7677002,39.97669983
13793,-86.1554031,39.97769928
25750,-83.1477966,39.98009872
25827,-83.1479240,39.98018200
25790,-83.1475983,39.98020172
25766,-82.8326034,39.98059845
27516,-78.5292969,39.98080063
25760,-83.1521912,39.98115158
25817,-83.1520004,39.98120117
25810,-83.1526090,39.98147700
28146,-75.1563034,39.98170090
28474,-76.7335510,39.98346329
28472,-76.7225037,39.98369980
28467,-76.7257996,39.98379898
6670,-105.2203369,39.98590851
22949,-75.0132980,39.98624039
28468,-76.7277985,39.98749924
27562,-78.2434998,39.98860168
25647,-81.5782242,39.99732590
28469,-76.6772003,39.99769974
6666,-105.2533035,39.99779892
25763,-82.8859940,39.99821854
27518,-78.5303000,39.99850000
25764,-82.8928986,39.99850082
25787,-82.8930969,39.99860001
25761,-82.9863968,39.99879837
25775,-82.9862976,39.99919891
25801,-82.9327011,39.99919891
12771,-90.4213000,39.99920000
25825,-82.9326019,39.99940109
25768,-82.9324036,39.99940109
27561,-78.2341995,39.99990082
6673,-105.2330017,40.00000000
25794,-82.8932037,40.00009918
27563,-78.2314987,40.00049973
25654,-81.5779038,40.00130081
25651,-81.5772324,40.00144577
25771,-83.1214981,40.00220108
25793,-82.9325027,40.00310135
6664,-105.2585983,40.00320053
25830,-82.8581440,40.00321900
25824,-82.8592420,40.00327900
28187,-75.2213070,40.00347000
25939,-82.8601990,40.00350189
28170,-75.2190018,40.00450134
25648,-81.5758972,40.00609970
25795,-83.0186005,40.00650024
28168,-75.2097015,40.00659943
25650,-81.5774002,40.00668335
28137,-76.1163025,40.00709915
25941,-82.8651962,40.00749969
13790,-86.1258011,40.00780106
28324,-79.0789185,40.00855255
27564,-78.1888504,40.01176071
6678,-105.2589035,40.01279831
6679,-105.2680588,40.01451111
25798,-82.9919968,40.01470184
27583,-81.6172920,40.01471800
6668,-105.2670370,40.01473700
28323,-79.0795975,40.01570129
6681,-105.2834350,40.01602800
25816,-83.0242996,40.01670074
25979,-82.4513016,40.01720047
6677,-105.2591019,40.01750183
28322,-79.0923004,40.01760101
6665,-105.2585983,40.01779938
28318,-79.0801010,40.01819992
28327,-79.0796585,40.01827240
6674,-105.2789001,40.01940155
25985,-83.1197510,40.01976776
27957,-76.1921844,40.02103424
23307,-74.8115997,40.02149963
6669,-105.2424011,40.02170181
23306,-74.8126984,40.02289963
25785,-83.0258026,40.02330017
14254,-85.9987880,40.02351900
26066,-81.4517750,40.02498600
13330,-88.5680008,40.02600098
26419,-84.2274017,40.02619934
27968,-76.2155991,40.02659988
27974,-76.2093582,40.02718353
27746,-75.6280975,40.02759933
23083,-74.8169022,40.02819824
28151,-75.1060715,40.02938461
6680,-105.2464981,40.02989960
27975,-76.2310028,40.03010178
27967,-76.2344360,40.03062057
28320,-79.1139984,40.03129959
27964,-76.2386017,40.03170013
25987,-83.1178970,40.03179932
25986,-83.1290970,40.03359985
27764,-75.5813980,40.03369904
27763,-75.5779038,40.03419876
23381,-74.6171570,40.03694153
27911,-76.1052017,40.03749847
25980,-82.4284973,40.03889847
27979,-76.3610001,40.03910065
27544,-76.1951828,40.03916168
25981,-82.4282989,40.03919983
28329,-75.3658981,40.03969955
22956,-74.5824509,40.04072571
14157,-86.4861984,40.04119873
14155,-86.4862976,40.04249954
14412,-86.1362000,40.04349899
13976,-86.1356964,40.04349899
28402,-75.3864975,40.04410172
27744,-75.6342011,40.04439926
27745,-75.6343994,40.04449844
27748,-75.6342011,40.04460144
14156,-86.5021973,40.04650116
36175,-80.6519012,40.04669952
28087,-76.4236679,40.04706192
14255,-86.0100479,40.04714966
28086,-76.4234924,40.04716110
28399,-75.4097977,40.04750061
14252,-85.9917984,40.04850006
27519,-78.5111466,40.04948044
13741,-85.6565018,40.04970169
26416,-84.2370987,40.05160141
26417,-84.2369003,40.05189896
26415,-84.2369003,40.05220032
26418,-84.2371979,40.05229950
27972,-76.3993759,40.05229950
32717,-111.7320480,40.05362320
25769,-82.9185028,40.05429840
28012,-75.5205002,40.05469894
27517,-78.5117874,40.05528641
13737,-85.6487122,40.05530167
13742,-85.6492160,40.05534700
23047,-74.1640015,40.05550003
27966,-76.2507019,40.05559921
28011,-75.5162659,40.05599213
27743,-75.6509018,40.05599976
25783,-82.9096985,40.05609894
13736,-85.6531290,40.05615000
27963,-76.2500000,40.05630112
27747,-75.6542969,40.05640030
13740,-85.6526200,40.05677800
26211,-82.4464050,40.05803600
26209,-82.4809036,40.05970001
26210,-82.4476013,40.06069946
6672,-105.2823029,40.06119919
13738,-85.6494980,40.06150055
25809,-82.9986990,40.06173700
13557,-88.2507019,40.06219864
27530,-75.4820023,40.06280136
27978,-76.3067017,40.06309891
28010,-75.5356979,40.06380081
25751,-82.9984970,40.06409836
26307,-80.8397980,40.06480026
28401,-75.4616013,40.06769943
27956,-76.3004990,40.06959915
28315,-77.4380035,40.07049942
27526,-74.9654999,40.07139969
26310,-80.8519974,40.07229996
26312,-80.8683777,40.07343674
26311,-80.8671036,40.07350159
28144,-75.2032013,40.07410049
26309,-80.8628998,40.07450104
19971,-93.5277800,40.07590000
13838,-86.9048996,40.07590103
36173,-80.6973038,40.07609940
27960,-76.3280029,40.07659912
28421,-75.3068008,40.07690048
25892,-83.1415024,40.07720184
25888,-83.1336975,40.07749939
13839,-86.9031982,40.07789993
36167,-80.6072006,40.07789993
13836,-86.9038544,40.07813644
27965,-76.3384018,40.07849884
7092,-104.8183730,40.07903700
25887,-83.1289978,40.07970047
28400,-75.4113007,40.08079910
28152,-75.0273972,40.08179855
27930,-75.3870010,40.08409882
25808,-82.9831450,40.08716300
26492,-83.0183029,40.08720016
25799,-82.9926987,40.08760071
25774,-82.9925003,40.08769989
25779,-82.9897308,40.08773422
25826,-82.9887695,40.08783722
25757,-82.9941025,40.08810043
25753,-82.9972992,40.08840179
27940,-75.4094009,40.08869934
27973,-76.2821732,40.08870316
27935,-75.3783035,40.08980179
25789,-82.9885025,40.09080124
27932,-75.3927994,40.09090042
27934,-75.3926010,40.09090042
27938,-75.3384360,40.09129100
25819,-82.9877014,40.09170151
27933,-75.3702011,40.09249878
25891,-83.1260986,40.09339905
25782,-82.9872971,40.09339905
28100,-76.1082916,40.09429932
27939,-75.4159012,40.09510040
25883,-83.1240997,40.09529877
27937,-75.3999023,40.09579849
25884,-83.1327972,40.09590149
25886,-83.1283035,40.09600067
27936,-75.4001007,40.09600067
3845,-123.7952780,40.09761100
12857,-88.2447968,40.09769821
25773,-82.9872971,40.09939957
28383,-75.4569320,40.09968200
3848,-123.7951780,40.09982100
28253,-75.2939987,40.10020065
25890,-83.1271973,40.10060120
25882,-83.1283035,40.10089874
25780,-82.9459000,40.10250092
25829,-83.0533981,40.10350037
25812,-82.9856415,40.10426331
25805,-83.1119003,40.10540009
26458,-82.9322662,40.10568237
25893,-83.0988007,40.10739899
25885,-83.0933991,40.10779953
27672,-79.3828354,40.10813522
26490,-83.0154724,40.10867310
3844,-123.7949982,40.10960007
25634,-74.8614000,40.11020000
27671,-77.0401306,40.11076736
28254,-75.2882996,40.11240005
28252,-75.2863007,40.11309814
25800,-83.0130005,40.11370087
25822,-83.0114975,40.11389923
26489,-83.0148010,40.11579895
13659,-88.2240982,40.11640167
25815,-83.0160980,40.11640167
25811,-83.0161200,40.11653500
25749,-83.0142975,40.11669922
27525,-74.9592972,40.11669922
25784,-83.0126038,40.11740112
12998,-87.5369034,40.11800003
27568,-74.8447037,40.11849976
28250,-75.2871018,40.11989975
27524,-74.9616013,40.12089920
27992,-74.8423004,40.12099838
27529,-74.9619980,40.12120056
25965,-84.6200027,40.12129974
28368,-74.9769974,40.12220001
27991,-74.8406982,40.12260056
12995,-87.6354980,40.12329865
28367,-74.9732742,40.12421036
12997,-87.6352997,40.12570190
22894,-74.7058792,40.12755585
22889,-74.7061005,40.12799835
12994,-87.5494003,40.12810135
28365,-74.9686279,40.12842941
22891,-74.7054977,40.12919998
13663,-88.1973850,40.13036700
13667,-88.2193298,40.13040543
22890,-74.7054825,40.13094330
28132,-75.4599991,40.13159943
12852,-88.2583008,40.13209915
13660,-88.2188034,40.13209915
12854,-88.2583008,40.13240051
13665,-88.2184372,40.13261795
13668,-88.2165985,40.13320160
26592,-76.5711990,40.13349200
28369,-74.9642029,40.13479996
12853,-88.2564011,40.13589859
12861,-88.2409973,40.13600159
13000,-87.5533218,40.13615799
12996,-87.5536499,40.13630676
27757,-75.2099991,40.13650131
12999,-87.5538025,40.13657379
27756,-75.2008972,40.13690186
12848,-88.2427979,40.13710022
28366,-74.9841995,40.13729858
12855,-88.2537003,40.13740158
12862,-88.2467651,40.13783264
7281,-105.1351013,40.13790131
12851,-88.2488022,40.13790131
7276,-105.1342010,40.13800049
12859,-88.2456970,40.13809967
13664,-88.1917038,40.14009857
22893,-74.7023010,40.14289856
25754,-82.9643021,40.14379883
27700,-76.5597992,40.14500046
32869,-111.6410980,40.14559937
26220,-84.2236633,40.14680099
28451,-75.1215973,40.14770126
27520,-79.8355026,40.14910126
7578,-106.9091034,40.14939880
7278,-105.1023026,40.14960098
7279,-105.1230011,40.15000153
26266,-84.2180252,40.15068054
27742,-76.8184204,40.15256119
5209,-122.2209015,40.15280151
13233,-89.4070511,40.15690994
27899,-75.1437988,40.15750122
13234,-89.4097977,40.15769958
13235,-89.4074020,40.15779877
28452,-75.1231003,40.15980148
7277,-104.9828491,40.16069412
28453,-75.1313019,40.16080093
7285,-104.9823990,40.16085815
7282,-104.9959564,40.16090393
7274,-104.9748001,40.16159821
25833,-83.0123749,40.16236115
32870,-111.6026001,40.16239929
28075,-75.8880005,40.16400146
28395,-80.2717972,40.16510010
27901,-75.1411972,40.16640091
27897,-75.1507034,40.16740036
28389,-80.2636032,40.16838837
19676,-92.5700073,40.17056274
28396,-80.2482986,40.17129898
28394,-80.2539520,40.17141342
7280,-105.1026993,40.17240143
5212,-122.2231750,40.17248917
27900,-75.1391983,40.17409897
27898,-75.1280975,40.17570114
5213,-122.2340012,40.17660141
19674,-92.6112000,40.17670000
27589,-77.2432327,40.17791748
19675,-92.5764999,40.17860031
28393,-80.2348980,40.17947200
28391,-80.2361984,40.17990112
24120,-118.4728200,40.18254000
27984,-74.8696976,40.18479919
23298,-74.0149002,40.18568802
5211,-122.2201190,40.18588300
27603,-77.2123642,40.18610001
27601,-77.1914215,40.18633652
5210,-122.2389850,40.18919400
27902,-75.1544037,40.19079971
27983,-74.8666992,40.19089890
28043,-76.9837036,40.19113922
28035,-76.9777985,40.19309998
27982,-74.8499985,40.19340134
26591,-76.6102210,40.20018000
27588,-77.1894455,40.20111847
28038,-76.9717102,40.20176697
7283,-105.1016846,40.20246887
22376,-100.6519012,40.20429993
28041,-76.9618988,40.20429993
28097,-76.8721790,40.20540100
28039,-76.9589005,40.20619965
22375,-100.6467972,40.20629883
28076,-74.7754974,40.20800018
28098,-76.8727240,40.20857900
28095,-76.8713074,40.20951080
28036,-76.9626160,40.21040344
19279,-74.0291990,40.21361900
32730,-111.6592026,40.21400070
32736,-111.6571426,40.21411514
32733,-111.6592026,40.21419907
32731,-111.6578979,40.21419907
14224,-85.4217987,40.21500015
28096,-76.8777008,40.21580124
28392,-80.2015991,40.21659851
19672,-92.5830307,40.21661377
28123,-79.6139755,40.21728516
28121,-79.6110992,40.21789932
28120,-79.6077042,40.21802521
14228,-85.4256973,40.21900177
14229,-85.4300156,40.21955490
28124,-79.6110382,40.21963882
14226,-85.4349976,40.21979904
28122,-79.6107025,40.21979904
27667,-76.0983581,40.22098541
14225,-85.4267273,40.22099304
27668,-76.0988998,40.22209930
22838,-73.9984970,40.22460175
28014,-76.4318008,40.22570038
28070,-75.2351990,40.22700119
26360,-84.2183991,40.22890091
32726,-111.6580963,40.22959900
27592,-77.1462021,40.23020172
28462,-74.8858032,40.23020172
28016,-76.4338760,40.23218155
32739,-111.6579514,40.23248291
27590,-77.1247101,40.23298264
27594,-77.1246033,40.23339844
27602,-77.1174011,40.23350143
32729,-111.6868439,40.23358154
27600,-77.1383820,40.23396683
27598,-77.1323700,40.23435211
32734,-111.6607971,40.23509979
27861,-76.8044663,40.23834991
27854,-76.8062973,40.24129868
26099,-83.3460007,40.24250031
27947,-75.3368988,40.24269867
28001,-79.2408829,40.24293518
27835,-76.8079987,40.24300003
26100,-83.3408966,40.24340057
28260,-75.6175003,40.24340057
27862,-76.8085022,40.24359894
23017,-74.2982025,40.24660110
27858,-76.8162460,40.24690247
28261,-75.6564865,40.24755096
27849,-76.8137817,40.25076294
27855,-76.8071976,40.25090027
27582,-76.9131012,40.25120163
28042,-77.0289001,40.25350189
27832,-76.8770752,40.25422287
28259,-75.6593781,40.25468445
32738,-111.6564026,40.25469971
28069,-75.2478561,40.25480270
7093,-103.8016790,40.25582400
32727,-111.6617966,40.25590134
25879,-83.1305510,40.25617600
32728,-111.6610718,40.25680542
19330,-94.0436020,40.25799942
27836,-76.8805008,40.25920105
27844,-76.8818970,40.26020050
7097,-103.8008194,40.26157379
26393,-82.8531036,40.26309967
32725,-111.6679993,40.26340103
32735,-111.6623001,40.26350021
27846,-76.8025971,40.26359940
27586,-80.1821976,40.26380157
7096,-103.8009644,40.26391602
23016,-74.2939377,40.26549911
27841,-76.8078003,40.26589966
27903,-76.6978989,40.26599884
27904,-76.6959000,40.26689911
27882,-76.6823959,40.26850128
27673,-75.7705002,40.26980209
27880,-76.6893768,40.26981735
25838,-81.8770599,40.27023697
27878,-76.6822968,40.27030182
6708,-103.6215973,40.27059937
19326,-94.0142000,40.27060000
27924,-78.8587036,40.27299881
32676,-111.7076035,40.27360153
32673,-111.6840973,40.27360153
32674,-111.7149963,40.27429962
23054,-74.7066956,40.27493668
27884,-76.6464005,40.27629852
22969,-74.0450974,40.27650070
22970,-74.0438995,40.27679825
27921,-78.8476715,40.27762222
27839,-76.8229980,40.27809906
27926,-78.8467255,40.27887726
27923,-78.8426971,40.27899933
27842,-76.8164978,40.27909851
25876,-83.0677261,40.28049088
27830,-76.8209992,40.28250122
27881,-76.6587982,40.28250122
25988,-76.6581410,40.28281000
23279,-74.0784988,40.28350067
23278,-74.0783997,40.28359985
27812,-79.5489807,40.28431320
26359,-84.1848526,40.28630066
26357,-84.1843033,40.28770065
23055,-74.6905975,40.28810120
23280,-74.0803986,40.28810120
13927,-86.5042000,40.28890000
26358,-84.1849899,40.28907394
23276,-74.0793991,40.28950119
27883,-76.6312027,40.29280090
26392,-83.0699005,40.29290009
27585,-80.1705017,40.29790115
22251,-96.7465973,40.29899979
23059,-73.9814987,40.29999924
27891,-76.6906662,40.30009079
27704,-76.9268036,40.30189896
23190,-74.6726990,40.30239868
32749,-109.9782028,40.30279922
22252,-96.7469025,40.30419922
28279,-75.9845352,40.30467987
27828,-76.8458023,40.30469894
27813,-79.5122986,40.30479813
27809,-79.5122986,40.30490112
27853,-76.8486023,40.30490112
28280,-75.8594971,40.30599976
13485,-88.1752014,40.30630112
13486,-88.1879730,40.30773544
13488,-88.1754990,40.30910110
23186,-74.6644974,40.30970001
27810,-79.5292969,40.31029892
22957,-74.4937973,40.31079865
13299,-89.1669998,40.31259918
27837,-76.8996811,40.31382751
23185,-74.6568985,40.31610107
27811,-79.5080032,40.31740189
19727,-94.8777771,40.31979370
19728,-94.8738022,40.31980133
27845,-76.7920990,40.32070160
25877,-83.0703964,40.32089996
27922,-78.9207001,40.32180023
25875,-83.0711136,40.32237625
23193,-74.6446991,40.32350159
27829,-76.7906036,40.32429886
22959,-74.5001984,40.32490158
27925,-78.9204025,40.32509995
27927,-78.9152720,40.32593800
25889,-75.1295150,40.32620100
28249,-79.9451630,40.33014400
27987,-76.4261475,40.33051300
13229,-88.7666500,40.33576100
23206,-74.0897980,40.33620071
28289,-75.9278030,40.33689880
23195,-74.6313019,40.33739853
23205,-74.0962982,40.33800125
23189,-74.6299973,40.33850098
23198,-74.6000380,40.34037800
22958,-74.5003967,40.34130096
28426,-79.9646378,40.34244156
28224,-80.0531998,40.34389877
28288,-75.9669037,40.34410095
28459,-75.9679031,40.34439850
23037,-74.4487000,40.34540176
28458,-75.9614792,40.34554291
28278,-75.9662018,40.34619904
28428,-79.9564972,40.34629822
28284,-75.9597549,40.34779358
28427,-79.9490967,40.34820175
23194,-74.6612015,40.34970093
28460,-75.9784012,40.35169983
27834,-76.7148972,40.35210037
23207,-74.0733032,40.35260010
27831,-76.7268677,40.35328293
23208,-74.0744019,40.35440063
23187,-74.6495972,40.35530090
27567,-80.1262283,40.35591125
23188,-74.6009979,40.35699844
28114,-74.9813003,40.35829926
23192,-74.5944977,40.36209869
23191,-74.6000977,40.36280060
23196,-74.5985031,40.36439896
28286,-75.9551010,40.36489868
28277,-75.9300003,40.36999893
28281,-75.9271622,40.37186432
26379,-80.6150971,40.37300110
28287,-75.9268417,40.37308884
28283,-75.9704971,40.37440109
26380,-80.6233978,40.37459946
27804,-76.6530991,40.37509918
26381,-80.6271515,40.37538910
7043,-105.5104980,40.37580109
25595,-83.7563019,40.37670135
32503,-111.7894287,40.37708664
25596,-83.7558040,40.37732300
27803,-76.6561661,40.37818146
26361,-84.1605500,40.37845000
27802,-76.6586533,40.37944794
7038,-105.4927826,40.37986374
27805,-76.6658020,40.38000107
7058,-105.5197983,40.38090134
7063,-105.5084991,40.38240051
7030,-105.5080032,40.38249969
7059,-105.5057180,40.38340100
32594,-111.8349991,40.38570023
32593,-111.8349991,40.38669968
28237,-80.0049973,40.38769913
32598,-111.8353043,40.38859177
23071,-74.0985336,40.38931274
7065,-104.6900024,40.38999939
23245,-74.5514984,40.39049911
7188,-104.7176971,40.39130020
32596,-111.8494260,40.39130800
7192,-104.7204971,40.39139938
7194,-104.7191086,40.39146423
27663,-79.5761032,40.39210129
28083,-82.4856490,40.39324200
26422,-81.3455963,40.39350128
27664,-79.5711975,40.39530182
36170,-80.5482025,40.39709854
23075,-74.5580978,40.39860153
26192,-82.4570847,40.39987183
26190,-82.4375000,40.40250015
28206,-80.0413971,40.40269852
7291,-104.9951019,40.40560150
7297,-105.0512009,40.40729904
26268,-75.0391000,40.40744000
7298,-105.0513000,40.40760040
7295,-104.9952011,40.40950012
6266,-120.6345978,40.40969849
7294,-104.9983978,40.41009903
6262,-120.6368027,40.41070175
27604,-80.0785980,40.41310120
14136,-86.8386993,40.41339874
28215,-80.0581970,40.41669846
14144,-86.8227692,40.41730118
14142,-86.8732834,40.41748047
14140,-86.8328018,40.41749954
14137,-86.8327026,40.41749954
14146,-86.8252029,40.41759872
14134,-86.8238983,40.41759872
28234,-80.0604019,40.41830063
14135,-86.8170013,40.41839981
28209,-80.0298462,40.41926575
14147,-86.8209992,40.41960144
14139,-86.8218994,40.42020035
14133,-86.8205032,40.42029953
12264,-91.4092026,40.42039871
14408,-86.9009018,40.42039871
12266,-91.4138031,40.42050171
28221,-80.0578003,40.42169952
23028,-74.1877975,40.42179871
12267,-91.4096298,40.42194366
28211,-80.0419998,40.42300034
28241,-80.0394974,40.42359924
7190,-104.6893005,40.42499924
28205,-80.0411987,40.42599869
28231,-79.9896100,40.42963700
28219,-79.9888000,40.43069839
28066,-79.7921982,40.43130112
14126,-86.1268997,40.43199921
28240,-80.0037003,40.43320084
28271,-75.4172974,40.43500137
28272,-75.4164963,40.43519974
28062,-79.7568436,40.43542862
28233,-79.9572983,40.43569946
28067,-79.7568970,40.43579865
28217,-79.9626999,40.43600082
28065,-79.7585983,40.43719864
28063,-79.7778015,40.43790054
28064,-79.7600021,40.43799973
7469,-106.8162994,40.43828583
22313,-99.3877029,40.43830109
14124,-86.1262970,40.43870163
14121,-86.1263504,40.43906403
28228,-79.9908981,40.43930054
27680,-78.4333496,40.43953705
28232,-79.9965973,40.44039917
28218,-80.0065002,40.44129944
32893,-109.5595016,40.44359970
28269,-75.3566971,40.44359970
14120,-86.1136017,40.44369888
28236,-80.0025024,40.44430161
28244,-79.9952011,40.44440079
28273,-75.3675613,40.44441986
28130,-80.1738357,40.44448471
28220,-79.9536972,40.44530106
28222,-79.9731750,40.44765800
7456,-106.8143780,40.44775900
7450,-106.8155975,40.44789886
28204,-80.1583023,40.44789886
7452,-106.8155975,40.44800186
23073,-74.4959564,40.44868851
28235,-80.1582031,40.44869995
28239,-79.9331970,40.44879913
28210,-80.1071854,40.44975281
14411,-86.9252350,40.45028300
32889,-109.5498330,40.45094300
7470,-106.8088000,40.45108000
2900,-122.2886963,40.45190048
14123,-86.1158981,40.45209885
7448,-106.8034000,40.45228000
28243,-80.1047430,40.45228900
14125,-86.1140650,40.45350200
7457,-106.8053970,40.45399857
28238,-79.9544983,40.45420074
32884,-109.5365982,40.45520020
7466,-106.8078003,40.45520020
14122,-86.1087036,40.45520020
28227,-80.1918716,40.45537949
32885,-109.5238037,40.45550156
32886,-109.5336990,40.45560074
32890,-109.5396271,40.45671463
27500,-78.4008026,40.45750046
13264,-90.6490021,40.45849991
13263,-90.6903992,40.45909882
12795,-88.9817910,40.45926300
13267,-90.6717987,40.45959854
7472,-106.7994003,40.46020126
12792,-88.9657974,40.46030045
27640,-80.1964264,40.46079636
28068,-79.7647018,40.46160126
27643,-80.1951981,40.46506500
22963,-74.4052380,40.46510600
27646,-80.2089996,40.46609879
27696,-78.7584381,40.46745682
7477,-106.8262024,40.46810150
22961,-74.4089203,40.46882248
27504,-78.4042530,40.46924700
14283,-84.9794998,40.46989822
7451,-106.8264008,40.47219849
13269,-90.6720505,40.47303772
12797,-88.9936981,40.47719955
7070,-104.9888000,40.47890091
7559,-104.9180984,40.47949982
27507,-78.3969650,40.48020935
13262,-90.6737900,40.48108673
27905,-78.0121994,40.48160172
14167,-85.5483017,40.48170090
27505,-78.4016724,40.48291016
22962,-74.4121018,40.48310089
14119,-86.1073532,40.48318481
12791,-89.0181351,40.48347855
12799,-89.0247879,40.48382950
12794,-89.0230179,40.48414993
12800,-89.0230408,40.48417664
12793,-88.9506988,40.48440170
7463,-106.8311005,40.48500061
27531,-76.2470398,40.48634720
7458,-106.8371210,40.48778600
27501,-78.3990173,40.48842239
27503,-78.3984985,40.48849869
12796,-89.0307999,40.48880005
32563,-111.4134979,40.49300003
26202,-81.4722977,40.49300003
26201,-81.4694977,40.49330139
14410,-86.8686295,40.49341202
26206,-81.4728851,40.49415970
26185,-82.7148972,40.49499893
27644,-80.2051010,40.49560165
28226,-80.2590027,40.49620056
27641,-80.2052994,40.49679947
23102,-74.4410019,40.49679947
23101,-74.4325027,40.49729919
28225,-79.8696976,40.49779892
12801,-88.9535980,40.49890137
14406,-86.8684006,40.49959946
27642,-80.2092972,40.50180054
23009,-74.8518372,40.50342560
27647,-80.2225037,40.50386810
27693,-80.2223968,40.50389862
27639,-80.2229996,40.50510025
28216,-80.0075989,40.50650024
12798,-88.9528885,40.50657654
6846,-107.5774307,40.50662613
27645,-80.2232971,40.50680161
22976,-74.3900604,40.50849152
6848,-107.5764999,40.51119995
22974,-74.3942032,40.51340103
13383,-88.9539032,40.51390076
6849,-107.5743180,40.51396200
23008,-74.8411026,40.51459885
13380,-88.9502564,40.51475906
13381,-88.9508972,40.51610184
22982,-74.3392029,40.51900101
7087,-105.0574036,40.52040100
7077,-105.0566025,40.52069855
22978,-74.3386002,40.52069855
22977,-74.3392029,40.52090073
32874,-112.2987976,40.52170181
7076,-105.0526581,40.52220535
7080,-105.0529022,40.52280045
22979,-74.3389053,40.52323914
22316,-101.6372600,40.52330000
32550,-111.8896179,40.52336121
32549,-111.8636017,40.52510452
22973,-74.3898544,40.52519989
22980,-74.3602982,40.52539825
25880,-81.4976273,40.52768326
32548,-111.8891983,40.52849960
28223,-80.0081024,40.52870178
22975,-74.3286972,40.52949905
28202,-76.4250031,40.52969742
13384,-88.9954150,40.53013300
14171,-85.6545000,40.53080000
28207,-79.8470078,40.53149033
7086,-105.0793304,40.53219604
23235,-74.5165024,40.53239822
23015,-74.5156021,40.53300095
13379,-88.9980011,40.53340149
13386,-88.9977035,40.53340149
27506,-78.4328461,40.53382874
27502,-78.4325027,40.53390121
23244,-74.5270004,40.53400040
23239,-74.5269012,40.53430176
23236,-74.5264969,40.53450012
23243,-74.5138016,40.53480148
23378,-74.2962036,40.53639984
23238,-74.5212021,40.53649902
23241,-74.5089035,40.53670120
23379,-74.2968979,40.53689957
28203,-76.4266663,40.53699875
23240,-74.5236969,40.53760147
32873,-112.2986984,40.53779984
5231,-122.3481979,40.53789902
7083,-105.0719986,40.53789902
27827,-79.8301010,40.53929901
5217,-122.3541031,40.53950119
13446,-89.5932999,40.54119873
13445,-89.5935974,40.54140091
23237,-74.5193720,40.54150400
22981,-74.3934021,40.54180145
23180,-74.4990006,40.54209900
26313,-84.4023972,40.54370117
23242,-74.5459366,40.54815674
13444,-89.6011658,40.54920197
26186,-82.8278198,40.54990005
26174,-81.9179001,40.55410004
26314,-84.4095001,40.55450058
23247,-74.4337006,40.55540085
23248,-74.4340973,40.55550003
32855,-111.8946991,40.55649948
32853,-111.8943024,40.55680084
32856,-111.8961029,40.55749893
23249,-74.4302750,40.55798340
25668,-84.5382004,40.55799866
32861,-111.8986969,40.55830002
26436,-84.1733017,40.55830002
26435,-84.1731033,40.55830002
23036,-74.3065033,40.55839920
25601,-81.7944000,40.56110000
23035,-74.3283005,40.56200027
27483,-75.4841995,40.56570053
22899,-74.5550003,40.56570053
32860,-111.8990707,40.56575012
23034,-74.2983017,40.56629944
5219,-122.3612213,40.56670380
23204,-74.6240420,40.56700500
22311,-98.4009790,40.56813700
32858,-111.8985977,40.56980133
7482,-103.0093002,40.57009888
27498,-75.5439987,40.57051849
5234,-122.3620987,40.57099915
5223,-122.3625750,40.57239700
5215,-122.3580017,40.57419968
7072,-105.0767975,40.57500076
27566,-75.6219025,40.57559967
5220,-122.3580017,40.57590103
27481,-75.5285873,40.57594299
14169,-85.6731262,40.57622528
27490,-75.5291977,40.57630157
22898,-74.5763474,40.57663345
27487,-75.6667023,40.57699966
28052,-77.3702927,40.57729721
3769,-124.1517029,40.57740021
5225,-122.3577180,40.57787100
28053,-77.3679000,40.57820000
27486,-75.6184006,40.57830048
3773,-124.1521988,40.57849884
27948,-75.7079773,40.57869720
5224,-122.3573990,40.57889938
26093,-83.0780182,40.57928467
27491,-75.5219727,40.57944870
5218,-122.3578033,40.57960129
14170,-85.6675034,40.57970047
27906,-79.1607971,40.57979965
26095,-83.0792999,40.57989883
5227,-122.3578033,40.58039856
7085,-104.9963989,40.58079910
7082,-105.0084991,40.58100128
7078,-105.0021744,40.58113861
7071,-105.0482025,40.58119965
26097,-83.0717011,40.58129883
26098,-83.0751038,40.58143616
7084,-105.0044570,40.58173000
7088,-105.0085220,40.58175278
5221,-122.3579790,40.58261800
24355,-73.9337006,40.58409882
3771,-124.1484985,40.58539963
5228,-122.3761978,40.58549881
3944,-123.1469800,40.58578000
22901,-74.6203003,40.58890152
32854,-111.8988571,40.58900070
26096,-83.1239014,40.58909988
22902,-74.6247025,40.59090042
26382,-81.5256805,40.59223557
23033,-74.6234055,40.59238434
22867,-74.2748184,40.59299850
3774,-124.1543180,40.59339100
27496,-75.6700974,40.59354019
22940,-74.2350998,40.59370041
28116,-79.7533875,40.59371567
27908,-79.1615982,40.59519958
3772,-124.1588010,40.59786700
27484,-75.5598984,40.59978867
22900,-74.6884380,40.60146400
27909,-79.1959000,40.60169983
22310,-98.3858032,40.60710144
27489,-75.4789000,40.60760000
27534,-75.3818207,40.61161423
27797,-79.9485016,40.61248398
23299,-74.4270020,40.61360168
25393,-74.1745987,40.61360168
25394,-74.1578980,40.61380005
32613,-111.8574982,40.61389923
22307,-98.3849335,40.61532211
7483,-103.1630325,40.61571121
23123,-74.4534302,40.61717987
7479,-103.1811981,40.61809921
32616,-111.9036200,40.61836000
32615,-111.9039001,40.61899948
32612,-111.8988190,40.61923218
32617,-111.9003983,40.62070084
32790,-111.8992004,40.62070084
27493,-75.5038986,40.62070084
7481,-103.1723022,40.62116241
32614,-111.8671036,40.62129974
13334,-89.4636002,40.62250137
32706,-111.4913025,40.62260056
32618,-111.8660965,40.62310028
12274,-93.8905000,40.62370000
32691,-111.4882965,40.62409973
27488,-75.4432983,40.62409973
27573,-77.5800018,40.62431335
24354,-74.0280838,40.62446213
32793,-111.8513870,40.62472800
5216,-122.3657990,40.62509918
13336,-89.4971500,40.62515000
5222,-122.3659700,40.62516500
22950,-74.3018036,40.62680054
5226,-122.3654861,40.62807083
27574,-77.5831986,40.62839890
27497,-75.4413986,40.63050079
32659,-111.8646730,40.63173700
22953,-74.9184036,40.63249969
32839,-111.8058014,40.63449860
27798,-79.9410400,40.63477325
22309,-98.3836975,40.63479996
27494,-75.4263000,40.63510132
12223,-91.3407000,40.63590000
23871,-116.9291000,40.63610077
23873,-116.9438019,40.63719940
22960,-74.2880020,40.64049911
27495,-75.4331970,40.64099884
22954,-74.9141000,40.64130000
32710,-111.4946976,40.64139938
25623,-81.4465790,40.64154053
32693,-111.4839020,40.64319992
22282,-96.9333343,40.64332962
32698,-111.4773026,40.64350128
27540,-75.4281998,40.64350128
27535,-75.4280014,40.64369965
27538,-75.4278030,40.64379883
25597,-82.5418549,40.64615250
32818,-111.9387970,40.64730072
25598,-82.5442963,40.64870071
23308,-74.3550034,40.64929962
25600,-82.5442963,40.65019989
26032,-83.5955734,40.65062714
22873,-74.5753021,40.65069962
22874,-74.5813980,40.65309906
27537,-75.4145966,40.65399933
25295,-73.6509018,40.65700150
27532,-75.4023972,40.65760040
25294,-73.6483994,40.65769958
32713,-111.5084000,40.65959930
22989,-74.1755000,40.66152000
22990,-74.1764984,40.66220093
23000,-74.1769028,40.66230011
22993,-74.1761017,40.66339874
32699,-111.4964981,40.66400146
22382,-95.8745000,40.66490000
13043,-89.5674515,40.66521454
32700,-111.5143967,40.66559982
24684,-73.7836990,40.66650009
24892,-73.7798004,40.66659927
24681,-73.7939987,40.66699982
22481,-96.1776123,40.66754913
25243,-73.7982025,40.66799927
22380,-95.8591003,40.66830063
24685,-73.7963028,40.66830063
24683,-73.7959976,40.66839981
13041,-89.5773840,40.66853000
28027,-80.0963974,40.66939926
28028,-80.0975780,40.66948800
22326,-99.0858994,40.67129898
22324,-99.0878982,40.67200089
24682,-73.7856979,40.67240143
22332,-99.0860748,40.67248535
22323,-99.0874023,40.67259979
28026,-80.0967026,40.67269897
22318,-99.0858002,40.67330170
22321,-99.0839996,40.67340088
22328,-99.0865880,40.67358900
27650,-80.0988998,40.67440033
32808,-111.9075012,40.67470169
32813,-111.9083023,40.67499924
22329,-99.0845795,40.67582321
27651,-80.1009979,40.67599869
27533,-75.3413773,40.67684937
22992,-74.1955185,40.67729950
22325,-99.0848999,40.67750168
22994,-74.1961975,40.67770004
25046,-73.4408035,40.67829895
24352,-74.0055230,40.67948800
22876,-74.5688019,40.67969894
22322,-99.0841293,40.68106079
22330,-99.0830994,40.68180084
22991,-74.1940994,40.68190002
27648,-80.1000977,40.68199921
27652,-80.1252975,40.68360138
22319,-99.0858002,40.68389893
27482,-75.2543030,40.68460083
27654,-80.1084976,40.68479919
23265,-74.3328018,40.68510056
22995,-74.1930008,40.68529892
27649,-80.1073990,40.68610001
22996,-74.1931992,40.68650055
13453,-89.6230621,40.68862534
14393,-85.4401000,40.68960000
13040,-89.5392990,40.68989944
13459,-89.5960007,40.69089890
24687,-73.8047790,40.69252777
24358,-73.9888992,40.69290161
13454,-89.5874023,40.69319916
13452,-89.5915985,40.69390106
26079,-82.5149002,40.69469833
32900,-111.9485016,40.69570160
26080,-82.5147018,40.69601822
32901,-111.9482117,40.69729996
24127,-118.0525970,40.69820023
32846,-111.9473800,40.69838200
23105,-74.4028015,40.69839859
23109,-74.1875000,40.69894409
32898,-111.9489975,40.69929886
32806,-111.9497986,40.69950104
32801,-111.8984070,40.69996262
27653,-80.1131973,40.70130157
24688,-73.8132019,40.70240021
23110,-74.1746000,40.70410000
23108,-74.1775971,40.70410156
23116,-74.1843109,40.70438766
13686,-89.4440994,40.70453644
25037,-74.0102997,40.70460129
24679,-73.8171005,40.70470047
24996,-74.0162964,40.70520020
23106,-74.1868973,40.70529938
23113,-74.1731033,40.70600128
24861,-74.0018005,40.70780182
24916,-74.0020750,40.70896200
24907,-74.0024033,40.70909882
24960,-74.0146027,40.70949936
23115,-74.1651001,40.71200180
18700,-73.3503120,40.71306300
24897,-74.0162964,40.71469879
23269,-74.3666000,40.71559906
6485,-122.9257965,40.71569824
23044,-74.0329971,40.71620178
32834,-111.8873215,40.71742630
24863,-73.9898350,40.71849100
24915,-73.9925003,40.71889877
26076,-82.6358032,40.71910095
24925,-74.0000992,40.71920013
24912,-74.0100580,40.71976800
24877,-73.9987030,40.71989822
25026,-74.0056000,40.72069931
25444,-73.5857010,40.72079849
24976,-73.9931030,40.72119904
25012,-74.0045013,40.72180176
23038,-74.0374985,40.72190094
24832,-74.0031967,40.72409821
24962,-73.9984970,40.72499847
32811,-111.9370651,40.72502899
32696,-111.5395966,40.72510147
32817,-111.8557968,40.72539902
14263,-86.1037979,40.72660065
32688,-111.5470963,40.72729874
24542,-73.7079010,40.72769928
32695,-111.5483017,40.72790146
23040,-74.0347977,40.72900009
26048,-84.0725021,40.72999954
26049,-84.0727005,40.73020172
22875,-74.5403976,40.73030090
26052,-84.0795975,40.73070145
32894,-114.0301971,40.73120117
24560,-73.6147995,40.73127747
25040,-73.9988022,40.73239899
24215,-114.0472870,40.73274612
6484,-122.9405410,40.73348600
14264,-86.1037979,40.73384857
23888,-116.0696030,40.73400116
13456,-89.6184998,40.73460007
23111,-74.1660995,40.73469925
13058,-89.0167007,40.73490143
13448,-89.6204780,40.73529400
13450,-89.6201019,40.73580170
24819,-73.9337006,40.73580170
28263,-76.2984010,40.73641800
22335,-99.7382126,40.73649979
25030,-73.9889984,40.73649979
13460,-89.6207046,40.73653030
13457,-89.6214981,40.73680115
13057,-89.0284119,40.73692322
25245,-73.8779000,40.73700000
24822,-73.9290008,40.73720169
32895,-114.0346603,40.73733521
32897,-114.0360150,40.73761100
25493,-73.6027985,40.73799896
23231,-74.3311997,40.73830032
24909,-73.9857170,40.73843500
23114,-74.1686810,40.73893600
22339,-99.7325974,40.73929214
26053,-84.1064682,40.73976135
13451,-89.6231830,40.74003600
24548,-73.8498001,40.74020004
12055,-92.8677979,40.74110031
13458,-89.6268234,40.74225998
12867,-88.7319700,40.74271100
26051,-84.1042990,40.74283700
24906,-73.9870987,40.74399948
24874,-73.9960460,40.74409400
24864,-73.9890060,40.74426651
24324,-73.4837040,40.74433900
24903,-73.9935989,40.74489975
24946,-73.9774017,40.74539948
14221,-86.7873001,40.74549866
25491,-73.5879974,40.74570084
22337,-99.7403030,40.74589920
12065,-95.0392000,40.74610000
24931,-73.9858017,40.74629974
24921,-73.9911490,40.74645800
24849,-73.9847031,40.74670029
22336,-99.7400971,40.74729919
24988,-73.9858017,40.74750137
24947,-73.9871979,40.74810028
24992,-73.9878998,40.74819946
24838,-73.9920660,40.74873900
24881,-73.9843369,40.74945450
25028,-73.9720001,40.74959946
24970,-73.9812012,40.74990082
24833,-73.9795990,40.74990082
25032,-73.9784012,40.74990082
24963,-73.9858017,40.75000000
25031,-73.9787979,40.75000000
24820,-73.9411011,40.75009918
24944,-73.9810028,40.75019836
24969,-73.9690018,40.75030136
24852,-73.9778976,40.75040054
24993,-73.9910965,40.75130081
24893,-73.9793014,40.75180054
24991,-73.9938278,40.75205231
24910,-73.9722977,40.75210190
24951,-73.9725037,40.75220108
24901,-73.9741974,40.75260162
24843,-73.9726480,40.75267600
24995,-73.9858190,40.75276600
24842,-73.9718250,40.75284200
24865,-73.9834976,40.75289917
14161,-86.3606033,40.75379944
24887,-73.9859009,40.75379944
32848,-111.8955307,40.75415039
13133,-87.9968033,40.75429916
14220,-86.7751999,40.75429916
23107,-74.1672974,40.75450134
25001,-73.9778976,40.75469971
24998,-73.9732971,40.75479889
24918,-73.9720001,40.75479889
24989,-73.9732790,40.75492800
24620,-73.5015106,40.75518036
25002,-73.9814987,40.75529861
24928,-73.9878006,40.75540161
24958,-73.9729004,40.75550079
24933,-73.9738007,40.75559998
24844,-73.9816971,40.75569916
24859,-73.9723968,40.75579834
25004,-73.9713974,40.75590134
25034,-73.9725037,40.75600052
24984,-73.9696160,40.75600200
32836,-111.8956985,40.75609970
32805,-111.8943024,40.75619888
24930,-73.9850006,40.75619888
24835,-73.9715910,40.75633200
24945,-73.9718857,40.75640106
32829,-111.8960250,40.75643700
24841,-73.9838290,40.75657300
24986,-73.9841995,40.75659943
32791,-111.8952103,40.75669861
25015,-73.9808273,40.75674438
22354,-96.6398010,40.75680161
24924,-73.9888000,40.75680161
24968,-73.9843979,40.75680161
25036,-73.9738998,40.75699997
24622,-73.4997025,40.75699997
25035,-73.9741974,40.75709915
32809,-111.8909149,40.75729370
24858,-73.9980011,40.75730133
24882,-73.9834824,40.75734329
14162,-86.3165436,40.75737762
25044,-73.9886017,40.75749969
24886,-73.9699020,40.75749969
26046,-84.0798187,40.75778198
23011,-74.1819000,40.75799942
24973,-73.9754028,40.75799942
24840,-73.9650400,40.75816800
24959,-73.9858017,40.75820160
24964,-73.9655991,40.75830078
32823,-111.8914032,40.75839996
23301,-74.0260010,40.75839996
32843,-111.8954010,40.75849915
26074,-82.5198975,40.75880051
24987,-73.9833984,40.75880051
24977,-73.9670029,40.75889969
32827,-111.8294983,40.75910187
25033,-73.9853290,40.75924700
24545,-73.8335037,40.75939941
24550,-73.8317032,40.75949860
32812,-111.8994980,40.75960159
24994,-73.9844971,40.75960159
24932,-73.9731979,40.75989914
24860,-73.9857025,40.76029968
24857,-73.9583969,40.76029968
26047,-84.1439972,40.76050186
24900,-73.9692993,40.76050186
24546,-73.8340988,40.76050186
24888,-73.9848023,40.76060104
24952,-73.9701004,40.76060104
32800,-111.8949966,40.76070023
24967,-73.9870987,40.76070023
24320,-73.7661972,40.76070023
25024,-73.9850006,40.76089859
32796,-111.8685989,40.76100159
24922,-73.9868630,40.76108800
24855,-73.9876022,40.76129913
24965,-73.9823990,40.76129913
24847,-73.9847031,40.76150131
24902,-73.9805985,40.76150131
24321,-73.7618942,40.76158142
25038,-73.9775009,40.76200104
24621,-73.5503082,40.76216888
24904,-73.9717026,40.76219940
24923,-73.9788971,40.76229858
24982,-73.9745026,40.76240158
25006,-73.9820023,40.76250076
24870,-73.9749985,40.76259995
32837,-111.8981018,40.76269913
24975,-73.9834976,40.76269913
24914,-73.9859390,40.76277924
25056,-73.4233017,40.76290131
25039,-73.9862976,40.76300049
25020,-73.9801025,40.76309967
32815,-111.8939972,40.76350021
23119,-74.0483017,40.76399994
24846,-73.9828033,40.76399994
25041,-73.9810028,40.76409912
24839,-73.9750420,40.76416500
25023,-73.9691009,40.76430130
25010,-73.9922028,40.76440048
24866,-73.9773026,40.76440048
32825,-111.8882980,40.76449966
24980,-73.9810028,40.76449966
24950,-73.9777985,40.76449966
24837,-73.9637200,40.76459100
24919,-73.9746018,40.76459885
32819,-111.8917007,40.76480103
24997,-73.9748993,40.76509857
24917,-73.9703980,40.76509857
25022,-73.9719610,40.76528100
25003,-73.9793014,40.76530075
22364,-96.6999893,40.76586151
14286,-87.1243973,40.76589966
24953,-73.9694977,40.76589966
25007,-73.9869995,40.76620102
24823,-73.9336014,40.76630020
12389,-95.3846970,40.76649475
32851,-111.8625800,40.76654700
24983,-73.9688034,40.76670074
14116,-87.4380035,40.76729965
25242,-73.8663240,40.76748100
24481,-73.8666000,40.76750183
32826,-111.8939972,40.76770020
24939,-73.9841003,40.76800156
24926,-73.9875031,40.76850128
24482,-73.8681030,40.76860046
25027,-73.9813003,40.76879883
32840,-111.8946370,40.76946600
24480,-73.8765945,40.76991653
26050,-84.1654816,40.77002716
24483,-73.8703003,40.77009964
3684,-124.1904221,40.77093124
32832,-111.9529037,40.77109909
32803,-111.9104996,40.77118301
32792,-111.9527969,40.77140045
32830,-111.9479680,40.77163700
32788,-111.9507880,40.77173700
32798,-111.9517593,40.77178574
26068,-82.5514984,40.77198410
26070,-82.4004669,40.77256775
32807,-112.0221024,40.77310181
32820,-111.8987198,40.77315903
26075,-82.5520401,40.77331161
32847,-112.0188217,40.77339172
32816,-112.0136032,40.77339935
32822,-112.0081024,40.77339935
23120,-74.0414887,40.77398682
23122,-74.0391998,40.77429962
32810,-112.0224991,40.77460098
32789,-112.0216827,40.77460098
25211,-73.4763031,40.77460098
13449,-89.6749490,40.77480500
32797,-112.0233078,40.77500534
24957,-73.9639969,40.77539825
32835,-112.0243650,40.77616300
26071,-82.5904007,40.77619934
27759,-76.2253037,40.77629852
26077,-82.4465179,40.77712250
26485,-81.9300003,40.77719879
22349,-96.7039032,40.77750015
26488,-81.9422836,40.77853012
3680,-124.1875000,40.77890015
13691,-87.7437973,40.77899933
27758,-76.2265015,40.77920151
24905,-73.9544983,40.77980042
28336,-77.8391037,40.78010178
26072,-82.5903015,40.78150177
24979,-73.9770966,40.78269958
24898,-73.9729004,40.78269958
24954,-73.9795990,40.78369904
28345,-77.8451157,40.78413391
25302,-73.1094971,40.78450012
24662,-73.1995010,40.78459930
23227,-74.0474320,40.78485107
28350,-77.8351974,40.78530121
25209,-73.4459992,40.78530121
25057,-73.4200974,40.78570175
28346,-77.8375015,40.78599930
23219,-74.0425034,40.78599930
23226,-74.0429993,40.78649902
32802,-111.9375992,40.78689957
27514,-80.2901001,40.78730011
23077,-74.4709015,40.78779984
23222,-74.0434036,40.78789902
32799,-111.9403992,40.78810120
23224,-74.0457993,40.78850174
26045,-84.0307770,40.78886414
23220,-74.0441971,40.78979874
3689,-124.1792650,40.79037700
28333,-77.8643036,40.79140091
22495,-97.5978012,40.79209900
23079,-74.4338760,40.79253006
23078,-74.4860992,40.79259872
24890,-73.9719009,40.79299927
23225,-74.0604019,40.79320145
28337,-77.8582993,40.79349899
24974,-73.9726028,40.79349899
23221,-74.0711975,40.79470062
26113,-81.5236969,40.79520035
26487,-81.9064102,40.79530716
26482,-81.9057922,40.79619980
13447,-89.6111984,40.79669952
23057,-74.3503037,40.79700470
25210,-73.4674988,40.79710007
25664,-81.3749008,40.79719925
23228,-74.0643005,40.79740143
23229,-74.0667038,40.79769897
28344,-77.8711014,40.79840088
26481,-81.9377975,40.79850006
23080,-74.4530029,40.79880142
23223,-74.0650635,40.79888153
27596,-81.3824340,40.79991600
3681,-124.1745987,40.80080032
25306,-73.6522980,40.80120087
25043,-73.9661026,40.80160141
3694,-124.1694489,40.80239868
28335,-77.8806992,40.80279922
28348,-77.8799973,40.80300140
28343,-77.8833390,40.80306300
3693,-124.1574020,40.80400085
3690,-124.1560822,40.80413818
3691,-124.1510010,40.80469894
3683,-124.1477966,40.80469894
3687,-124.1531525,40.80487061
3682,-124.1596832,40.80517960
25376,-73.2661972,40.80609894
22968,-74.0767975,40.80659866
27946,-79.4907074,40.80678558
24610,-73.2263031,40.80739975
28339,-77.8355026,40.80799866
24433,-73.2941971,40.80810165
28341,-77.8350983,40.80860138
24611,-73.1629028,40.80960083
23062,-74.1027908,40.81000137
23061,-74.1035995,40.81019974
13039,-89.5220850,40.81022000
22346,-96.7025986,40.81100082
22964,-74.3882217,40.81164169
27945,-79.5349808,40.81266022
25523,-73.4860992,40.81280136
22936,-74.0640030,40.81290054
25300,-73.1026993,40.81340027
23305,-74.2437973,40.81349945
22373,-96.7570724,40.81356430
22370,-96.7551804,40.81361771
23215,-74.1090012,40.81370163
14389,-85.8365021,40.81399918
23310,-74.3975983,40.81399918
12009,-91.1700974,40.81420135
25521,-73.4775009,40.81420135
22358,-96.7083969,40.81430054
23309,-74.3986969,40.81460190
28342,-77.8976974,40.81470108
22351,-96.7063980,40.81480026
25522,-73.4744492,40.81494904
24434,-73.2716675,40.81562042
28349,-77.8990021,40.81589890
27944,-79.5408707,40.81597519
25403,-73.5018997,40.81600189
13841,-84.9372180,40.81645700
28338,-77.9001007,40.81790161
24634,-73.0201034,40.81859970
12015,-91.1386108,40.81956482
12013,-91.1410675,40.81962204
12011,-91.1418991,40.82009888
28309,-76.8522034,40.82068253
22496,-97.5927277,40.82199860
25054,-72.9974976,40.82199860
12010,-91.1397018,40.82210159
23023,-74.8352966,40.82249832
28351,-77.8986969,40.82350159
22493,-97.5915451,40.82379913
22498,-97.5978012,40.82389832
28334,-77.8929977,40.82400131
25643,-82.9738007,40.82410049
24612,-73.2139969,40.82429886
12012,-91.1417999,40.82469940
22967,-74.0914993,40.82540131
22965,-74.0914993,40.82550049
24529,-73.0208969,40.82580185
22497,-97.5972977,40.82640076
26425,-83.2807007,40.82759857
14172,-85.3566208,40.82825470
24648,-73.4195023,40.82849884
23313,-74.4316177,40.82855225
22935,-74.0808029,40.82880020
25559,-82.2314987,40.82979965
23312,-74.4336014,40.83010101
22952,-74.1484222,40.83420563
23919,-115.7606964,40.83440018
22951,-74.1488953,40.83476639
23311,-74.4478989,40.83660126
25667,-81.3864975,40.83760071
26426,-83.2437897,40.83796692
22350,-96.7378006,40.83810043
22357,-96.7052994,40.83919907
22348,-96.7391205,40.83980179
23910,-115.7540970,40.84009933
25662,-81.4639969,40.84009933
22343,-96.6557007,40.84059906
23168,-74.4542007,40.84109879
22356,-96.6837006,40.84220123
22362,-96.7398780,40.84236300
24499,-73.5344009,40.84249878
22369,-96.6848755,40.84256363
22363,-96.7371826,40.84416199
27578,-79.9179764,40.84427643
22353,-96.7400971,40.84439850
23922,-115.7501984,40.84460068
23909,-115.7494965,40.84500122
22367,-96.7382813,40.84580612
27580,-79.9122009,40.84680176
23174,-74.4613037,40.84740067
23917,-115.7473800,40.84844600
23076,-74.4721985,40.84849930
23209,-74.0203018,40.84889984
23907,-115.7464981,40.84899902
27576,-79.9024963,40.85153961
26484,-81.9477005,40.85179901
22345,-96.6752091,40.85419846
22352,-96.6799011,40.85490036
28310,-76.8389969,40.85559845
22360,-96.6818314,40.85569000
26215,-81.4199295,40.85570145
26216,-81.4349976,40.85689926
22368,-96.6784973,40.85699844
25557,-82.2434006,40.85739899
25562,-82.2633591,40.85761261
22374,-96.6433029,40.85779953
25660,-81.4177017,40.85779953
25663,-81.4180985,40.85820007
26219,-81.4336014,40.85869980
23171,-74.3640518,40.85938263
23027,-74.0673981,40.85969925
32663,-111.9204025,40.86059952
23173,-74.4143982,40.86059952
23172,-74.3724136,40.86109161
23916,-115.7359009,40.86109924
23014,-73.9757996,40.86109924
25561,-82.3168000,40.86180000
23175,-74.4139023,40.86209869
23170,-74.3787003,40.86209869
25661,-81.4296036,40.86320114
23012,-73.9738998,40.86330032
27919,-75.7378082,40.86368561
32904,-111.9018160,40.86412500
32902,-111.8992004,40.86420059
32903,-111.9020996,40.86460114
22347,-96.6821976,40.86470032
23246,-74.0481000,40.86600000
23915,-115.7287979,40.86769867
23005,-74.3081970,40.86940002
23166,-74.4237976,40.87120056
23026,-74.0621033,40.87210083
22494,-97.5929031,40.87329865
13469,-88.6351013,40.87369919
23167,-74.4231033,40.87440109
23273,-74.0062027,40.87480164
23003,-74.2997971,40.87630081
23007,-74.2986984,40.87779999
23165,-74.4471970,40.87850189
22905,-74.7404000,40.87900000
26214,-81.4319000,40.88119888
26218,-81.4029170,40.88160000
26428,-84.5830002,40.88190079
13470,-88.6669846,40.88255310
23001,-73.9852982,40.88349915
25379,-72.3962021,40.88410187
22466,-97.1019974,40.88470078
22366,-96.6799011,40.88529968
27579,-79.9029007,40.88570023
3191,-121.6559950,40.88641400
24404,-73.1008987,40.88700104
3192,-121.6550640,40.88740900
22906,-74.7198000,40.89066000
23004,-74.2697983,40.89120102
25619,-83.8640976,40.89239883
23287,-74.2241974,40.89260101
23006,-74.2727966,40.89310074
25618,-83.8700790,40.89315414
22300,-98.3395996,40.89550018
25104,-73.7847977,40.89609909
22303,-98.3396988,40.89659882
25553,-81.1606674,40.89666748
2924,-124.0828200,40.89990500
23081,-74.6341019,40.90079880
2922,-124.0834427,40.90142822
2925,-124.0913010,40.90144348
2921,-124.0835037,40.90190125
25555,-81.1468964,40.90190125
25554,-81.1383972,40.90190125
23212,-74.5457993,40.90200043
2926,-124.0832977,40.90259933
23217,-74.0951996,40.90280151
23216,-74.1010971,40.90309906
2923,-124.0816193,40.90321350
23082,-74.6358032,40.90349960
23218,-74.0975800,40.90698242
22304,-98.3395996,40.90810013
23022,-74.0329971,40.90869904
23100,-74.7229004,40.90999985
32545,-111.3664000,40.91580000
22294,-100.1669006,40.91730118
23210,-74.0850449,40.91790390
25262,-72.7203980,40.91859818
13132,-90.3069000,40.91870117
23274,-73.9645996,40.92219925
13329,-90.6407013,40.92369843
22298,-98.3847810,40.92389600
23002,-74.0939026,40.92679977
23161,-74.0711490,40.93503000
22296,-98.3840866,40.93790436
28055,-77.7852020,40.94160080
23300,-74.2493973,40.94219971
13125,-90.3299026,40.94300079
25464,-72.8200989,40.94469833
13130,-90.3367004,40.94660187
4519,-124.0838013,40.94680023
25221,-73.0693970,40.94729996
22302,-98.3851242,40.94823456
25982,-75.9637830,40.95077500
27996,-76.8876190,40.95088959
22297,-98.3874969,40.95240021
23211,-74.4958649,40.95596695
27873,-75.9749985,40.95824051
27871,-75.9915008,40.95949936
26423,-81.4642990,40.96101800
26424,-81.4662170,40.96148682
27995,-76.8927231,40.96152878
24222,-117.7453820,40.96234400
14287,-87.1351013,40.96340179
22955,-75.0411987,40.96450043
24221,-117.7434006,40.96549988
24225,-117.7432022,40.96609879
24224,-117.7420044,40.96625137
24216,-117.7425995,40.96699905
24217,-117.7404022,40.96889877
24218,-117.7400970,40.96950150
12318,-91.5385971,40.97389984
13126,-90.3836823,40.97396469
13129,-90.3816986,40.97399902
13127,-90.3899994,40.97499847
26347,-80.6616974,40.97539902
24227,-117.7260895,40.97747421
28355,-75.1880035,40.97880173
25540,-81.4875031,40.97909927
12319,-91.5395813,40.97914505
27662,-75.1433029,40.97919846
27657,-76.6308975,40.98160172
28422,-76.0240936,40.98180771
25543,-81.5464730,40.98301400
28356,-75.1955032,40.98400116
25542,-81.4927979,40.98429871
28354,-75.1943970,40.98550034
27993,-76.8805008,40.98590088
25307,-73.6736984,40.98640060
27868,-75.9814987,40.98740005
28090,-80.3150635,40.98772812
25546,-81.4888992,40.98839951
27691,-75.1716003,40.99020004
25548,-81.4921036,40.99050140
27660,-76.6383972,40.99430084
27656,-76.6410675,40.99507141
27659,-76.6567001,40.99539948
3711,-121.4453980,41.00089000
27636,-78.3842200,41.00364000
12057,-93.2920990,41.00529861
12210,-91.9983978,41.00650024
12207,-91.9867020,41.00650024
25309,-73.6903000,41.00849915
25620,-80.6344986,41.01050186
25607,-76.4068420,41.01307400
27510,-75.2888000,41.01350000
7639,-73.6335983,41.01449966
27551,-76.4871445,41.01530075
25504,-73.7176971,41.01570129
28313,-75.1991800,41.01760000
25503,-73.7247009,41.01919937
12350,-93.7787018,41.02109909
12363,-92.4204025,41.02349854
26267,-80.6327972,41.02550125
12381,-95.2221985,41.02650070
27552,-76.4372025,41.02719879
12353,-93.7888970,41.02727400
13700,-89.0513992,41.02740097
12352,-93.7888031,41.02750015
25502,-73.7622986,41.02920151
26346,-81.9083023,41.02999878
25501,-73.7608032,41.02999878
25500,-73.7730630,41.03055900
27633,-78.4284973,41.03120041
25077,-71.9486008,41.03200150
7640,-73.6258600,41.03210000
13915,-85.2553024,41.03250122
28057,-77.5195007,41.03255463
13906,-85.2553177,41.03283310
25506,-73.7656300,41.03286000
27676,-75.9773026,41.03419876
26345,-81.8692017,41.03440094
13903,-85.2576981,41.03459930
25505,-73.7702026,41.03480148
7785,-73.5778198,41.03495026
13911,-85.2493973,41.03509903
26431,-81.7325974,41.03509903
13913,-85.2487030,41.03540039
27548,-75.5081000,41.03670000
26344,-81.8684998,41.03696823
27632,-78.3967667,41.03842163
28359,-75.3062515,41.04000854
13922,-85.2422028,41.04029846
25920,-83.6750336,41.04044724
23380,-74.0733032,41.04240036
25308,-73.6859970,41.04299927
23164,-74.0641022,41.04330063
7807,-73.5609970,41.04399872
7806,-73.5512009,41.04410172
7812,-73.5598679,41.04466629
23201,-74.1160965,41.04589844
26471,-82.7157974,41.04660034
28092,-76.8736649,41.04680252
28358,-75.3214035,41.04769897
12114,-94.3736496,41.04877090
26395,-83.1703033,41.04899979
24523,-73.8127975,41.05120087
25921,-83.6177979,41.05229950
14303,-86.2171020,41.05260086
24522,-73.8159027,41.05310059
25928,-83.6084976,41.05329895
7808,-73.5391006,41.05329895
7804,-73.5297012,41.05490112
12362,-92.4098968,41.05550003
28093,-76.8815002,41.05630112
12367,-92.4098760,41.05797200
26396,-83.1689987,41.05839920
25924,-83.6706009,41.05979919
25925,-83.6709976,41.06000137
7811,-73.5375977,41.06019974
25426,-73.8329010,41.06060028
25425,-73.8621979,41.06100082
25926,-83.6654053,41.06148911
25923,-83.6688995,41.06219864
25927,-83.6622772,41.06233597
22258,-102.0745000,41.06260000
25424,-73.8442001,41.06349945
25535,-81.4300003,41.06430054
12364,-92.4107971,41.06460190
23117,-74.7995000,41.06600000
23202,-74.1332016,41.06679916
25423,-73.8454971,41.06840134
7809,-73.5489320,41.06939200
26498,-80.6772995,41.07009888
28430,-75.7018967,41.07040024
24524,-73.8169632,41.07081604
23203,-74.1405640,41.07102203
25073,-71.9340973,41.07149887
7614,-73.4778900,41.07181931
23200,-74.1408005,41.07210159
13917,-85.2211990,41.07440186
28300,-75.3365021,41.07519913
13914,-85.1389008,41.07690048
13210,-87.8649030,41.07884100
25539,-81.5160980,41.08039856
32586,-111.9776993,41.08319855
32588,-111.9825974,41.08380127
32587,-111.9833984,41.08489990
32589,-111.9842987,41.08499908
32592,-111.9842987,41.08570099
32585,-111.9841003,41.08639908
23064,-74.1568985,41.08720016
32590,-111.9879990,41.08860016
23065,-74.1439972,41.08860016
25095,-73.9943771,41.09069824
25151,-73.9353943,41.09378815
25150,-73.9330978,41.09389877
26397,-83.2026672,41.09453201
36212,-104.8526688,41.09821701
23063,-74.1625977,41.09939957
28255,-75.3589780,41.10005200
25097,-74.0226330,41.10051100
22306,-96.2525482,41.10105896
25096,-74.0279236,41.10263062
22393,-100.7677994,41.10390091
25580,-80.7671970,41.10535000
24212,-114.9614029,41.10570145
25094,-74.0258026,41.10800171
22399,-100.7648163,41.10823822
22397,-100.7637253,41.10846710
22389,-100.7636414,41.10862350
26030,-81.3435669,41.10998917
26029,-81.3424988,41.11069870
22392,-100.7626038,41.11299896
13036,-88.4123001,41.11299896
22404,-101.7140427,41.11309433
25401,-74.1136017,41.11510086
22470,-102.9475021,41.11579895
22267,-97.9977417,41.11586380
22403,-101.7109756,41.11598587
22401,-101.7166977,41.11640167
22405,-101.7129974,41.11640167
7762,-73.4076996,41.11640167
22473,-102.9471250,41.11669800
36217,-104.8086014,41.11690140
13921,-85.1799011,41.11690140
36219,-104.8544006,41.11700058
13920,-85.1815230,41.11745700
22407,-101.7154007,41.11750031
24295,-73.7087402,41.11834717
25400,-74.1140976,41.11890030
13209,-87.8494034,41.11899948
22391,-100.7634277,41.11963654
28085,-75.3533000,41.11980000
22395,-100.7640810,41.12055300
22396,-100.7639389,41.12122345
26504,-80.7647100,41.12183700
26501,-80.7680969,41.12189865
36213,-104.8409958,41.12267685
22454,-101.3712006,41.12269974
26497,-80.7682037,41.12279892
22472,-103.0152969,41.12319946
13923,-85.1537018,41.12329865
25839,-81.4833984,41.12350082
25581,-80.7676468,41.12374496
36218,-104.8378983,41.12390137
28082,-75.3703003,41.12400055
36222,-104.8366776,41.12451553
36220,-104.8388700,41.12529300
25579,-80.7647095,41.12553787
36211,-104.8320007,41.12620163
26496,-80.7678986,41.12620163
27678,-78.7526016,41.12620163
28084,-75.3610001,41.12810135
25547,-81.6544970,41.12845400
27679,-78.7516022,41.12960052
25835,-81.6522980,41.13109970
26500,-80.6652985,41.13140106
25836,-81.6527023,41.13150024
25534,-81.6528015,41.13180161
13912,-85.1607971,41.13209915
13908,-85.1594009,41.13230133
13902,-85.1576004,41.13230133
13909,-85.1566009,41.13230133
13900,-85.1513977,41.13230133
13916,-85.1601028,41.13249969
13919,-85.1380005,41.13249969
13899,-85.1399002,41.13259888
28006,-77.4441986,41.13259888
25541,-81.6470032,41.13270187
25550,-81.6203995,41.13280106
25549,-81.6529999,41.13290024
25551,-81.6480102,41.13314056
25538,-81.6442032,41.13330078
25840,-81.4825974,41.13330078
25544,-81.6215973,41.13339996
22394,-100.7504000,41.13470000
36221,-104.8133392,41.13474655
22388,-100.7571259,41.13553619
26132,-81.7698975,41.13579941
25545,-81.6452026,41.13600159
26133,-81.7926025,41.13619995
26131,-81.7975998,41.13740158
27814,-80.1493530,41.14191818
36215,-104.7944000,41.14300000
22398,-100.7619019,41.14350128
22468,-102.9906006,41.14429855
26503,-80.6652985,41.14440155
7761,-73.4263992,41.14680099
7759,-73.4256973,41.14849854
7758,-73.4256973,41.14879990
7760,-73.4255981,41.14939880
26502,-80.6631470,41.15469742
25957,-80.6696014,41.15510178
7722,-73.4998016,41.15510178
22254,-95.9273987,41.15520096
22419,-96.1475983,41.15779877
22257,-95.9397965,41.15890121
22255,-95.9440002,41.15900040
36214,-104.8061981,41.15980148
22436,-96.1395798,41.16241455
25642,-79.0963820,41.16296600
22412,-96.1402741,41.16416550
22256,-95.9252014,41.16419983
12812,-87.8495026,41.16439819
28424,-80.4469986,41.16970062
28425,-80.4478989,41.16999817
12808,-87.8510971,41.17050171
12810,-87.8509979,41.17179871
12809,-87.8508987,41.17190170
28476,-71.5556430,41.17236100
27571,-79.0980377,41.17369080
27572,-79.0983963,41.17499924
13898,-85.1100998,41.17850113
13905,-85.1064987,41.17860031
13924,-85.1103973,41.17869949
7594,-73.1893005,41.17900085
26213,-80.7176743,41.18159103
25929,-83.4209976,41.18249893
27625,-79.3949432,41.18416977
27876,-80.4561005,41.18960190
23070,-74.5434000,41.19090000
28047,-80.2406845,41.20101547
27509,-79.9550018,41.20259857
32667,-111.9701157,41.20344925
28423,-80.4492035,41.20610046
7703,-73.0907974,41.21089935
22446,-96.0817337,41.21133041
22426,-96.0861969,41.21139908
19289,-96.6197430,41.21141100
22435,-96.0794250,41.21153800
7698,-73.0850983,41.21160126
26212,-80.9551849,41.21223068
7702,-73.0897980,41.21279907
22457,-98.4508972,41.21340179
22430,-96.0794983,41.21409988
27634,-79.3847370,41.21420000
13840,-86.4222031,41.21689987
13214,-89.9259033,41.21709824
27624,-79.3751984,41.21730042
26441,-80.7405014,41.21739960
25087,-73.7257996,41.21860123
28438,-75.8846207,41.21966553
28437,-75.8828964,41.22158051
32670,-111.9748001,41.22259903
7699,-73.0767975,41.22259903
32668,-111.9704971,41.22269821
25639,-81.8012390,41.22280884
27622,-79.3674011,41.22320175
22449,-96.0226974,41.22700119
28450,-76.9830246,41.22750092
32666,-112.0096970,41.22760010
28440,-75.8706970,41.22809982
22429,-96.0235977,41.22819901
12104,-95.9051971,41.22840118
22408,-96.0235977,41.22850037
32672,-112.0164032,41.22880173
22432,-96.0216980,41.22880173
12103,-95.8489990,41.22990036
12108,-95.8516810,41.23011800
22444,-96.0224838,41.23026276
12111,-95.8479004,41.23049927
28046,-80.2257004,41.23099899
7704,-73.0462036,41.23189926
22431,-96.1857986,41.23229980
7697,-73.0274963,41.23246765
7700,-73.0444336,41.23274994
28436,-75.9236984,41.23369980
22437,-96.0234909,41.23377991
12112,-95.8793030,41.23500061
14397,-85.8133011,41.23509979
28433,-75.8594971,41.23509979
12099,-95.8764038,41.23540115
22333,-103.6563034,41.23550034
7820,-73.1482010,41.23550034
14399,-85.8116989,41.23630142
26440,-80.8179016,41.23659897
26438,-80.7207031,41.23659897
28448,-77.0043030,41.23690033
12107,-95.9069977,41.23799896
14395,-85.8183975,41.23809814
14398,-85.8234940,41.23813629
12106,-95.8267975,41.23960114
28449,-77.0014038,41.23979950
22420,-96.0249023,41.23989868
12101,-95.9000015,41.24000168
32671,-111.9701820,41.24048100
26387,-81.3507996,41.24069977
26439,-80.8254013,41.24240112
26385,-81.3535995,41.24269867
28435,-75.8795013,41.24359894
32665,-112.0118027,41.24449921
32669,-112.0412979,41.24470139
28442,-75.8815765,41.24632263
28446,-76.9556885,41.24737549
7815,-73.1018982,41.24739838
28445,-76.9662018,41.24919891
28456,-75.8422012,41.25019836
26384,-81.3738022,41.25040054
26199,-81.3645020,41.25049973
26389,-81.3645020,41.25090027
26232,-82.6119995,41.25149918
26383,-81.3662033,41.25210190
26231,-82.6119995,41.25270081
12102,-95.9050674,41.25356293
22423,-95.9287033,41.25500107
22447,-95.9372025,41.25550079
7774,-73.0005035,41.25569916
28444,-75.8220978,41.25690079
22410,-96.0814972,41.25749969
28439,-75.8207016,41.25849915
28434,-75.8200989,41.25910187
22422,-96.0357132,41.25947571
22427,-95.9292984,41.25949860
22439,-96.0193024,41.25960159
22417,-95.9284973,41.25960159
22421,-95.9371033,41.25989914
7794,-73.1400986,41.26010132
22434,-96.0718994,41.26039886
12105,-95.8463974,41.26169968
12109,-95.9024735,41.26176071
7793,-73.1367035,41.26210022
22413,-96.0484467,41.26290512
26000,-81.5056000,41.26309967
22445,-96.0940933,41.26343536
22425,-96.0632019,41.26350021
22428,-95.9310989,41.26359940
36267,-110.9911530,41.26372300
36265,-110.9768620,41.26376300
36263,-110.9729004,41.26380157
36264,-110.9766006,41.26390076
22409,-96.0857010,41.26599884
26302,-81.6288452,41.26604080
22418,-96.0820999,41.26630020
26300,-81.6287994,41.26630020
22442,-96.0520020,41.26710129
26233,-82.6108551,41.26729965
7842,-72.9754028,41.26969910
22424,-95.9356190,41.26984300
36262,-110.9608231,41.26990891
36268,-110.9544820,41.27099200
26301,-81.6277389,41.27444458
7791,-73.1195984,41.27590179
7792,-73.1219025,41.27719879
7844,-72.9393997,41.28089905
12022,-95.9181366,41.28161240
22441,-95.9098282,41.28178024
7772,-72.3510971,41.28369904
12023,-95.9177017,41.28419876
16363,-70.0994410,41.28474600
7624,-72.8768997,41.28519821
25575,-81.3618012,41.28710175
7769,-72.4034576,41.28722382
7773,-72.4178009,41.28799820
22414,-96.0753250,41.28807831
22433,-96.0746994,41.28850174
7731,-72.9289017,41.28879929
26236,-82.2175980,41.29216766
7592,-72.7879140,41.29257700
12358,-92.6234436,41.29388428
13419,-89.0098038,41.29460144
36346,-105.5891610,41.29463700
7728,-72.9190979,41.29510117
13418,-89.0756607,41.29536819
26064,-81.5145035,41.29589844
12354,-92.6653290,41.29604721
26065,-81.5181046,41.29867172
28009,-81.5143170,41.29933700
25874,-84.3609009,41.30459976
7730,-72.9298019,41.30500031
28248,-75.7645035,41.30580139
12446,-91.7134240,41.30654800
36340,-105.6155014,41.30680084
36341,-105.5520172,41.30748367
7723,-72.9321976,41.30879974
36345,-105.6119003,41.30910110
25872,-84.3635025,41.30918121
4715,-122.3169022,41.30939865
25873,-84.3630981,41.31119919
26421,-81.4481201,41.31211472
26390,-81.8043976,41.31299973
36350,-105.5927658,41.31322098
25573,-81.3441696,41.31640625
4716,-122.3175720,41.31753500
7768,-72.3598328,41.31769943
26166,-82.6138910,41.31980700
25574,-81.3518982,41.31990051
26165,-82.6172028,41.32369995
28247,-75.7897034,41.32555771
36342,-105.6094208,41.32572937
26420,-81.4502029,41.32590103
26164,-82.6187973,41.32600021
26163,-82.6198959,41.32737732
36348,-105.6096740,41.32885400
36343,-105.6100006,41.33000183
16365,-69.9968033,41.33000183
25738,-81.8370150,41.33090600
26167,-82.6241989,41.33229828
28246,-75.7323990,41.33629990
12270,-93.1097031,41.33660126
25906,-82.1179890,41.33783900
7733,-72.9737310,41.34010600
12491,-94.0030823,41.34057236
7650,-72.0588226,41.34165192
28073,-75.6974029,41.34939957
25224,-74.6800003,41.35180283
12244,-93.5729000,41.35230000
13752,-85.0485992,41.35269928
28030,-74.7139969,41.35660172
7748,-72.2101974,41.35680008
7743,-72.0957031,41.35680008
7746,-72.2102966,41.35850143
7649,-72.0625000,41.35850143
27817,-75.3786697,41.35919952
13462,-89.1278000,41.35929871
7747,-72.2105484,41.35945892
7751,-72.2064972,41.35969925
7749,-72.2098160,41.35980000
12373,-92.8808975,41.36009979
14276,-86.3286133,41.36110687
7654,-72.0712891,41.36148453
13751,-85.0719605,41.36206436
13461,-89.1276016,41.36230087
7712,-71.9723000,41.36260000
13755,-85.0787820,41.36376300
7652,-72.0273972,41.36380005
25938,-83.1458969,41.36410141
28305,-75.7026977,41.36470032
13753,-85.0802994,41.36500168
13754,-85.0803833,41.36531830
13750,-85.0800018,41.36600113
26151,-81.8248978,41.36690140
7656,-72.0703430,41.36721039
13463,-89.1328430,41.36736298
28074,-75.7149124,41.36755753
7648,-72.0653992,41.36769867
7744,-72.1154022,41.36890030
26158,-81.8246994,41.37060165
26154,-81.8247986,41.37070084
26152,-81.8249969,41.37080002
7739,-72.1151962,41.37139893
7646,-72.0718002,41.37160110
26155,-81.8242035,41.37179947
7710,-71.9589005,41.37229919
7708,-71.9604034,41.37289810
28302,-75.6845856,41.37329102
7655,-72.0490036,41.37340164
13435,-88.8291244,41.37343979
25630,-83.6234970,41.37379837
25626,-83.6305008,41.37440109
25629,-83.6262970,41.37440109
26156,-81.8230972,41.37440109
28304,-75.6797104,41.37451553
26157,-81.8228989,41.37459946
25627,-83.6311569,41.37480927
26153,-81.8247986,41.37530136
7711,-71.9594040,41.37557602
26150,-81.8242874,41.37580109
7705,-71.9590988,41.37609863
25935,-83.1164856,41.37675095
7840,-72.1296997,41.37720108
7707,-71.9589996,41.37728119
7713,-71.9564972,41.37839890
13430,-88.8378982,41.37870026
13431,-88.8039017,41.38180161
26625,-82.5131190,41.38221300
7609,-73.4747009,41.38349915
13333,-88.4238968,41.38399887
25903,-82.1168976,41.38479996
7611,-73.5149994,41.38700104
7603,-73.4948120,41.38801956
7612,-73.4781876,41.38855743
25902,-82.1169815,41.38858414
7610,-73.5161972,41.38909912
16140,-70.5120010,41.38999939
7604,-73.5403976,41.39080048
7607,-73.4661026,41.39089966
25901,-82.1164017,41.39130020
16139,-70.5194015,41.39141083
16143,-70.5077972,41.39170074
13331,-88.4244995,41.39229965
26337,-82.6493301,41.39241409
13332,-88.4236984,41.39279938
25725,-81.6495972,41.39419937
26014,-81.6492996,41.39419937
26015,-81.6494980,41.39440155
6488,-122.3733978,41.39559937
12377,-92.8901977,41.39559937
28301,-75.6507340,41.39561462
26363,-81.4636993,41.39569855
26324,-82.6516037,41.39580154
26013,-81.6491013,41.39599991
26362,-81.4636993,41.39609909
13475,-89.4684982,41.39680099
26339,-82.6527023,41.39699936
25744,-81.4669000,41.39742100
27761,-79.8342972,41.39839935
26319,-82.6539993,41.39849854
25897,-82.1087036,41.40050125
25899,-82.1173096,41.40061188
13589,-89.7002029,41.40079880
26011,-81.6484985,41.40079880
7754,-72.8504028,41.40090179
28330,-78.5609970,41.40110016
25898,-82.1177902,41.40119934
22262,-99.6300964,41.40169907
28331,-78.5607681,41.40205765
26012,-81.6541977,41.40240097
26016,-81.6548996,41.40250015
26007,-81.6539993,41.40259933
26009,-81.6545029,41.40290070
13476,-89.4700012,41.40309906
25631,-81.8135986,41.40349960
25633,-81.8137970,41.40380096
11992,-94.9856033,41.40399933
25632,-81.8126984,41.40399933
25900,-82.1138153,41.40401459
26316,-82.6603012,41.40430069
26321,-82.6601028,41.40439987
28307,-75.6621018,41.40570068
7613,-73.4202042,41.40582657
28306,-75.6635971,41.40589905
27762,-79.7452011,41.40650177
25936,-83.1004868,41.40664291
26340,-82.6632080,41.40745926
7605,-73.4167023,41.40750122
25743,-81.8360977,41.40769958
26197,-84.1324005,41.40999985
26334,-82.6657944,41.41011810
26010,-81.6406021,41.41049957
26195,-84.1336975,41.41149902
26429,-82.3650971,41.41170120
26224,-81.9086990,41.41379929
27682,-75.6018982,41.41450119
25556,-82.2091820,41.41519100
12369,-92.9498596,41.41530228
26226,-81.9012985,41.41569901
26221,-81.8972015,41.41569901
7585,-73.3842011,41.41590118
26225,-81.8962021,41.41619873
26222,-81.8955994,41.41619873
7582,-73.4004974,41.41650009
7657,-72.9038010,41.41820145
25721,-81.7928009,41.41839981
27867,-75.0922000,41.41846000
25724,-81.8115006,41.41849899
25635,-81.7579575,41.41889954
27954,-75.2558975,41.41939926
26320,-82.6769180,41.42071533
6487,-122.3934700,41.42367400
13327,-87.7575989,41.42390060
26325,-82.7114029,41.42580032
13328,-87.7846451,41.42631912
13326,-87.7474976,41.42689896
26330,-82.6828995,41.42720032
26322,-82.6822128,41.42750168
25730,-81.8079987,41.43080139
26335,-82.6873100,41.43148200
26328,-82.6881027,41.43230057
26442,-81.5262146,41.43471527
27683,-75.6200027,41.43510056
22277,-97.3255005,41.43546677
22278,-97.3681869,41.43606186
25736,-81.8010025,41.43780136
12321,-91.0311279,41.43842697
22275,-97.3211975,41.43870163
27681,-75.6178131,41.43872833
26443,-81.5259171,41.44013214
25731,-81.8005981,41.44020081
14275,-86.3114014,41.44060135
26333,-82.6800995,41.44160080
26327,-82.6823959,41.44206619
26323,-82.6823730,41.44212341
26318,-82.6859817,41.44228363
26317,-82.6886978,41.44260025
14115,-85.2331085,41.44505310
25059,-74.3621979,41.44520187
25058,-74.3648987,41.44649887
26336,-82.6968308,41.44653320
25060,-74.3609009,41.44729996
22289,-96.4979477,41.45013046
27669,-75.6364975,41.45080185
14114,-85.2493973,41.45100021
22288,-96.4796800,41.45126300
22286,-96.4818268,41.45143890
12322,-91.0326996,41.45199966
22287,-96.4782028,41.45220184
13323,-90.4992981,41.45479965
13317,-90.4990006,41.45510101
25586,-81.4891320,41.45536500
25590,-81.4884033,41.45709991
13322,-90.5037520,41.45714300
25588,-81.4886017,41.45809937
25585,-81.4937973,41.45959854
25584,-81.4881973,41.45959854
13320,-90.4990997,41.46139908
25587,-81.4940033,41.46139908
25589,-81.4942017,41.46210098
12327,-91.0323944,41.46228790
12323,-91.0332031,41.46279907
26463,-81.9511032,41.46360016
25061,-74.3719864,41.46373749
25062,-74.3706894,41.46396637
13315,-90.5005035,41.46400070
26462,-81.9487280,41.46416000
13325,-90.5013810,41.46428700
25583,-81.4942017,41.46429825
13318,-90.4990997,41.46590042
14182,-87.3258972,41.46599960
14181,-87.3258972,41.46609879
14187,-87.3263016,41.46680069
14180,-87.3258972,41.46689987
14378,-87.1249008,41.46689987
14189,-87.3199005,41.46780014
14185,-87.3200820,41.46808900
14178,-87.3195038,41.46810150
14183,-87.3198013,41.46969986
26464,-81.9476013,41.47029877
14383,-87.0259018,41.47040176
14376,-87.2124023,41.47060013
26465,-81.9508972,41.47060013
14186,-87.3314972,41.47159958
28303,-75.6264801,41.47248459
14188,-87.3308029,41.47340012
25114,-74.0157800,41.47380000
26461,-81.8982010,41.47399902
26466,-81.9001007,41.47409821
14179,-87.3244019,41.47570038
27628,-75.6834030,41.47620010
27627,-75.6847000,41.47750092
27629,-75.6856003,41.47944260
7830,-72.7729034,41.48089981
27865,-75.1827830,41.48162600
7829,-72.7723007,41.48239899
14380,-87.0269012,41.48289871
13038,-90.4062500,41.48374176
7821,-72.0999985,41.48600006
28535,-71.3118973,41.48640060
7797,-73.1603012,41.48649979
2818,-120.5425034,41.48659897
27626,-75.6904373,41.48685074
13501,-90.5702972,41.48720169
28538,-71.3155975,41.48749924
28525,-71.3097000,41.48770142
28526,-71.3276977,41.48799896
2820,-120.5423965,41.48809814
25105,-74.0779572,41.48812103
14311,-87.4689026,41.48820114
28549,-71.3137970,41.48839951
28552,-71.3112030,41.48870087
28542,-71.3136978,41.48929977
27635,-75.7101290,41.48976900
14312,-87.4759160,41.49058200
28498,-71.2852020,41.49060059
28532,-71.3173981,41.49079895
28529,-71.3159027,41.49089813
32521,-112.0152130,41.49217224
7823,-72.0960007,41.49259949
13195,-88.1644974,41.49409866
13197,-88.1663971,41.49430084
11954,-94.6434021,41.49639893
25729,-81.6810989,41.49639893
25742,-81.6943970,41.49729919
25739,-81.6883011,41.49779892
25741,-81.6887970,41.49869919
25740,-81.6948013,41.49969864
27870,-75.0999000,41.49970000
25732,-81.6887970,41.50009918
25746,-81.6837006,41.50040054
26282,-82.9679031,41.50050354
25737,-81.6939011,41.50080109
25735,-81.6912003,41.50090027
7766,-72.0952988,41.50149918
25728,-81.6890030,41.50249863
25726,-81.6858978,41.50270081
13291,-87.7404022,41.50400162
25115,-74.0697021,41.50439835
12431,-94.3170319,41.50464249
12445,-95.2221832,41.50474167
25112,-74.0742493,41.50513840
13969,-87.3161468,41.50519943
25113,-74.0727005,41.50529861
25734,-81.6901016,41.50630188
25084,-74.2143021,41.50719833
28518,-71.3112030,41.50809860
26278,-82.8629990,41.50820160
25727,-81.6080017,41.51089859
26277,-82.8967972,41.51240158
28536,-71.3175270,41.51255100
26275,-82.9156647,41.51378250
28495,-71.3018189,41.51401520
13198,-88.1246033,41.51430130
26274,-82.9195023,41.51430130
28493,-71.3013992,41.51430130
26283,-82.9207001,41.51440048
26370,-82.9151001,41.51480103
26276,-82.9151993,41.51490021
13202,-88.1224976,41.51520157
13204,-88.1218033,41.51530075
25111,-74.0858002,41.51810074
7692,-72.7629013,41.51850128
12429,-94.3109970,41.52080154
12129,-90.5739975,41.52109909
13191,-88.1866989,41.52109909
13205,-88.1847611,41.52140427
25109,-74.1118393,41.52156067
26129,-81.4489975,41.52199936
12168,-93.6448517,41.52259827
25110,-74.1210022,41.52299881
26279,-82.8590012,41.52489853
7690,-72.7648010,41.52560043
28494,-71.2970962,41.52619934
7693,-72.7683029,41.52659988
24536,-73.8928986,41.52700043
24538,-73.8915024,41.52750015
24534,-73.8974991,41.52870178
28492,-71.2995987,41.52899933
26254,-83.4645386,41.52904510
12157,-93.6446991,41.52920151
26257,-83.4626083,41.52923584
24537,-73.8902741,41.53097916
36286,-109.4696655,41.53112411
22259,-96.1433029,41.53150177
28502,-71.2937927,41.53201294
24535,-73.8979034,41.53469849
36285,-109.4782028,41.53549957
7691,-72.7656021,41.53609848
12150,-93.6443787,41.53621674
7694,-72.7656021,41.53670120
24539,-73.9001999,41.53779984
12155,-93.6432037,41.53789902
22260,-96.1310160,41.53810200
12174,-93.6439972,41.53820038
12154,-93.6446991,41.53870010
12001,-90.5206986,41.53870010
24533,-73.8984985,41.53879929
7835,-72.9934998,41.54010010
12164,-93.6448160,41.54063800
26255,-83.6195984,41.54449844
26252,-83.5938034,41.54589844
25733,-81.4451981,41.54600143
7833,-73.0737991,41.54619980
12311,-95.9186020,41.54639816
26251,-83.5996018,41.54843140
26253,-83.6014023,41.54930115
12125,-90.5233550,41.55098700
7832,-73.0402985,41.55279922
7834,-73.0374985,41.55301666
12002,-90.5174026,41.55329895
12123,-90.5259018,41.55419922
13304,-89.0672989,41.55429840
16162,-70.6220932,41.55454254
13949,-85.7885971,41.55509949
13302,-89.0670013,41.55519867
13642,-87.7956009,41.55559921
7764,-72.1074982,41.55559921
13647,-87.7966461,41.55572128
7763,-72.1179123,41.55586624
13643,-87.7958984,41.55599976
7695,-72.6477966,41.55780029
12003,-90.5196991,41.55810165
11999,-90.5193024,41.55820084
13645,-87.7940979,41.55839920
13641,-87.8007050,41.55849075
13646,-87.8007202,41.55854416
12000,-90.5196991,41.55979919
16160,-70.6066971,41.56050110
13221,-87.5487976,41.56750107
13947,-85.8053970,41.56769943
13963,-87.4356003,41.56949997
13962,-87.4774780,41.57170868
13967,-87.4629974,41.57239914
12120,-90.5693970,41.57270050
13964,-87.4634018,41.57279968
13965,-87.4638977,41.57310104
13644,-87.7935000,41.57370000
13037,-87.6365820,41.57525600
12130,-90.5718994,41.57540131
13946,-85.8142014,41.57559967
36383,-109.2618713,41.57581711
13800,-87.0453080,41.57595100
36386,-109.2612000,41.57619858
36389,-109.2503662,41.57668686
36387,-109.2561493,41.57912445
13196,-88.1708984,41.57920074
13224,-87.5654983,41.57920074
13200,-88.1708240,41.57923700
13203,-88.1671600,41.57940674
12471,-93.7779999,41.57960129
26123,-83.6859970,41.58010101
13220,-87.5587845,41.58018494
26127,-83.6829987,41.58039856
26118,-83.6772003,41.58060074
26121,-83.6844025,41.58069992
13223,-87.5606155,41.58091736
13219,-87.5618973,41.58100128
13222,-87.5559998,41.58129883
26122,-83.6644974,41.58140182
12128,-90.5710160,41.58177300
12173,-93.7825000,41.58190000
13192,-88.1638336,41.58230209
13194,-88.1634979,41.58259964
13199,-88.1633224,41.58270264
36388,-109.2541040,41.58407700
12133,-90.5717011,41.58409882
13165,-87.6363983,41.58430099
12161,-93.6306000,41.58459854
12444,-90.7705994,41.58459854
26116,-83.6643982,41.58460999
26125,-83.6642990,41.58499908
12122,-90.5717926,41.58533859
26120,-83.6644592,41.58534241
12132,-90.5684357,41.58559036
14281,-87.1830978,41.58570099
12115,-90.5702972,41.58589935
26128,-83.6598053,41.58592224
12472,-93.8095410,41.58646300
14278,-87.1832657,41.58660889
26304,-83.5633774,41.58673859
12468,-93.8104019,41.58689880
12162,-93.6266022,41.58710098
12171,-93.6224976,41.58729935
26119,-83.6681976,41.58729935
12473,-93.8094025,41.58769989
12127,-90.5708008,41.58779907
7581,-72.7602005,41.58800125
26470,-81.4819031,41.58840179
12152,-93.6153030,41.58879852
26447,-84.1489029,41.58940125
12278,-90.3656998,41.58990097
12469,-93.8067017,41.59012222
12116,-90.5707016,41.59040070
26448,-84.1488037,41.59049988
12131,-90.5233500,41.59075000
26446,-84.1491013,41.59199905
12124,-90.6133347,41.59276962
7644,-71.9726028,41.59370041
12166,-93.6212006,41.59379959
12470,-93.8059998,41.59389877
12475,-93.8046036,41.59429932
26408,-83.6688350,41.59446300
12276,-90.3457260,41.59574127
12158,-93.6259003,41.59619904
12118,-90.5754013,41.59619904
12476,-93.7414017,41.59640121
14279,-87.1797943,41.59852219
14282,-87.1764984,41.59859848
14280,-87.1688003,41.59859848
12474,-93.7715988,41.59870148
12159,-93.6499023,41.59889984
13285,-87.6868973,41.60070038
12156,-93.7723007,41.60139847
12085,-93.7735977,41.60160065
12083,-93.7783966,41.60169983
26406,-83.6286011,41.60169983
26303,-83.5636978,41.60250092
12084,-93.7743988,41.60419846
7601,-72.7062988,41.60480118
7600,-72.7067032,41.60530090
26477,-81.4433594,41.60567093
26475,-81.4376984,41.60570145
26473,-81.4377975,41.60599899
36384,-109.2290115,41.60761261
28072,-84.5555350,41.60825900
36382,-109.2301025,41.60960007
26230,-83.5396423,41.61018372
7802,-72.8990021,41.61029816
13950,-85.8247000,41.61030000
36385,-109.2294235,41.61051559
25991,-83.6941986,41.61289978
26124,-83.6837540,41.61293793
13803,-87.0386830,41.61477800
26182,-84.5535431,41.61478043
12439,-93.7709656,41.61492157
25994,-83.6859970,41.61550140
25992,-83.6868973,41.61560059
12434,-93.7745438,41.61619949
13801,-87.0439987,41.61669922
25993,-83.6901016,41.61809921
26404,-83.4770508,41.61849213
14128,-86.7377167,41.62051392
28034,-80.1734009,41.62120056
12828,-87.5757980,41.62179947
28033,-80.1772995,41.62200165
16398,-70.6380997,41.62599945
28361,-79.6817017,41.62699890
14131,-86.7369003,41.62710190
12177,-93.6362000,41.62760162
12436,-93.7703781,41.62768173
7800,-72.8738022,41.62910080
12435,-93.7667999,41.62950134
12437,-93.7714005,41.62990189
7799,-72.8706970,41.63180161
7801,-72.8734150,41.63456600
16253,-70.2937060,41.63511600
26241,-83.4782867,41.63650131
13966,-87.5081177,41.63823318
25896,-81.4389038,41.63850021
26476,-81.3730011,41.63880157
13968,-87.5085983,41.63890076
26474,-81.3734512,41.63933945
13945,-87.4326782,41.64020157
16150,-70.9073029,41.64130020
13556,-88.6314840,41.64308400
16149,-70.8846970,41.64369965
16536,-70.2031021,41.64469910
15916,-70.2024002,41.64490128
12163,-93.6007090,41.64697300
16262,-70.2968979,41.64749908
12440,-93.6998749,41.64768219
25229,-73.9247971,41.64770126
12160,-93.6980972,41.64830017
26409,-83.5357971,41.64830017
12151,-93.6976166,41.64915466
28587,-71.6067963,41.64920044
12988,-87.7379990,41.65019989
16540,-70.2152710,41.65187900
12169,-93.6980972,41.65190125
16394,-70.9876022,41.65219879
26412,-83.5300980,41.65250015
28585,-71.6060409,41.65267563
11962,-93.5033040,41.65269500
12198,-90.5711975,41.65280151
12167,-93.6977921,41.65289307
16391,-70.9852905,41.65316772
12259,-93.6974029,41.65340042
16263,-70.2824100,41.65359100
25086,-74.6838760,41.65380096
13527,-88.1052017,41.65399933
12260,-93.7412340,41.65481100
16250,-70.2978000,41.65520000
16240,-70.2785034,41.65520096
16376,-70.9582977,41.65539932
16114,-70.1552048,41.65552521
16627,-70.2379990,41.65639877
12251,-91.5328980,41.65790176
7788,-72.6669006,41.65819931
12146,-93.4860992,41.65829849
11963,-93.4991830,41.65863700
13530,-88.1233978,41.65869904
12730,-87.7381973,41.65930176
13731,-88.4423981,41.66019821
26140,-81.3803024,41.66142654
28483,-71.5481033,41.66159821
12731,-87.7462006,41.66170120
16259,-70.2798996,41.66180038
14214,-86.1585690,41.66220100
12477,-91.2517471,41.66226959
25085,-74.7029280,41.66376800
26411,-83.5551220,41.66391000
13528,-88.1193314,41.66475296
14129,-86.7362550,41.66534200
14198,-86.9020996,41.66590118
14197,-86.8962174,41.66629028
19991,-70.1076680,41.66667700
26134,-81.3385010,41.66680145
25213,-73.9308319,41.66719818
12090,-91.5615006,41.66730118
16531,-70.1875000,41.66730118
7720,-72.7791977,41.66790009
16248,-70.2937012,41.66790009
12484,-92.0108032,41.66799927
12093,-91.5644989,41.66839981
12489,-91.9101563,41.66852951
28590,-71.5039978,41.66989899
14200,-86.8937149,41.67021942
28588,-71.5045030,41.67035100
16249,-70.2995987,41.67060089
12486,-91.9104004,41.67079926
13531,-88.0673447,41.67166138
14337,-85.5804977,41.67290115
28589,-71.5049000,41.67450000
14343,-86.2521973,41.67610168
16254,-70.3140869,41.67640686
25233,-73.9281998,41.67649841
12097,-91.5656815,41.67682648
14349,-86.2490997,41.67710114
7786,-72.6522980,41.67800140
16247,-70.3163528,41.67868423
12088,-91.5660019,41.67900085
16638,-71.1118012,41.67959976
12092,-91.5655975,41.68009949
12096,-91.5660650,41.68044100
12485,-92.0083008,41.68109894
12089,-91.5659561,41.68155289
12091,-91.5663120,41.68156300
12250,-91.5058975,41.68239975
26410,-83.6240997,41.68249893
12806,-88.0677795,41.68285370
14193,-86.8936997,41.68360138
14353,-86.2444000,41.68410110
7855,-72.6546670,41.68415000
26403,-83.6222382,41.68424225
12330,-93.0796585,41.68450546
26401,-83.6220017,41.68468475
16076,-69.9794998,41.68479919
16071,-69.9517975,41.68479919
12488,-91.9110830,41.68482000
12804,-88.0718994,41.68579865
7853,-72.6550064,41.68584061
12333,-93.0780029,41.68600082
12803,-88.0715027,41.68610001
12095,-91.6035995,41.68709946
12807,-88.0692978,41.68790054
12487,-91.9315643,41.68811417
12334,-93.0751038,41.68830109
16535,-70.1775971,41.68849945
14341,-86.2940674,41.69105530
14347,-86.2251968,41.69350052
14351,-86.3059540,41.69435883
14215,-86.1772003,41.69620132
14333,-85.5811005,41.69649887
32606,-111.8590012,41.69699860
12008,-92.3576813,41.69724655
12229,-92.7263947,41.69850922
13747,-85.0001984,41.69940186
14218,-86.1822586,41.70049667
14259,-86.2381973,41.70230103
25231,-73.9187012,41.70320129
14211,-86.1828003,41.70420074
25235,-73.9284973,41.70520020
11983,-93.5729830,41.70527100
6576,-122.6440020,41.70575500
7632,-72.8000031,41.70629883
7631,-72.8741989,41.70650101
20335,-70.2404090,41.70683700
7635,-72.8038025,41.70819855
14216,-86.1806030,41.70859909
14210,-86.1802979,41.70949936
26394,-83.7027720,41.71288900
14348,-86.2501144,41.71302032
26136,-81.3013000,41.71329880
14346,-86.2505035,41.71340179
26138,-81.3013440,41.71348500
14209,-86.1787033,41.71400070
28575,-71.4638977,41.71409988
14344,-86.2501144,41.71479416
26139,-81.2991028,41.71519852
6572,-122.6408997,41.71540070
12813,-87.8086014,41.71680069
14212,-86.1875992,41.71689987
14208,-86.1845017,41.71939850
14213,-86.1847992,41.71950150
32607,-111.8346786,41.71999741
14217,-86.1898270,41.72019196
14350,-86.2507019,41.72180176
7636,-72.6177979,41.72190094
26402,-83.5390396,41.72203445
13402,-87.7407989,41.72299957
13850,-85.9726028,41.72299957
28578,-71.4452972,41.72309875
16521,-71.1593990,41.72359600
26405,-83.5085983,41.72420120
13857,-85.9728012,41.72439957
28577,-71.4400024,41.72460175
28582,-71.4396973,41.72539902
28579,-71.4567032,41.72610092
13859,-85.9764328,41.72656250
14339,-86.2508011,41.72790146
13856,-85.9740143,41.72793198
6573,-122.6369019,41.72809982
28576,-71.4837036,41.72869873
16520,-71.1911697,41.72878265
28573,-71.4361420,41.72880173
32601,-111.8336029,41.72909927
28583,-71.4544983,41.72909927
14342,-86.2417984,41.72919846
13936,-84.9946976,41.72959900
13848,-86.0240631,41.72971725
13854,-85.9725037,41.72990036
13934,-84.9646000,41.73000000
7634,-72.7997971,41.73059845
11988,-93.5812531,41.73078918
6571,-122.6341019,41.73099899
11982,-93.5811005,41.73099899
28584,-71.4367981,41.73120117
11987,-93.5812988,41.73160172
11985,-93.5810318,41.73241043
13847,-85.9732971,41.73279953
13851,-85.9735642,41.73282623
14354,-86.3352250,41.73289100
11986,-93.5810013,41.73310089
13716,-87.9440002,41.73369980
13852,-85.9760971,41.73379898
13853,-85.9784012,41.73400116
13849,-85.9771195,41.73455429
7660,-72.6595993,41.73469925
7664,-72.6596985,41.73519897
13858,-85.9746857,41.73559189
13855,-85.9743042,41.73588562
32602,-111.8330994,41.73649979
12821,-87.9440002,41.73780060
7688,-72.1981810,41.73865100
13001,-87.9626999,41.74010086
6578,-122.6308289,41.74026489
6574,-122.6334460,41.74049600
6577,-122.6323776,41.74105453
25103,-74.0670560,41.74149400
12773,-87.7673035,41.74240112
16003,-70.5882034,41.74259949
12819,-87.7412033,41.74349976
13717,-87.9414978,41.74539948
3512,-124.2030029,41.74750137
12814,-87.8171005,41.74760056
12767,-88.2133026,41.74940109
3507,-124.1812973,41.74980164
3504,-124.2072983,41.75199890
28580,-71.4348984,41.75230026
16151,-71.1167984,41.75230026
28581,-71.4352160,41.75279000
28461,-76.4770000,41.75330000
28574,-71.4346008,41.75350189
3514,-124.1937027,41.75493240
13935,-84.9964981,41.75619888
16496,-70.5002975,41.75839996
12763,-88.3105850,41.75897980
12928,-87.7416000,41.75920105
12902,-87.7416992,41.75930023
13495,-89.6896973,41.76160049
13496,-89.6893997,41.76160049
28486,-71.4599609,41.76182556
13498,-89.6894989,41.76219940
6570,-122.6476517,41.76238251
32604,-111.8330002,41.76240158
3513,-124.1966019,41.76330185
16014,-70.0491791,41.76334763
18598,-85.4281006,41.76399994
18597,-85.4281006,41.76449966
25568,-80.8654000,41.76480000
16017,-70.0617660,41.76626500
7661,-72.6772995,41.76670074
12820,-87.9290008,41.76689911
12764,-88.3562012,41.76699829
7623,-72.6616974,41.76739883
7665,-72.6791900,41.76767900
7666,-72.6727982,41.76800156
7621,-72.6211014,41.76819992
7619,-72.6201020,41.76861400
7681,-72.5691223,41.76868439
7663,-72.6753006,41.76919937
7659,-72.6718979,41.76950073
18372,-86.7323340,41.77123100
12777,-87.7427063,41.77169418
12772,-87.7422830,41.77269800
13243,-88.0802002,41.77280045
12775,-87.7423390,41.77404100
12774,-87.7422028,41.77410126
12910,-87.7423019,41.77460098
12982,-87.8733978,41.77619934
12983,-87.8706970,41.77740097
25101,-74.1362000,41.77980042
3506,-124.1260986,41.78079987
25577,-80.8566971,41.78340149
18368,-86.7562000,41.78380000
36372,-107.2666016,41.78430176
18370,-86.7565994,41.78430176
36374,-107.2632810,41.78576900
24804,-74.7288513,41.78659821
25576,-80.8548966,41.78882980
7667,-72.6599503,41.78931046
25578,-80.8546982,41.78969955
36373,-107.2177963,41.79140091
7579,-72.8606033,41.79330063
13360,-88.1263657,41.79397964
16512,-71.3151500,41.79465000
18371,-86.7411290,41.79500000
16506,-71.3313980,41.79660034
13361,-88.2020035,41.79690170
13358,-88.1215973,41.79729843
13357,-88.1214981,41.79750061
16507,-71.3307037,41.79869843
13369,-88.2016983,41.79899979
13363,-88.2067032,41.79909897
13359,-88.1275024,41.80110168
13364,-88.1242981,41.80179977
13370,-88.2069855,41.80183411
13362,-88.1293030,41.80270004
13684,-88.1651993,41.80279922
13366,-88.1201019,41.80300140
7819,-73.1210022,41.80350113
12766,-88.2822830,41.80370100
7684,-72.5476990,41.80400085
16511,-71.3310510,41.80422300
13367,-88.1334000,41.80500031
26078,-77.0775680,41.80582000
13242,-88.0782013,41.80640030
12937,-87.5858307,41.80706787
7818,-73.1109695,41.80735016
28489,-71.3457031,41.80789948
13240,-88.0565033,41.80810165
13241,-88.1079025,41.80839920
25567,-80.8258972,41.80839920
28018,-77.0888748,41.80851746
13244,-88.1110992,41.80889893
7682,-72.5347977,41.80970001
7683,-72.5223999,41.81039810
13683,-88.1633987,41.81069946
7685,-72.5319977,41.81119919
13709,-87.9513779,41.81127930
7686,-72.5121002,41.81240082
13708,-87.9506988,41.81259918
7580,-72.8303986,41.81309891
12079,-90.2400971,41.81570053
12082,-90.2249145,41.81633759
13710,-87.9552994,41.81669998
7828,-72.5045776,41.81684113
12081,-90.2222977,41.82030106
13025,-89.4732819,41.82184219
12178,-90.5633011,41.82260132
28561,-71.4188003,41.82279968
13027,-89.4745026,41.82339859
28565,-71.4132004,41.82460022
16509,-71.3387985,41.82460022
7826,-72.5015030,41.82469940
28568,-71.4150009,41.82490158
13026,-89.4731979,41.82509995
28559,-71.4144974,41.82519913
13682,-88.1934000,41.82620000
13032,-88.0245972,41.82799911
7827,-72.4834671,41.82877350
13030,-88.0254974,41.83060074
13029,-88.0373993,41.83259964
13031,-88.0252991,41.83290100
13033,-88.0176010,41.83449936
12379,-94.0755005,41.83499908
28562,-71.4116974,41.83499908
28387,-79.1713610,41.83509500
28386,-79.1686020,41.83639908
13250,-88.0030975,41.83819962
13252,-87.9990006,41.83959961
13397,-87.9389038,41.84529877
13255,-88.0104980,41.84579849
13253,-88.0098038,41.84579849
13258,-88.0053024,41.84579849
32603,-111.8315125,41.84584808
16134,-69.9852982,41.84590149
13393,-87.9291992,41.84619904
13395,-87.9533997,41.84659958
13398,-87.9862976,41.84719849
13257,-88.0113983,41.84740067
13707,-87.9096985,41.84749985
13408,-87.9700012,41.84870148
13396,-87.9483032,41.84889984
13409,-87.9829025,41.84939957
12922,-87.6190033,41.85070038
22492,-96.7103805,41.85082245
7796,-72.8132019,41.85229874
7868,-72.6668014,41.85400009
13406,-87.9505997,41.85879898
13134,-88.0597000,41.85929871
7863,-72.6663971,41.85969925
13407,-87.9505997,41.86000061
7866,-72.6682000,41.86040000
13405,-87.9702911,41.86048508
22463,-103.6364975,41.86529922
22459,-103.6358871,41.86581802
22464,-103.6360016,41.86589813
7616,-71.8926010,41.86669922
22462,-103.6427002,41.86809921
12876,-87.6242981,41.86920166
13175,-87.8945007,41.87189865
12897,-87.6240997,41.87189865
13174,-87.8955994,41.87210083
22461,-103.6671982,41.87269974
12908,-87.6242981,41.87279892
7795,-72.8025971,41.87300110
12929,-87.6667023,41.87360001
7858,-72.6668014,41.87369919
7841,-73.3311000,41.87380000
12879,-87.6243950,41.87399500
12955,-87.6254959,41.87426376
7865,-72.6660004,41.87450027
12909,-87.6399994,41.87459946
28556,-71.3878937,41.87473679
12887,-87.6243973,41.87540054
12957,-87.6331024,41.87960052
18330,-83.3953094,41.88215637
12880,-87.6278992,41.88309860
12914,-87.6331024,41.88430023
13403,-87.8031006,41.88560104
12900,-87.6209030,41.88589859
12917,-87.6231995,41.88629913
16333,-70.8906021,41.88629913
12939,-87.6280975,41.88690186
12951,-87.6199036,41.88750076
12913,-87.6258011,41.88759995
12921,-87.6237030,41.88800049
12911,-87.6370010,41.88840103
12918,-87.6295013,41.88840103
12944,-87.6196976,41.88930130
12940,-87.6297540,41.88958700
12889,-87.6262970,41.89020157
12905,-87.6285019,41.89070129
12916,-87.6240006,41.89110184
12896,-87.6203003,41.89120102
12888,-87.6243510,41.89152700
12907,-87.6277008,41.89179993
12912,-87.6264550,41.89183700
12927,-87.6243973,41.89189911
12878,-87.6316986,41.89229965
13075,-87.9413986,41.89239883
12923,-87.6234970,41.89270020
12893,-87.6201019,41.89270020
12924,-87.6255830,41.89297500
12895,-87.6284027,41.89319992
12890,-87.6234970,41.89329910
12938,-87.6235962,41.89339828
12899,-87.6222992,41.89350128
12964,-87.6224976,41.89360046
12882,-87.6269836,41.89368057
28091,-79.1482010,41.89369965
12958,-87.6153030,41.89390182
12932,-87.6243973,41.89450073
12953,-87.6235962,41.89500046
12872,-87.6240997,41.89509964
12920,-87.6329498,41.89534760
12936,-87.6251984,41.89580154
12871,-87.6234970,41.89590073
18332,-83.5334091,41.89621735
12934,-87.6249008,41.89680099
15910,-71.3701782,41.89697647
12942,-87.6232986,41.89770126
13548,-88.3337021,41.89780045
12943,-87.6215973,41.89849854
12961,-87.6257019,41.89910126
12952,-87.6277008,41.89920044
12903,-87.6249008,41.89929962
12892,-87.6221008,41.89929962
12959,-87.6240006,41.89950180
12930,-87.6231003,41.89989853
12941,-87.6215973,41.89989853
12894,-87.6238022,41.90010071
12960,-87.6299973,41.90190125
16334,-70.9685990,41.90256500
13135,-88.0536957,41.90363693
13254,-88.0315018,41.90401077
13251,-88.0296173,41.90406799
16463,-71.0363998,41.90430069
12843,-88.1231995,41.90449905
12915,-87.6302032,41.90480042
16464,-71.0602188,41.90499878
12873,-87.6286011,41.90589905
13019,-88.7489014,41.90719986
13301,-87.8840027,41.90769958
13392,-87.8827362,41.91080856
7862,-72.6746060,41.91499700
12935,-87.6344833,41.91563416
7860,-72.6735001,41.91740036
7626,-72.6147995,41.91740036
13552,-88.2958984,41.91780090
13545,-88.2919998,41.91830063
13550,-88.2922974,41.91849899
7864,-72.6716995,41.91949844
13546,-88.2682037,41.92020035
17682,-84.1482010,41.92089844
7861,-72.6695023,41.92089844
13551,-88.2556992,41.92119980
13549,-88.2548981,41.92150116
28571,-71.5089740,41.92301500
7857,-72.2611694,41.92331314
18334,-83.3647995,41.92539978
13547,-88.3022995,41.92670059
13076,-87.9597015,41.92720032
7859,-72.6700974,41.92779922
18331,-83.3554001,41.92819977
18070,-84.6415329,41.92847824
18333,-83.3498001,41.92900085
7867,-72.6276932,41.92912674
7625,-72.6143036,41.92950058
7869,-72.6900024,41.93040085
13016,-88.7777023,41.93080139
13020,-88.7712021,41.93099976
13017,-88.7701034,41.93099976
12036,-91.6750031,41.93116760
25834,-80.5869980,41.93159866
12728,-88.0042038,41.93170166
13097,-87.8846054,41.93251038
18611,-85.6509018,41.93270111
12891,-87.6451187,41.93283844
13098,-87.8849029,41.93299866
24709,-74.0243988,41.93389893
12962,-87.6434021,41.93420029
13494,-89.0462036,41.93439865
27559,-78.6775971,41.93450165
13493,-89.0680389,41.93456650
28570,-71.5480881,41.93473434
17868,-84.9681015,41.93529892
17869,-84.9959030,41.93820190
24710,-74.0268021,41.93830109
12788,-88.1148987,41.93949890
12885,-87.6535034,41.93980026
12786,-88.1149979,41.94089890
12042,-91.6737976,41.94100189
12043,-91.6737976,41.94120026
16441,-70.6212120,41.94146600
12039,-91.6852035,41.94290161
12045,-91.6764984,41.94300079
12033,-91.6746979,41.94300079
12052,-91.6783066,41.94303131
12038,-91.6766205,41.94313049
12040,-91.6762009,41.94369888
12877,-87.6456986,41.94419861
12051,-91.6727295,41.94454575
12035,-91.6728210,41.94459152
12925,-87.6436005,41.94739914
12727,-88.0270004,41.94829941
16438,-70.6867294,41.95257568
27558,-78.6480026,41.95272446
12787,-88.0981979,41.95349884
27557,-78.6461487,41.95397186
13583,-87.8854980,41.95420074
16440,-70.6649017,41.95439911
13586,-87.8851700,41.95508575
13581,-87.8589020,41.95522308
13582,-87.8813019,41.95669937
16390,-71.3433838,41.95753860
17915,-83.6583023,41.95869827
16389,-71.3420029,41.95940018
7630,-72.5979996,41.95970154
16439,-70.6648026,41.95970154
16571,-71.1264572,41.96060181
17917,-83.6757390,41.96188700
16442,-70.6696014,41.96279907
22378,-103.9169998,41.96379852
13580,-87.8768005,41.96509933
16433,-70.6765976,41.96530151
13635,-88.7198029,41.96609879
13584,-87.8619700,41.96611100
18612,-85.6350850,41.97080300
13185,-88.0261993,41.97209930
13534,-87.8628006,41.97790146
13535,-87.8626022,41.97850037
12031,-91.6744995,41.97880173
13536,-87.8623962,41.97900009
13634,-88.7088013,41.97930145
13720,-87.9800034,41.97949982
12037,-91.6671982,41.97980118
13538,-87.8597031,41.98080063
13721,-87.9870987,41.98419952
12883,-87.8215027,41.98429871
12948,-87.8305220,41.98544100
12432,-92.5802002,41.98619843
13184,-88.0313034,41.98640060
13183,-88.0037003,41.98640060
13186,-88.0211029,41.98699951
13543,-87.8606033,41.98830032
13540,-87.8600998,41.98910141
7628,-72.5833310,41.99021200
7629,-72.5840988,41.99169922
13069,-88.0205002,41.99250031
13067,-88.0301620,41.99263700
28297,-76.5217972,41.99380112
12048,-91.6416016,41.99390030
13539,-87.8612976,41.99420166
13160,-88.1671982,41.99610138
13537,-87.8816986,41.99750137
11971,-93.6395645,41.99772263
13533,-87.8851013,41.99860001
13023,-87.8644028,42.00130081
13542,-87.8843002,42.00289917
12142,-95.3684998,42.00379944
12328,-93.4387970,42.00529861
11966,-93.6396027,42.00540161
12296,-92.9782028,42.00709915
11968,-93.5818787,42.00726700
13544,-87.8852997,42.00730133
12297,-92.9136963,42.00770187
13074,-87.9404068,42.00801468
13064,-87.9394860,42.00809700
12145,-95.3695984,42.00809860
11965,-93.5758972,42.00820160
13541,-87.8896027,42.00849915
13024,-87.8939950,42.00926300
11977,-93.5811005,42.00970078
13022,-87.8706589,42.00975418
11970,-93.5811005,42.00979996
13066,-87.9448929,42.01013947
13070,-87.9597015,42.01129913
16174,-71.2181702,42.01163483
13594,-87.7601013,42.01200104
13377,-87.7879105,42.01203537
12949,-87.6641998,42.01399994
12298,-92.9128037,42.01547623
22387,-97.4251480,42.01788330
13068,-87.9570541,42.02142715
13071,-87.9627010,42.02226300
13065,-87.9629974,42.02249908
22385,-97.4362030,42.02289963
22384,-97.4362030,42.02320099
12041,-91.6675034,42.02360153
13072,-87.9599991,42.02379990
18595,-86.5203018,42.02550125
12344,-96.1408005,42.02619934
12050,-91.6656036,42.02759933
12032,-91.6181030,42.02780151
16312,-71.2490006,42.02830124
12044,-91.6508026,42.02859879
12047,-91.6500015,42.02859879
18594,-86.5140991,42.02880096
16670,-74.1133240,42.02966600
12046,-91.6488037,42.02970123
13021,-87.8943024,42.03060150
12034,-91.6484528,42.03138733
18663,-86.5150986,42.03160095
18593,-86.5158997,42.03229904
13573,-88.0338974,42.03300095
16313,-71.2375031,42.03300095
27718,-80.0985031,42.03359985
12258,-94.3722000,42.03409958
11972,-93.5810013,42.03419876
11976,-93.5810013,42.03499985
12005,-93.8799057,42.03513336
12004,-93.8743973,42.03540039
13073,-87.9797974,42.03639984
16453,-70.1962620,42.03748100
16175,-71.2359009,42.03760147
13572,-88.0379028,42.03789902
13566,-88.0476990,42.03929901
18596,-86.5142975,42.03979874
13560,-88.0525971,42.04019928
13574,-88.0357971,42.04019928
16176,-71.2353973,42.04230118
27848,-124.2498870,42.04234300
26974,-124.2639008,42.04240036
13559,-88.0479965,42.04309845
25636,-124.2632470,42.04323700
12758,-87.9834976,42.04449844
12754,-87.9841995,42.04470062
13562,-88.0511551,42.04556656
13078,-87.6819000,42.04600143
12757,-87.9877890,42.04637400
13338,-87.7994003,42.04660034
12755,-87.9825974,42.04710007
27726,-80.0784988,42.04710007
12760,-87.9824982,42.04729843
27719,-80.0786972,42.04729843
13565,-88.0497971,42.04740143
13571,-88.0491028,42.04740143
13569,-88.0559006,42.04819870
36431,-104.9631840,42.04840700
13080,-87.6808014,42.04859924
27708,-80.0803528,42.04866791
27711,-80.0819015,42.04980087
16447,-70.1896973,42.05020142
13590,-87.7466125,42.05047989
13079,-87.6847992,42.05049896
13570,-88.0355988,42.05089951
13524,-88.0139008,42.05120087
13337,-87.7994003,42.05220032
26975,-124.2834015,42.05270004
13558,-88.0298996,42.05329895
13579,-88.0792999,42.05369949
13567,-88.0799026,42.05459976
16022,-71.0607986,42.05459976
13591,-87.7464981,42.05519867
25640,-124.2905690,42.05531000
13568,-88.0777969,42.05559921
13577,-88.0402985,42.05619812
13578,-88.0414963,42.05630112
36427,-104.1772995,42.05939865
36426,-104.1845016,42.06000137
13525,-88.0216980,42.06119919
18511,-86.5101013,42.06209946
13593,-87.7590027,42.06250000
13176,-88.1483002,42.06259918
13592,-87.7591019,42.06259918
13180,-88.1444015,42.06399918
16021,-71.0576019,42.06399918
13576,-88.0403000,42.06412000
27738,-80.1955600,42.06471400
13564,-88.0795975,42.06489944
13563,-88.0440979,42.06510162
12019,-94.8471985,42.06520081
27720,-80.1032028,42.06529999
27717,-80.1031036,42.06529999
16184,-71.3972015,42.06539917
13179,-88.1491013,42.06570053
13178,-88.1511993,42.06589890
13575,-88.0381012,42.06600189
13062,-88.2765884,42.06703568
13344,-87.9226685,42.06739807
36430,-104.9633026,42.06740189
27724,-80.0394821,42.06762314
13060,-88.2875977,42.06850052
27731,-80.0386963,42.06880188
13182,-88.1946840,42.06973700
27716,-80.0411987,42.07080078
27725,-80.0408020,42.07089996
27712,-80.0411987,42.07279968
36432,-104.9633840,42.07283600
13061,-88.2908020,42.07329941
13177,-88.1409988,42.07339859
25164,-78.4679031,42.07669830
17780,-86.4171982,42.07860184
12020,-94.8788986,42.07880020
17778,-86.4141006,42.07979965
17779,-86.4234009,42.08079910
17782,-86.4236984,42.08119965
13138,-87.8665580,42.08345100
17781,-86.4191240,42.08409900
16557,-72.0548019,42.08430099
16566,-72.0560532,42.08449554
18510,-86.4852982,42.08610153
13136,-87.8696976,42.08670044
25167,-78.4301987,42.08710098
13137,-87.8692017,42.08720016
13389,-87.8703995,42.08739853
12759,-88.0226974,42.08840179
16186,-71.4349976,42.09099960
16185,-71.4048996,42.09099960
16548,-72.5830994,42.09220123
27734,-80.0041275,42.09227753
13526,-88.0316140,42.09237800
27707,-80.1661330,42.09238700
24526,-76.0826797,42.09299469
25458,-75.9524994,42.09389877
17953,-83.2468338,42.09423447
16023,-71.0547028,42.09579849
25456,-75.9726028,42.09609985
25455,-75.9704971,42.09619904
25457,-75.9753418,42.09631348
24692,-79.2432022,42.09669876
25189,-76.2817993,42.09669876
22245,-102.8878021,42.09680176
24693,-79.2356870,42.09711100
24330,-75.9122009,42.09830093
24331,-75.9141998,42.09849930
17809,-84.2473984,42.09899902
24327,-75.9179230,42.09909821
25191,-76.2360992,42.09920120
13703,-88.2137985,42.09930038
24527,-76.0481033,42.10039902
24517,-76.7997971,42.10100174
24325,-75.9135971,42.10179901
11980,-91.2636032,42.10260010
13477,-87.8854980,42.10279846
22244,-102.8893127,42.10344315
13139,-87.8193970,42.10380173
16559,-72.0836029,42.10419846
24528,-76.0329971,42.10509872
16551,-72.5977020,42.10599899
27713,-80.1407770,42.10667400
16549,-72.5952988,42.10879898
16561,-72.0832977,42.11040115
13714,-87.8914032,42.11080170
13712,-87.9092026,42.11149979
16565,-72.0960007,42.11159897
16560,-72.1270218,42.11298370
24334,-75.8564000,42.11310000
16558,-72.0675964,42.11413193
16515,-71.2288971,42.11940002
25352,-73.9919128,42.12104797
24696,-75.9749985,42.12129974
19989,-77.9478840,42.12183000
27730,-80.0866013,42.12409973
24695,-75.9710007,42.12459946
16612,-72.6265869,42.12484360
24333,-75.9094849,42.12580872
24328,-75.9081726,42.12722015
24697,-75.9607010,42.12779999
16613,-72.6262970,42.13150024
25487,-77.9174271,42.13203812
16619,-72.6260840,42.13211300
24532,-79.7421036,42.13259888
27729,-80.0932470,42.13329900
16570,-71.7517471,42.13403702
16610,-72.6262970,42.13420105
24329,-75.9051971,42.13460159
13391,-87.7899017,42.13560104
16615,-72.6262207,42.13654709
16618,-72.6270981,42.13800049
18716,-83.2452011,42.13850021
18715,-83.2455978,42.13859940
12756,-87.9969025,42.13899994
13438,-88.0085983,42.13930130
16617,-72.6268005,42.13930130
13440,-88.0108270,42.13933700
24332,-75.9036140,42.14125500
12753,-88.0045013,42.14130020
24454,-77.0472031,42.14149857
16514,-71.2173996,42.14440155
16620,-72.6296539,42.14454651
12293,-90.6763000,42.14465000
16614,-72.6297150,42.14550781
24326,-75.9025040,42.14592743
16341,-71.4878006,42.14730072
25641,-124.3520460,42.14771700
13390,-87.8323975,42.14789963
24452,-77.0604019,42.14950180
25196,-77.1072006,42.15069962
25192,-77.1054993,42.15240097
13012,-87.8628998,42.15280151
13011,-87.8467026,42.15299988
13015,-87.8406982,42.15299988
13013,-87.8684006,42.15309906
12817,-87.9793014,42.15349960
25193,-77.1013184,42.15350723
24455,-77.0547028,42.15409851
24453,-77.0784988,42.15420151
24691,-79.2454147,42.15547943
24516,-76.8790817,42.15583420
24520,-76.8750000,42.15629959
24642,-76.8330994,42.15760040
16556,-71.0635986,42.15829849
25313,-78.7438965,42.15930176
12769,-88.1436233,42.16139603
16337,-71.5075989,42.16149902
16473,-70.9011612,42.16170883
16338,-71.5084000,42.16180038
16339,-71.5062027,42.16180038
16336,-71.5077972,42.16189957
13014,-87.8830300,42.16320000
24643,-76.8436279,42.16382599
16086,-72.5457590,42.16749000
16083,-72.5779877,42.16994476
25195,-77.1041031,42.17060089
12816,-87.9251022,42.17160034
16406,-71.1952972,42.17269897
18689,-75.1291510,42.17371300
16405,-71.1912994,42.17430115
16085,-72.5764999,42.17549896
16234,-72.6406021,42.17660141
13170,-87.8074036,42.17900085
12424,-93.5712128,42.17929840
24641,-76.8337021,42.18099976
15912,-71.8626022,42.18320084
26885,-122.6642990,42.18379974
26901,-122.6666031,42.18510056
26878,-122.6624985,42.18579865
26903,-122.6624985,42.18610001
28128,-79.8332520,42.18825912
12423,-93.5750840,42.18849200
13238,-87.9300995,42.19480133
13239,-87.9327011,42.19499969
16203,-73.3615036,42.19530106
24401,-73.9380035,42.19699860
13237,-87.9316025,42.19760132
18606,-83.2434006,42.19779968
18607,-83.2345886,42.19826889
18605,-83.2376022,42.19836426
26877,-122.7167969,42.19879913
26896,-122.7157974,42.20019913
13236,-87.9329987,42.20100021
16462,-71.0633011,42.20190048
16640,-70.9497986,42.20330048
16202,-73.3463974,42.20750046
18413,-85.8926010,42.20790100
17907,-83.3557810,42.20797600
18412,-85.8930512,42.20825195
16009,-70.9981100,42.20957800
16235,-72.6297989,42.21179962
13676,-87.9366989,42.21250153
18577,-83.2207031,42.21329880
18578,-83.2264023,42.21340179
18576,-83.2221985,42.21343613
16407,-71.1819840,42.21370316
16204,-73.3442001,42.21459961
16008,-71.0408020,42.21770096
17777,-83.4899826,42.21852493
13674,-87.9368973,42.21860123
17774,-83.4914322,42.21870041
17775,-83.4928970,42.21950150
17776,-83.4907989,42.22040176
24639,-76.8472977,42.22050095
16010,-71.0290420,42.22069700
16005,-71.0364990,42.22159958
16007,-71.0362015,42.22209930
18721,-83.6176987,42.22430038
18474,-83.3269424,42.22476196
26887,-122.7409973,42.22489929
16102,-71.1709976,42.22560120
16006,-71.0310974,42.22600174
12991,-88.3307000,42.22640000
12992,-88.3118820,42.22682190
16101,-71.1771469,42.22776794
12990,-88.2985992,42.22790146
16104,-71.1774979,42.22809982
13673,-87.9428024,42.23170090
16103,-71.1831970,42.23239899
17714,-83.7393840,42.23255400
22490,-97.0176468,42.23558044
18155,-85.6756973,42.23559952
13353,-87.9953003,42.23709869
17706,-83.7468033,42.23799896
18461,-83.3503799,42.23878479
17709,-83.7344971,42.23880005
18459,-83.3479996,42.23880005
18464,-83.3281860,42.23903275
17707,-83.7347031,42.23910141
17712,-83.7415008,42.23920059
17718,-83.7344971,42.23939896
17716,-83.7368012,42.23970032
13354,-87.9943848,42.23998642
17704,-83.7343979,42.24050140
17717,-83.7348023,42.24060059
18466,-83.3384018,42.24209976
18472,-83.3398972,42.24290085
18462,-83.3404007,42.24330139
13675,-87.9588013,42.24340057
18468,-83.3417969,42.24349976
18458,-83.3475037,42.24380112
18465,-83.3475037,42.24390030
18460,-83.3472748,42.24393082
17701,-83.7572021,42.24399948
18157,-85.6774979,42.24430084
18158,-85.5636978,42.24480057
18166,-85.5633011,42.24480057
18469,-83.3482971,42.24520111
18463,-83.3477020,42.24589920
18470,-83.3479157,42.24676132
18471,-83.3477020,42.24900055
16461,-70.9984970,42.25009918
17703,-83.6810684,42.25219727
17697,-83.6809006,42.25310135
17705,-83.6806869,42.25319672
18163,-85.5335900,42.25402300
18153,-85.5338440,42.25851059
18604,-83.2705994,42.25930023
18160,-85.5342026,42.26029968
18152,-85.5338974,42.26029968
18164,-85.5336990,42.26100159
17747,-85.2036972,42.26110077
17755,-85.2018000,42.26114600
17757,-85.1910400,42.26128387
17749,-85.2055969,42.26129913
17745,-85.2045975,42.26129913
18154,-85.5323029,42.26150131
17752,-85.1891022,42.26290131
17753,-85.1985092,42.26343155
13523,-89.0242004,42.26369858
18161,-85.6578980,42.26470184
17684,-84.7589035,42.26570129
18159,-85.6579971,42.26610184
16669,-71.7957001,42.26779938
13516,-88.9781036,42.26819992
18151,-85.6577988,42.26860046
18165,-85.6585007,42.26910019
13506,-88.9703980,42.26919937
13517,-88.9696808,42.26986313
18312,-85.0027924,42.26990128
18142,-84.4265976,42.27009964
13518,-88.9711990,42.27050018
18145,-84.4245120,42.27052300
13514,-88.9597015,42.27080154
13513,-88.9682999,42.27090073
13509,-88.9648972,42.27130127
13507,-88.9626999,42.27130127
16668,-71.7986984,42.27140045
13504,-88.9601974,42.27299881
13522,-88.9680023,42.27310181
13512,-88.9664001,42.27320099
13510,-88.9662018,42.27339935
13520,-88.9663391,42.27347183
13519,-88.9688034,42.27349854
16233,-72.6054001,42.27389908
13521,-88.9693985,42.27450180
16666,-71.7674026,42.27450180
16667,-71.8003998,42.27500153
18314,-84.9555969,42.27510071
18139,-84.4310989,42.27579880
18147,-84.3864975,42.27590179
18138,-84.4291992,42.27600098
18144,-84.4284973,42.27700043
16238,-70.8637543,42.27702713
18143,-84.4287033,42.27790070
13099,-89.6343002,42.27809906
18141,-84.4294380,42.27838100
17829,-83.4365082,42.27845383
17827,-83.4371033,42.27880096
18162,-85.5896149,42.27899551
16268,-73.2609024,42.27899933
16518,-71.6834564,42.27921677
17690,-83.2003021,42.27939987
17823,-83.4382019,42.27999878
17700,-83.7428970,42.28139877
17689,-83.1956024,42.28229904
16460,-71.0375977,42.28260040
17719,-83.7882004,42.28279877
13387,-87.8709717,42.28281021
17699,-83.7890015,42.28319931
15948,-71.0714035,42.28329849
16630,-71.6606216,42.28369904
16672,-71.7627029,42.28379822
17721,-83.7908320,42.28426800
16634,-71.5864029,42.28789902
16633,-71.5858994,42.28820038
16632,-71.5718002,42.28929901
16631,-71.5715027,42.28969955
16545,-71.5578003,42.28990173
15940,-71.0471268,42.29182434
25516,-74.2191230,42.29204700
18313,-84.9647390,42.29216300
13727,-88.4326019,42.29399872
17883,-83.2209015,42.29520035
16671,-71.7674026,42.29550171
16182,-71.4703980,42.29560089
15989,-71.0487976,42.29600143
16180,-71.4788870,42.29666700
18167,-85.6577148,42.29678345
16183,-71.4791031,42.29690170
17854,-84.0263901,42.29694366
17756,-85.0799789,42.29730225
13725,-88.4331970,42.29809952
16177,-71.3995972,42.29859924
16178,-71.4401169,42.29905319
16369,-71.3861008,42.29909897
17855,-84.0258026,42.29940033
25368,-75.4099950,42.29956600
17884,-83.2726974,42.29990005
16274,-73.2434845,42.30118179
17710,-83.6922989,42.30160141
16370,-71.3779983,42.30170059
16372,-71.2200012,42.30300140
13217,-87.8760223,42.30359650
13100,-89.6317978,42.30379868
16401,-72.6224670,42.30455017
13230,-88.0045013,42.30469894
17711,-83.6913986,42.30530167
16368,-71.3824997,42.30530167
25515,-74.2304590,42.30539800
13724,-88.4330216,42.30542374
17715,-83.6911011,42.30559921
13232,-87.9569015,42.30580139
13231,-87.9604034,42.30599976
17708,-83.6924973,42.30649948
13297,-88.2818985,42.30709839
17881,-83.2285995,42.30810165
16181,-71.3854980,42.30820084
17882,-83.2185059,42.31330872
17880,-83.2258987,42.31430054
16273,-73.2563019,42.31560135
13515,-89.0707016,42.31570053
17748,-85.1877212,42.31606674
13388,-87.8653030,42.31740189
17754,-85.1845017,42.31819916
15947,-71.0458984,42.31930161
17885,-83.2207031,42.32020187
17824,-83.4487000,42.32099915
12641,-111.2976990,42.32149887
24637,-77.6624985,42.32281876
17828,-83.4475021,42.32289886
16400,-72.6460037,42.32329941
17878,-83.2042999,42.32509995
24638,-77.6580505,42.32627869
17825,-83.4488983,42.32640076
15965,-71.0596008,42.32789993
17890,-83.0419006,42.33010101
17895,-83.0408630,42.33069992
15931,-71.0707016,42.33129883
17892,-83.2164993,42.33219910
15958,-71.0719986,42.33229828
17886,-83.1821976,42.33259964
17888,-83.0430985,42.33359909
17904,-83.0541458,42.33377457
13698,-87.8934021,42.33399963
16380,-71.2533035,42.33480072
17893,-83.0449982,42.33549881
17899,-83.0174026,42.33610153
16296,-73.3100200,42.33646000
17889,-83.0269470,42.33649063
15930,-71.1066971,42.33800125
24315,-77.3333969,42.33840179
24317,-77.3330994,42.33860016
16324,-71.5889969,42.33919907
16323,-71.5870972,42.33959961
16321,-71.5860977,42.34009933
13693,-87.8948975,42.34040070
13695,-87.8895035,42.34059906
16027,-71.1219220,42.34096400
17903,-83.0154038,42.34120178
16325,-71.5709000,42.34140015
13694,-87.8958969,42.34170151
15932,-71.1443024,42.34230042
15981,-71.0842972,42.34339905
16028,-71.1169900,42.34357700
16322,-71.5779038,42.34420013
16279,-73.2819977,42.34489822
15968,-71.0954132,42.34533691
16381,-71.2575989,42.34579849
15939,-71.0810013,42.34600067
15960,-71.0849991,42.34619904
16218,-72.5737170,42.34634900
15994,-71.0846024,42.34640121
15979,-71.0801010,42.34659958
16000,-71.0428009,42.34659958
15943,-71.0782013,42.34840012
15993,-71.0431976,42.34840012
15934,-71.0972977,42.34859848
15967,-71.0951860,42.34866300
16001,-71.0773010,42.34880066
15951,-71.0886002,42.34899902
15977,-71.0795975,42.34930038
15954,-71.0758972,42.34960175
15938,-71.0784988,42.34989929
15944,-71.0653992,42.34989929
15935,-71.0700989,42.35079956
15988,-71.0671997,42.35089874
16326,-71.5466995,42.35179901
13692,-87.8737030,42.35240173
15957,-71.0671005,42.35250092
15995,-71.0710983,42.35269928
15992,-71.0630035,42.35309982
15970,-71.0609970,42.35319901
16049,-71.1047974,42.35359955
13298,-88.2699000,42.35420000
15933,-71.0500031,42.35639954
15976,-71.0541000,42.35649872
16383,-71.1864014,42.35689926
15961,-71.0530014,42.35739899
15985,-71.0607986,42.35749817
16046,-71.0925890,42.35758100
15986,-71.0599976,42.35770035
15956,-71.0621033,42.35829926
16002,-71.0620920,42.35831100
16215,-72.5495682,42.35855103
15945,-71.1560898,42.35920715
18439,-83.4404755,42.35922241
15959,-71.0525971,42.35929871
18441,-83.4328003,42.35969925
16214,-72.5475006,42.35969925
13696,-87.8742670,42.35990000
15980,-71.0512009,42.35990143
13697,-87.8754044,42.36127472
16567,-71.4498367,42.36128616
17894,-83.0662003,42.36140060
15964,-71.0667038,42.36140060
15978,-71.0706120,42.36218000
15969,-71.0257034,42.36240005
15936,-71.0618973,42.36360168
15987,-71.0610962,42.36389923
16593,-71.1791992,42.36420059
15946,-71.1374283,42.36436462
13699,-87.8777695,42.36489487
16056,-71.0738983,42.36709976
16057,-71.0739975,42.36719894
16048,-71.0754013,42.36729813
18213,-83.4051971,42.36759949
16053,-71.0739975,42.36759949
18217,-83.3501358,42.36812973
15952,-71.0311966,42.36980057
17902,-83.0748978,42.36999893
16067,-71.0607400,42.37063300
13151,-87.8932877,42.37068558
18212,-83.3330002,42.37110138
15991,-71.0610962,42.37110138
16043,-71.0783005,42.37210083
16041,-71.1218033,42.37250137
16047,-71.0813980,42.37319946
15962,-71.0216980,42.37400055
16050,-71.1107620,42.37553400
16058,-71.1231995,42.37749863
13153,-87.9436035,42.37760162
13150,-87.9367981,42.37779999
13149,-87.9376984,42.37784576
13158,-87.9436035,42.37810135
13155,-87.9383011,42.37820053
16282,-73.2747498,42.38116837
16522,-71.0823975,42.38199997
13157,-87.9429000,42.38239100
13156,-87.9555969,42.38320160
18219,-83.3205490,42.38366318
16054,-71.1188170,42.38426300
16281,-73.2739029,42.38679886
13154,-87.9525986,42.38710022
18440,-83.4810028,42.38750076
15963,-71.0157013,42.38880157
16039,-71.1432037,42.38890076
16589,-71.2596970,42.39350128
16590,-71.2594986,42.39360046
16591,-71.2602005,42.39469910
16588,-71.2596970,42.39699936
16584,-71.2549973,42.39730072
16298,-73.2689972,42.39749908
16287,-73.2697296,42.39757156
16585,-71.2590027,42.39770126
16587,-71.2589035,42.39780045
13113,-90.3384018,42.39849854
12400,-96.3698870,42.39938400
16040,-71.1501007,42.39989853
16468,-71.0065994,42.40000153
18550,-86.2419600,42.40500000
13164,-88.6133423,42.40753937
13107,-90.4214020,42.40769958
18209,-83.4178009,42.40999985
18216,-83.4176025,42.41090012
18552,-86.2472000,42.41109848
18218,-83.4287033,42.41189957
16465,-71.0034332,42.41223907
18215,-83.4287033,42.41270065
18211,-83.4189987,42.41289902
18220,-83.4287033,42.41350174
16330,-71.1046982,42.41669846
24670,-76.5136032,42.42490005
18551,-86.2631988,42.42660141
18712,-83.7649002,42.42729950
16467,-71.0149994,42.42800140
18214,-83.4216995,42.42940140
13681,-87.9312973,42.43370056
16429,-73.3112564,42.43420029
12394,-96.3444977,42.43439865
12396,-96.3444672,42.43453979
12404,-96.3690033,42.43529892
18208,-83.4135971,42.43529892
24678,-76.5084152,42.43636322
24663,-76.4633026,42.43669891
24672,-76.4989014,42.43780136
18383,-83.4357986,42.43820190
25179,-74.9865036,42.43889999
12397,-96.3480988,42.44029999
12378,-90.8491974,42.44120026
24556,-79.3283997,42.44169998
18392,-83.4340973,42.44309998
16424,-73.2620163,42.44328308
16302,-71.2620010,42.44530106
12467,-93.8125992,42.44580078
16466,-71.0239029,42.44599915
12398,-96.3463974,42.44670105
18390,-83.4340973,42.44720078
22474,-96.4136963,42.44740677
24555,-79.3065109,42.44757080
16427,-73.2542038,42.44829941
18436,-85.6528091,42.44848251
25171,-75.0612030,42.45270157
22452,-98.6528015,42.45780182
22451,-98.6379013,42.45780182
24470,-79.3245010,42.45780182
24472,-79.3171081,42.45862579
18564,-83.2782135,42.45980072
16503,-71.0121079,42.46303940
12454,-92.3177032,42.46400070
25173,-75.0483017,42.46419907
16088,-71.3852997,42.46440125
12451,-92.3192978,42.46590042
12241,-91.9199982,42.46789932
12449,-92.3209915,42.46790695
17943,-83.4184494,42.46796417
12459,-92.3210754,42.46862411
16430,-73.2037125,42.46875381
17945,-83.4200974,42.46889877
17944,-83.4241970,42.46944400
12196,-91.1170044,42.47042847
12482,-93.5869980,42.47119904
12197,-91.1138992,42.47140121
12748,-88.0942993,42.47159958
16504,-71.0242996,42.47280121
18570,-83.2425003,42.47359848
12452,-92.3326034,42.47380066
16034,-71.2120972,42.47570038
16032,-71.2115021,42.47610092
18575,-83.2431030,42.47629929
24664,-76.4827652,42.47718048
12403,-96.3514175,42.47943115
16004,-71.5473023,42.47980118
12024,-92.4465027,42.48030090
16033,-71.2198029,42.48070145
18387,-83.4674988,42.48130035
18393,-83.4665985,42.48130035
24676,-76.4846725,42.48184967
12288,-91.4676971,42.48199844
24667,-76.4827118,42.48270035
18681,-83.0820847,42.48274231
12289,-91.4744034,42.48379898
16035,-71.1943970,42.48379898
18571,-83.2855988,42.48419952
24666,-76.4644012,42.48419952
18561,-83.2579850,42.48433700
18573,-83.2740021,42.48469925
18563,-83.2739029,42.48469925
18389,-83.4679031,42.48519897
18568,-83.2445984,42.48559952
16030,-71.2143021,42.48569870
18691,-83.0849991,42.48609924
15919,-71.2647934,42.48686600
16031,-71.2217026,42.48740005
24471,-79.3339996,42.48759842
18388,-83.4801025,42.48830032
12189,-90.7381363,42.48877716
18567,-83.2781982,42.48889923
12399,-96.4020996,42.48970032
12184,-90.6753006,42.49016571
12182,-90.7334061,42.49031448
12186,-90.7334976,42.49050140
12191,-90.7040558,42.49156952
18569,-83.2990036,42.49160004
18687,-83.0099029,42.49160004
12185,-90.7238007,42.49169922
18566,-83.2986984,42.49179840
12181,-90.7180023,42.49190140
17938,-83.4173966,42.49240112
18574,-83.2882996,42.49359894
12456,-92.3391342,42.49396133
18565,-83.3003998,42.49430084
18391,-83.4760971,42.49449921
16662,-71.1239014,42.49549866
18562,-83.2325000,42.49580000
18572,-83.3020020,42.49779892
12187,-90.6653976,42.49819946
17941,-83.3544006,42.49890137
17940,-83.3594971,42.49900055
12218,-94.1331024,42.50009918
35204,-89.0335007,42.50070190
12217,-94.1475983,42.50120163
16659,-71.1397018,42.50310135
12216,-94.1571884,42.50329971
16660,-71.1340027,42.50350189
16661,-71.1297989,42.50419998
16663,-71.1312027,42.50609970
15917,-71.2397003,42.51309967
12027,-92.4276962,42.51319885
18692,-83.0251999,42.51399994
18685,-83.0261002,42.51430130
16582,-71.0863037,42.51459885
18693,-83.0262985,42.51499939
18682,-83.0286026,42.51549911
12214,-94.2230988,42.51610184
12256,-93.2630005,42.51660156
16583,-71.0450974,42.51819992
18688,-83.0288010,42.52040100
16494,-70.8984985,42.52090073
16419,-70.9747009,42.52095413
35208,-88.9849014,42.52379990
16421,-70.9568024,42.52379990
35206,-88.9848328,42.52386856
18694,-83.0309982,42.52399826
18477,-82.9116974,42.52479935
16422,-70.9954987,42.52479935
18475,-82.9093018,42.52500153
29374,-96.4987335,42.52516174
29373,-96.5018005,42.52529907
35207,-88.9805985,42.52529907
16664,-71.1404038,42.52550125
35205,-88.9776993,42.52590179
29372,-96.5019684,42.52591324
18476,-82.9177017,42.52700043
18690,-83.0293121,42.52899933
18481,-82.9107895,42.52928543
18291,-83.1196976,42.53010178
18679,-83.0319977,42.53030014
18680,-83.0318985,42.53039932
18289,-83.1199036,42.53070068
18684,-83.0317001,42.53079987
18294,-83.1199036,42.53089905
18293,-83.1128006,42.53089905
18683,-83.0317001,42.53089905
18480,-82.9092026,42.53129959
18288,-83.1200790,42.53165436
18292,-83.1115180,42.53174500
18478,-82.9094009,42.53179932
16299,-71.7424090,42.53237400
18287,-83.1247559,42.53347397
18290,-83.1200027,42.53350067
12455,-92.3376850,42.53380200
15923,-71.2640000,42.53392000
25148,-75.5244827,42.53467560
25149,-75.5248795,42.53658676
15924,-71.2676010,42.53699875
15925,-71.2855988,42.53870010
18587,-83.0289993,42.53879929
17806,-83.8029022,42.54320145
17797,-83.2148972,42.54449844
18659,-83.1761017,42.54479980
16173,-71.8509979,42.54719925
18590,-83.0276947,42.54742813
17863,-83.1631775,42.54753494
16300,-71.7609024,42.54850006
16095,-70.9391327,42.54852295
16301,-71.7618027,42.54880142
18654,-83.1202011,42.54909897
17847,-84.7879028,42.54959869
22242,-99.8488617,42.54976273
18586,-83.0290985,42.55039978
17805,-83.7940979,42.55080032
17848,-84.8252029,42.55300140
16094,-70.9357986,42.55450058
17796,-83.2203980,42.55519867
18661,-83.1277008,42.55590057
16418,-70.9792023,42.55630112
18658,-83.1304016,42.55699921
18653,-83.1616974,42.55709839
18662,-83.1473999,42.55820084
16417,-70.9784012,42.55839920
16420,-70.9778976,42.55870056
18588,-83.0290985,42.55910110
18592,-83.1803970,42.56140137
16097,-70.9766740,42.56175300
18655,-83.1548996,42.56230164
18660,-83.1520004,42.56250000
16100,-70.9794998,42.56259918
12546,-113.7929001,42.56309891
35451,-87.9577942,42.56348038
12713,-114.4832993,42.56349945
35452,-87.9492430,42.56603100
16188,-71.9808044,42.56625366
35449,-87.9520035,42.56660080
16096,-70.9750977,42.56669998
16187,-71.9541016,42.56809998
24463,-77.7171020,42.56919861
35447,-87.9549026,42.57009888
16098,-70.9456024,42.57030106
12585,-113.7842026,42.57300186
18589,-83.0309448,42.58023834
17798,-83.2436981,42.58150101
25053,-76.1259003,42.58150101
12721,-114.4599991,42.58430099
12719,-114.4601974,42.58589935
16211,-72.6240997,42.58649826
18101,-83.9340973,42.58660126
12714,-114.4601974,42.58661270
12718,-114.4600130,42.58805700
12720,-114.4601974,42.58810043
35486,-88.4332962,42.58860016
35487,-88.4330978,42.58879852
35496,-88.4347000,42.59180069
12716,-114.4662018,42.59270096
16099,-70.9666977,42.59320068
12717,-114.4634018,42.59429932
18656,-83.1651993,42.59510040
24484,-73.7073975,42.59619904
12715,-114.4549713,42.59745026
18337,-82.8749085,42.59886551
18657,-83.1689987,42.59930038
24458,-76.1781006,42.60110092
16079,-71.3459015,42.60359955
24460,-76.1683426,42.60639191
18442,-83.2514038,42.60639954
35650,-89.6531130,42.60646300
18443,-83.2511978,42.60649872
24459,-76.1634979,42.60660172
18444,-83.2546005,42.60710144
16077,-71.3406982,42.60829926
16190,-70.6343994,42.61009979
24457,-76.1664581,42.61063766
16305,-71.3167038,42.61380005
17730,-83.2479782,42.61867905
24570,-73.7826004,42.61980057
15891,-73.1188240,42.62209200
18591,-82.9811020,42.62279892
17864,-82.8645020,42.62279892
24571,-73.7777634,42.62306595
24486,-73.7008972,42.62319946
35267,-88.6253128,42.62470245
16078,-71.3650971,42.62739944
18671,-83.0099029,42.62789917
18668,-83.0101013,42.62839890
35265,-88.6286020,42.62916500
18670,-83.0092011,42.63209915
18672,-83.0094986,42.63240051
35266,-88.6411972,42.63380051
18067,-83.7505035,42.63399887
25256,-73.7005640,42.63876100
24487,-73.7005997,42.63880157
16577,-71.2409973,42.63959885
18457,-83.1709976,42.64179993
16573,-71.2397003,42.64260101
16576,-71.2415008,42.64270020
16572,-71.2285004,42.64279938
16574,-71.2366028,42.64289856
18513,-86.2015991,42.64690018
12422,-95.2006912,42.64753723
18456,-83.1695023,42.64770126
17739,-83.2459640,42.64903641
17738,-83.2479019,42.64920044
17736,-83.2437973,42.64920044
17968,-84.0728989,42.65019989
24239,-73.7517014,42.65159988
18695,-83.3744965,42.65449905
24436,-74.9627991,42.65449905
25199,-77.0548390,42.65715400
17733,-83.2441025,42.65729904
16578,-71.3963013,42.65750122
18186,-84.5365982,42.65840149
17734,-83.2455978,42.65900040
25363,-74.3069000,42.65909958
17731,-83.2455978,42.65940094
12418,-95.2004318,42.66091919
18196,-84.5394669,42.66157150
17735,-83.2459030,42.66289902
17737,-83.2459400,42.66313900
17732,-83.2454987,42.66350174
12339,-91.9092026,42.66400146
17727,-83.2459030,42.66479874
17728,-83.2455978,42.66640091
18182,-84.5372543,42.66793823
35434,-88.9802017,42.67610168
24233,-73.8286972,42.67850113
16195,-70.6574860,42.67872700
24430,-74.4629974,42.67950058
18394,-84.4284973,42.67990112
24253,-73.7838700,42.67997300
24248,-73.8349991,42.68030167
18395,-84.4347992,42.68109894
24428,-74.4753037,42.68199921
18397,-84.4326706,42.68298340
12601,-114.3942032,42.68379974
18396,-84.4305070,42.68453700
12600,-114.5186005,42.68619919
15906,-71.2111969,42.68759918
15902,-71.1940994,42.68880081
18192,-84.5002975,42.68949890
18197,-84.5068970,42.68980026
24238,-73.8209000,42.68999863
24257,-73.8216019,42.69039917
24243,-73.8218994,42.69070053
24242,-73.8227997,42.69100189
15904,-71.2192001,42.69129944
15907,-71.2098999,42.69210052
15903,-71.2017975,42.69219971
24237,-73.8272018,42.69279861
15908,-71.2087021,42.69300079
16385,-73.1066971,42.69860077
16386,-73.1133118,42.70266342
36182,-110.9331840,42.70280900
16653,-73.1877975,42.70289993
18179,-84.5012970,42.70479965
22728,-71.4483032,42.70859909
24240,-73.8211136,42.70991898
24245,-73.7817993,42.71210098
12464,-92.4748001,42.71269989
24241,-73.7827988,42.71279907
35437,-88.9806976,42.71400070
12462,-92.4758835,42.71540451
35730,-87.8664703,42.71569443
16489,-70.9023972,42.71590042
24256,-73.8311600,42.71633200
24235,-73.8345032,42.71799850
35733,-87.8701096,42.71886063
17923,-84.4548020,42.71891900
35732,-87.8591995,42.71900177
35735,-87.8687973,42.71920013
35739,-87.8850479,42.71956253
24254,-73.8367462,42.71969986
24236,-73.8051987,42.71969986
24250,-73.8361664,42.71983337
24251,-73.8033981,42.72079849
24255,-73.8038025,42.72090149
24232,-73.8028030,42.72180176
24249,-73.8021011,42.72190094
35839,-87.9450989,42.72209930
18195,-84.6420975,42.72240067
35442,-88.9946976,42.72266769
35441,-88.9947968,42.72290039
24244,-73.7972031,42.72520065
35731,-87.7826004,42.72597885
24801,-73.7975006,42.72614670
17919,-84.4803009,42.72669983
17922,-84.4526977,42.72679901
35435,-88.9914017,42.72800064
35436,-88.9925003,42.72869873
17921,-84.4608994,42.72890091
35439,-88.9915820,42.72915900
25436,-73.6865006,42.73089981
35737,-87.7813034,42.73189926
22724,-71.4775009,42.73279953
18191,-84.5504990,42.73379898
12238,-94.2223587,42.73387909
17920,-84.4805985,42.73609924
35705,-90.4863000,42.73820000
24596,-78.8454971,42.73920059
18185,-84.6620026,42.73939896
18178,-84.6623993,42.74100113
18187,-84.6604004,42.74100113
18193,-84.6592026,42.74119949
18188,-84.6583240,42.74123700
18183,-84.6557999,42.74140167
24595,-78.8478241,42.74143219
18189,-84.5080643,42.74190521
24597,-78.8486023,42.74219894
18190,-84.6560974,42.74290085
22727,-71.4929830,42.74290800
18194,-84.6557999,42.74330139
24794,-73.8162994,42.74539948
24795,-73.7598038,42.74746704
18086,-86.0790024,42.75220108
24798,-73.7711716,42.75431061
24800,-73.7739563,42.75501251
36257,-105.4035110,42.75523758
36353,-104.4514008,42.75590134
36352,-104.4520520,42.75649600
18181,-84.5128021,42.76070023
24796,-73.7567978,42.76110077
25362,-73.9403410,42.76228400
17918,-84.5030975,42.76229858
34230,-73.2322006,42.76259995
36255,-105.3994980,42.76300049
24559,-73.8244019,42.76390076
36253,-105.4067001,42.76520157
24799,-73.8134994,42.76599884
35876,-88.1990967,42.76649857
24475,-78.6081009,42.76649857
24476,-78.6176987,42.76689911
18075,-86.0863113,42.76868820
16230,-71.1205978,42.76961136
18077,-86.0867004,42.76969910
24793,-73.7533035,42.77190018
25360,-73.9366989,42.77249908
16229,-71.1159973,42.77339935
22643,-71.4448013,42.77500153
22777,-71.2470017,42.77579880
18072,-86.0762939,42.77586365
18078,-86.0780029,42.77590179
22776,-71.2470017,42.77619934
17951,-83.7338028,42.77669907
24335,-78.8113022,42.77679825
16231,-71.0701820,42.77712900
12280,-96.1849976,42.77920151
25359,-73.9557037,42.77930069
22779,-71.2398987,42.78060150
12282,-96.1835022,42.78083420
18080,-86.0804977,42.78279877
22722,-71.5099029,42.78609848
29467,-96.9122238,42.78673553
29466,-96.9431763,42.78705215
22723,-71.4983990,42.78753500
18073,-86.1391983,42.78820038
24371,-78.8166428,42.78982162
25438,-76.1203995,42.79949951
25354,-73.9368286,42.81129456
18076,-86.0840330,42.81186800
25357,-73.9345017,42.81349945
36366,-109.8393021,42.81650162
24712,-78.8464813,42.81659317
18083,-86.0885010,42.81940079
18082,-86.0953980,42.81949997
22268,-103.0174026,42.82139969
36210,-106.3668976,42.82300186
18007,-85.6688970,42.82567100
18023,-85.6775513,42.82630920
24563,-77.7362747,42.82631683
24373,-78.7865280,42.82869500
22273,-103.0112991,42.82970047
22715,-71.4913025,42.83060074
36333,-108.7220001,42.83100128
22717,-71.4913025,42.83119965
35928,-88.7125015,42.83176041
36337,-108.7254160,42.83241500
17909,-84.5427322,42.83567810
35926,-88.7638626,42.83570099
35308,-89.0250702,42.83577347
34078,-72.5658035,42.83750153
22716,-71.4962006,42.83900070
18018,-85.6748962,42.84260178
15892,-70.9093018,42.84420013
18105,-85.8575130,42.84731700
35507,-90.7126999,42.84809875
35655,-88.3197555,42.85084915
36203,-106.2716980,42.85160065
35635,-90.1883850,42.85479355
36270,-106.2693100,42.85549164
36201,-106.3218460,42.85646439
24567,-77.0038800,42.85675600
36202,-106.3290024,42.85720062
34083,-72.5599976,42.85726166
36205,-106.3265090,42.85738600
36206,-106.3321152,42.86091232
12671,-112.4362946,42.86092377
24422,-73.7782974,42.86280060
36204,-106.3400480,42.86312400
24425,-73.7781982,42.86429977
18104,-85.8525085,42.86449814
24423,-73.7752838,42.86502075
24424,-73.7683029,42.86510086
18719,-85.6828003,42.86619949
22484,-100.5398026,42.86750031
22488,-100.5490036,42.86759949
36209,-106.3115460,42.86797000
24568,-76.9448547,42.87492752
24364,-78.7974854,42.87746429
24411,-78.7936020,42.87749863
24387,-77.2744980,42.87779999
24394,-77.2566986,42.87779999
34080,-72.5619965,42.87789917
24389,-77.2626419,42.87829971
34057,-73.1970290,42.87831900
29486,-97.3645020,42.87910080
18035,-85.7822037,42.88290024
18118,-85.0749969,42.88420105
18720,-85.6826019,42.88463593
18454,-85.0427017,42.88589859
34082,-72.5547800,42.88830000
24376,-78.8740006,42.88830185
24366,-78.8727035,42.89020157
24372,-78.8769989,42.89039993
18037,-85.7481003,42.89070129
29488,-97.4156000,42.89100000
29487,-97.3967972,42.89550018
24377,-78.8753967,42.89550018
22782,-70.8860016,42.89690018
24363,-78.8746033,42.89820099
12677,-112.4330978,42.89830017
34060,-73.2105026,42.89979935
18036,-85.7781982,42.89989853
24370,-78.8644028,42.90019989
17994,-83.6308289,42.90047073
12674,-112.4336014,42.90060043
12668,-112.4332962,42.90079880
24374,-78.8737030,42.90110016
12667,-112.4317017,42.90140152
18034,-85.7761993,42.90309906
12670,-112.4286652,42.90398407
25475,-76.8367004,42.90589905
24412,-78.7713013,42.90679932
18172,-85.5747986,42.90779877
24409,-78.7725983,42.90840149
18174,-85.5747986,42.90919876
18171,-85.5737991,42.90959930
18030,-85.5621185,42.91028976
22694,-71.3743362,42.91214752
18024,-85.5559692,42.91233826
18173,-85.5800960,42.91236300
18006,-85.5647354,42.91237259
35354,-88.8496710,42.91242900
18015,-85.5444031,42.91249847
18026,-85.5849991,42.91260147
18170,-85.5504990,42.91270065
18017,-85.5503006,42.91270065
18032,-85.5476990,42.91270065
18011,-85.5310593,42.91284180
18027,-85.5419998,42.91289902
18010,-85.5270996,42.91289902
12556,-112.4616620,42.91306300
18028,-85.5837021,42.91400146
18019,-85.5701981,42.91429901
18013,-85.5699997,42.91429901
12675,-112.4712610,42.91448900
12676,-112.4669037,42.91450119
35668,-87.9309006,42.91529846
18319,-82.4770966,42.91989899
22663,-72.2912979,42.92119980
22665,-72.3029404,42.92305374
24375,-78.7416000,42.92350006
22664,-72.2930985,42.92359924
22704,-71.4484024,42.92449951
24365,-78.7428970,42.92671967
35358,-88.8342514,42.92736435
35669,-87.9257736,42.92824173
35626,-87.9300232,42.92869186
35625,-87.9302979,42.92959976
22708,-71.4495010,42.92959976
35607,-87.9214020,42.93019867
22710,-71.4489975,42.93019867
35667,-87.9283981,42.93050003
35666,-87.9296875,42.93069458
24379,-78.7292862,42.93146515
24368,-78.7249985,42.93289948
24299,-76.5735016,42.93351746
24410,-78.7160034,42.93470001
22699,-71.4135971,42.93529892
24297,-76.5664978,42.93600082
18318,-82.4549408,42.93610764
24413,-78.7176285,42.93740845
24289,-74.1893997,42.93859863
35355,-88.8553009,42.93880081
24288,-74.1924973,42.93880081
22508,-71.4664001,42.94020081
17996,-83.6814957,42.94385910
17965,-83.7188034,42.94430161
34352,-72.8628400,42.94444000
22707,-71.4525986,42.94449997
35597,-87.9133987,42.94710159
35603,-87.9105225,42.94820023
12570,-112.8383026,42.94869995
24344,-78.6917038,42.94869995
35630,-87.9097214,42.94914627
25509,-78.6931000,42.95000076
22701,-71.4321976,42.95000076
22712,-71.4319000,42.95019913
25512,-78.6932907,42.95101166
18175,-82.5020904,42.95132446
35600,-87.9088974,42.95209885
35621,-87.9099870,42.95290000
34349,-72.8718000,42.95510000
35657,-88.1070023,42.95600128
22709,-71.4449005,42.95800018
35629,-87.9099870,42.95815400
22706,-71.4355011,42.95890045
35613,-87.9180985,42.95920181
35615,-87.9375992,42.95949936
22703,-71.4339981,42.96170044
22711,-71.4484000,42.96200000
25510,-78.7498016,42.96200180
18021,-85.6594140,42.96317900
18009,-85.6734009,42.96350098
25508,-78.6977921,42.96366882
12479,-91.8149490,42.96398544
18012,-85.6779022,42.96640015
18005,-85.6722031,42.96680069
17959,-83.7168198,42.97373581
35268,-90.1260986,42.97399902
17958,-83.6999969,42.97470093
22700,-71.4739227,42.97526169
22702,-71.4735947,42.97635651
35271,-90.1276570,42.97726000
24367,-78.7797012,42.97859955
17964,-83.7639008,42.97900009
24419,-78.5951870,42.98025200
24702,-78.8865128,42.98083878
25462,-77.4233017,42.98379898
24369,-78.8225021,42.98410034
17967,-83.7403488,42.98757172
24283,-78.7913971,42.98789978
35443,-88.8110046,42.98951721
24285,-78.7926025,42.98979950
18448,-82.4520035,42.98996735
18450,-82.4513016,42.99000168
24284,-78.8001730,42.99092100
24380,-78.7846650,42.99143700
17963,-83.7408420,42.99301300
17966,-83.7405014,42.99368286
35865,-89.5179596,42.99407959
18025,-85.6754990,42.99560165
22698,-71.4550320,42.99621400
12346,-96.0463850,42.99724600
25507,-78.6969986,42.99750137
29355,-100.5731659,42.99846649
18453,-82.4250031,42.99869919
18452,-82.4405975,43.00120163
25198,-78.4017105,43.00370026
18449,-82.4422989,43.00569916
24281,-78.8224029,43.00600052
18106,-83.0785523,43.00622177
24286,-78.8211441,43.00650024
24280,-78.8193970,43.00650024
18107,-83.0727005,43.00690079
24306,-78.2069015,43.00780106
17811,-83.6343994,43.00870132
25433,-78.8225021,43.00889969
24580,-78.9599991,43.01250076
35912,-88.0467835,43.01266479
18022,-85.6881680,43.01431800
24308,-78.1920013,43.01449966
24313,-78.1924896,43.01457977
18014,-85.6886978,43.01490021
17876,-83.5147095,43.01619720
24311,-78.1922989,43.01639938
24310,-78.1950989,43.01660156
35882,-88.2061997,43.01739883
18031,-85.6816025,43.01819992
17956,-83.6350021,43.01839828
35602,-87.9813003,43.01850128
35540,-89.4228973,43.01869965
18676,-85.7249298,43.01906967
35219,-88.1071014,43.01950073
24309,-78.1959000,43.01979828
35218,-88.1071014,43.02040100
24698,-74.3618012,43.02090073
35217,-88.1073990,43.02149963
35226,-88.1147995,43.02180099
24699,-74.3601685,43.02490234
17961,-83.6831970,43.02560043
35883,-88.1877594,43.02725983
35227,-88.1072998,43.02750015
35722,-91.1260986,43.02799988
36377,-108.4264069,43.02822495
24530,-76.0198975,43.02909851
35911,-88.0475006,43.03139877
36378,-108.3815994,43.03400040
36380,-108.3801880,43.03524017
35222,-88.1467972,43.03530121
35549,-89.4090652,43.03534698
35907,-88.0594711,43.03582001
35223,-88.1663971,43.03609848
35225,-88.1575012,43.03609848
35224,-88.1658550,43.03633700
35884,-88.1784973,43.03680038
35220,-88.1228027,43.03689957
35881,-88.1784973,43.03699875
35221,-88.1669006,43.03710175
35627,-87.9198685,43.03716278
35604,-87.9159012,43.03749847
35228,-88.1267014,43.03810120
35595,-87.9424973,43.03870010
35611,-87.9199982,43.03870010
35610,-87.9186020,43.03870010
35628,-87.9107971,43.03870010
35616,-87.9124298,43.03873825
35623,-87.9060974,43.03889847
35601,-87.9143982,43.03900146
36379,-108.3807870,43.03967500
35614,-87.9065018,43.03990173
35727,-91.1063000,43.04110000
35617,-87.9153976,43.04119873
25420,-76.1343994,43.04159927
18198,-83.3215027,43.04180145
35618,-87.9107971,43.04209900
18199,-83.3158035,43.04230118
35696,-88.2567978,43.04299927
22759,-70.7714539,43.04322815
22668,-76.1510010,43.04349899
35622,-87.9003982,43.04410172
35551,-89.2714462,43.04417801
35605,-88.0432640,43.04513900
35599,-87.9004974,43.04579926
17997,-86.2204971,43.04639816
35521,-89.3740006,43.04690170
35264,-88.3916016,43.04690170
35545,-89.2978592,43.04781723
35526,-89.3051000,43.04798000
25108,-77.0955734,43.04801559
25417,-76.1473460,43.04813000
24616,-77.6576996,43.04840088
12329,-92.3179016,43.04859924
35533,-89.3769989,43.04980087
35547,-89.3771973,43.04999924
36376,-108.3808970,43.05031800
35697,-88.2258835,43.05055618
12060,-92.6726990,43.05319977
12059,-92.6725006,43.05319977
25412,-76.1474609,43.05323029
35263,-88.3705978,43.05390167
35519,-89.4990006,43.05400085
25486,-76.5593033,43.05500031
25272,-77.6539993,43.05573273
35529,-89.5272980,43.05770111
24615,-77.6523972,43.05770111
35531,-89.4961014,43.05879974
35541,-89.4959030,43.05879974
35624,-88.0478973,43.05889893
24617,-77.6446991,43.05889893
35909,-88.0522003,43.05950165
35908,-88.0521011,43.05950165
25276,-77.6517029,43.05970001
17960,-83.7593994,43.06090164
17955,-83.7657013,43.06299973
22761,-70.7910995,43.06299973
22729,-70.7201004,43.06729889
25336,-73.7891998,43.06850052
26926,-124.4309006,43.06999969
25267,-77.6252975,43.07138062
22758,-70.7798004,43.07170105
25281,-77.6257019,43.07199860
35518,-89.4274979,43.07229996
35532,-89.3811035,43.07260132
35517,-89.3845978,43.07310104
25350,-73.7808700,43.07375000
22763,-70.7786026,43.07469940
25337,-73.7870026,43.07559967
24501,-76.0579000,43.07560000
35524,-89.3861990,43.07600500
35444,-88.7742004,43.07609940
18002,-86.2123032,43.07619858
35699,-88.2657000,43.07680000
35514,-89.5243030,43.07763300
11959,-94.2352982,43.07849884
25170,-75.6441879,43.07867813
35528,-89.3900986,43.07889938
25338,-73.7861023,43.07889938
22767,-70.7596970,43.07970047
25405,-76.2279968,43.08150101
29469,-98.3006973,43.08160019
35534,-89.5243988,43.08190155
11957,-94.2277985,43.08269882
25125,-79.0577011,43.08330154
29260,-96.7910004,43.08349991
25124,-79.0616989,43.08349991
25132,-79.0599594,43.08377457
25122,-79.0604019,43.08390045
22760,-70.7797012,43.08430099
35523,-89.5240021,43.08449936
25407,-76.0903015,43.08489990
35593,-89.5242004,43.08610153
25127,-79.0594025,43.08620071
25289,-77.5957031,43.08689880
25274,-77.5858994,43.08720016
35445,-88.7609634,43.08826828
25135,-78.9766006,43.08829880
22762,-70.7934036,43.08829880
25133,-78.9760590,43.08830643
24502,-76.0783844,43.08851624
25130,-79.0628967,43.08923721
35591,-89.5270996,43.08950043
25129,-78.9904709,43.08951569
25419,-76.0924301,43.08988953
25411,-76.0926971,43.09019852
25415,-76.0859985,43.09099960
24815,-76.1706314,43.09129715
24810,-76.1700974,43.09130096
22766,-70.8012520,43.09139000
24505,-76.0857010,43.09149933
24508,-76.0855331,43.09154129
24504,-76.0857010,43.09159851
25409,-76.0858002,43.09170151
24503,-76.0851974,43.09170151
24506,-76.0735016,43.09170151
24507,-76.0859985,43.09189987
35592,-89.5270004,43.09239960
25413,-76.0847015,43.09270096
25418,-76.1718369,43.09311676
25137,-78.9536057,43.09506226
25118,-78.9536972,43.09529877
25142,-76.1698990,43.09560013
35594,-89.5151977,43.09590149
35504,-88.9085350,43.09700000
24812,-76.1796036,43.09899902
25450,-75.2316971,43.10129929
35612,-87.9167023,43.10260010
24811,-76.1872025,43.10269928
25278,-77.6158981,43.10449982
24813,-76.1858368,43.10476303
25270,-77.6192017,43.10670090
25408,-76.2859802,43.10826874
35364,-87.9166031,43.10990143
25445,-75.2185974,43.10990143
24807,-76.1969986,43.11100006
25451,-75.2151032,43.11299896
25453,-75.2117996,43.11539841
25141,-76.1358032,43.11569977
35620,-88.0554060,43.11598200
35367,-87.9169006,43.11660004
35598,-88.0593033,43.11709976
25406,-76.1429977,43.11729813
25416,-76.0136032,43.11869812
12072,-93.3871994,43.11920166
35536,-89.3200989,43.11949921
35608,-88.0559006,43.11949921
35515,-89.3104019,43.12440109
25268,-77.4933014,43.12639999
12409,-95.1457977,43.12670135
35525,-89.3094025,43.12710190
24816,-76.2182999,43.12749863
35539,-89.3005981,43.13069916
25280,-77.6604996,43.13069916
25275,-77.6688995,43.13090134
35516,-89.3000031,43.13109970
22567,-70.9199982,43.13180161
25265,-77.6664810,43.13198471
12078,-93.3771000,43.13580000
35546,-89.3002014,43.13690186
25286,-77.6661700,43.13753700
25287,-77.6708390,43.13842000
35548,-89.2882996,43.13859940
35543,-89.2992020,43.13999939
35542,-89.2997971,43.14139938
35530,-89.3002014,43.14179993
12648,-115.6619034,43.14189911
12654,-115.6613464,43.14365387
35537,-89.2907780,43.14413400
12069,-93.3572998,43.14479828
18384,-86.2079010,43.14709854
17674,-70.6764984,43.14720154
12303,-93.2325974,43.14820099
12302,-93.2387466,43.14826202
12304,-93.2450027,43.14839935
35366,-87.9144974,43.14889908
24809,-76.2213974,43.14929962
34257,-73.1971460,43.14996400
25288,-77.6137310,43.15530600
25283,-77.6000977,43.15629959
25264,-77.6099014,43.15650177
25282,-77.6075974,43.15670013
25271,-77.6131973,43.15689850
34314,-72.8375015,43.15779877
35609,-88.0605011,43.15810013
18361,-86.2129974,43.16149902
34187,-73.0727005,43.16360092
18357,-86.2058258,43.16587448
35879,-88.7306976,43.17129898
22517,-71.5352020,43.17160034
35880,-88.7322388,43.17206955
36184,-111.0075989,43.17409897
34315,-72.8266000,43.17450000
35229,-87.9757996,43.17779922
35231,-87.9581986,43.17869949
35362,-88.1182022,43.17890167
22534,-71.5238037,43.18569946
12387,-95.8540421,43.18594742
35230,-87.9654999,43.18650055
35842,-89.2305985,43.18659973
22536,-71.5253525,43.18868256
12382,-96.3245000,43.19300000
24346,-77.9440002,43.19459915
35931,-89.3439026,43.19599915
22538,-71.5282974,43.19599915
12500,-112.3585968,43.19630051
25279,-77.5766983,43.19689941
18367,-86.2633972,43.19789886
12230,-96.2845993,43.20000076
12499,-112.3571014,43.20040131
35840,-89.2107010,43.20050049
22535,-71.5438995,43.20069885
25269,-77.6731033,43.20429993
25285,-77.6523972,43.20479965
25266,-77.6663590,43.20496750
25290,-77.6732025,43.20500183
35585,-87.9240036,43.20539856
25297,-75.4618225,43.20706940
22539,-71.5373993,43.20930099
25277,-77.6714020,43.20949936
25273,-77.6716003,43.21030045
27363,-123.3522873,43.21263885
27358,-123.3539963,43.21279907
17683,-88.1503982,43.21500015
35359,-88.1182022,43.21530151
35360,-88.1185989,43.21559906
35930,-89.3417969,43.21689987
25296,-75.4518000,43.21800000
22563,-70.8850326,43.21955109
27359,-123.3448563,43.21958923
22562,-70.8901070,43.22347500
27360,-123.3584976,43.22650146
27364,-123.3595963,43.22719955
27356,-123.3591690,43.22796631
27355,-123.3640976,43.22800064
24345,-76.1308975,43.23220062
18363,-86.2528992,43.23410034
27362,-123.3593979,43.23669815
12139,-91.6458000,43.24080000
17794,-83.7676010,43.24760056
17789,-83.7762985,43.25030136
17793,-83.7139969,43.25030136
17795,-83.7751007,43.25033569
17791,-83.7696915,43.25075150
35258,-89.3722992,43.25360107
34273,-72.4474029,43.26900101
12348,-92.7968979,43.28419876
27361,-123.3551941,43.28606033
12136,-91.7752991,43.29090118
24575,-73.6796799,43.29724121
34272,-72.4773026,43.30009842
22537,-71.6147995,43.30820084
24574,-73.6438980,43.31230164
35403,-88.3511963,43.31750107
35761,-90.3707962,43.32020187
35760,-90.3796997,43.32293701
25250,-73.6832962,43.32600021
17974,-83.7394028,43.32860184
25249,-73.6817017,43.33000183
17971,-83.7386017,43.33010101
25251,-73.6744003,43.33249664
17970,-83.7379990,43.33290100
22720,-72.0674973,43.34109879
17406,-70.4728310,43.34718000
35254,-89.0288010,43.34820175
24757,-73.7056732,43.35892868
20832,-86.4121340,43.36124700
24730,-73.6993942,43.36643219
12341,-95.1595993,43.37639999
35768,-87.9307785,43.38066101
12342,-95.1276016,43.38629913
35714,-87.8703003,43.38750076
18704,-86.3348007,43.39020157
24768,-73.7036972,43.39360046
34165,-72.6816160,43.39427400
35918,-88.1896973,43.39640045
34152,-72.6943970,43.39699936
24765,-73.7050018,43.39920044
34099,-72.5910000,43.39950000
24727,-73.7180023,43.40019989
12204,-94.8162003,43.40159988
12205,-94.8171005,43.40200043
24740,-73.7057037,43.40230179
17588,-70.7161331,43.40274048
17424,-70.4798000,43.40290000
24720,-73.7097015,43.40409851
18710,-86.3189011,43.40909958
23864,-86.3442590,43.40955400
18709,-86.3119125,43.40966034
35713,-87.8683014,43.41159821
18483,-83.8962021,43.41339874
24742,-73.7130966,43.41759872
24756,-73.7141724,43.41967010
29331,-103.4668210,43.42136100
29332,-103.4810562,43.42224884
12416,-95.1259003,43.42269897
12414,-95.1011047,43.42356491
35919,-88.2120209,43.42706299
24732,-73.7146378,43.43293381
29329,-103.4823990,43.43539810
24743,-73.7057760,43.43788400
22801,-71.5892181,43.44232941
17586,-70.7817200,43.44316700
36306,-110.8132890,43.45204900
35201,-88.8244019,43.45629883
35202,-88.8233032,43.45629883
25186,-76.5055008,43.46001434
25185,-76.4892044,43.46044159
25183,-76.5090027,43.46099854
34090,-72.4878998,43.46500015
36311,-110.7622986,43.46749878
36327,-110.7536000,43.47020000
36292,-110.7825317,43.47150421
36326,-110.7575989,43.47330093
36288,-110.7824020,43.47340012
35200,-88.8187027,43.47380066
36313,-110.7789307,43.47507477
35184,-89.7686005,43.47549820
12592,-111.9904022,43.47600174
35914,-89.7691000,43.47743300
18492,-83.9625397,43.47743988
12594,-111.9907990,43.47779846
36303,-110.7720261,43.47869873
18486,-83.9625015,43.47909927
36297,-110.7537994,43.47959900
18487,-83.9609985,43.47980118
18484,-83.9706421,43.47982407
18488,-83.9651032,43.47990036
36320,-110.7636100,43.47995000
36298,-110.7613370,43.48032000
36302,-110.7666880,43.48111700
36300,-110.7665024,43.48139954
18485,-83.9694977,43.48519897
35718,-89.4929886,43.48978424
29434,-96.7201996,43.49020004
12591,-112.0528030,43.49620056
12595,-112.0521230,43.49623000
12590,-112.0552368,43.49625015
24766,-73.7767181,43.49677658
19980,-73.7801590,43.49723100
18482,-83.9731979,43.49850082
12599,-112.0465164,43.49937439
12597,-112.0462036,43.50139999
12588,-112.0512009,43.50289917
12596,-112.0235977,43.50379944
12589,-112.0507965,43.50500107
17580,-70.4302979,43.50989914
29441,-96.7799988,43.51150131
29430,-96.7799988,43.51169968
17523,-70.3760960,43.51396100
29440,-96.7837982,43.51409912
29428,-96.7842789,43.51490021
29445,-96.7741013,43.51499939
29423,-96.7782517,43.51625824
29420,-96.7745972,43.51630020
29418,-96.7829971,43.51649857
29432,-96.7744980,43.51689911
17579,-70.4559021,43.51829910
29424,-96.7799988,43.52000046
17577,-70.4487000,43.52059937
29431,-96.7785034,43.52519989
29449,-96.7824860,43.53046036
35743,-89.9882889,43.53243637
35740,-89.9776916,43.53328323
35720,-89.4610290,43.53877640
12506,-116.1565018,43.54019928
29437,-96.7428550,43.54386300
29439,-96.7742844,43.54390717
29448,-96.6931992,43.54679871
29425,-96.7250977,43.54880142
29433,-96.7269900,43.54883700
36260,-109.6695023,43.54890060
25241,-76.1172790,43.55705643
29442,-96.7478027,43.56209946
29438,-96.7435837,43.56338120
29443,-96.7608032,43.56360245
29446,-96.7496796,43.56389236
12537,-116.2015533,43.56691742
29435,-96.7681427,43.56741333
12505,-116.2152023,43.56919861
35717,-89.4774017,43.56940079
12504,-116.2153015,43.56949997
29419,-96.7713013,43.57180023
12539,-116.2143478,43.57304382
12517,-116.2188034,43.57339859
12518,-116.2188034,43.57350159
12509,-116.2176550,43.57360400
12511,-116.2136002,43.57609940
18341,-84.7696152,43.57649231
35868,-90.8888100,43.57688400
12520,-116.2134018,43.57860184
18346,-84.7677231,43.57871628
12516,-116.2129974,43.57989883
36410,-110.8292999,43.58560181
36415,-110.8208008,43.58620071
36325,-110.8272000,43.58800000
36414,-110.8225880,43.58902200
12503,-116.2764969,43.59019852
12639,-116.3937988,43.59030151
27575,-119.0562590,43.59126300
12664,-116.5710297,43.59164047
34244,-72.9696884,43.59187698
29266,-97.2888031,43.59420013
12638,-116.3920840,43.59459700
12538,-116.1779022,43.59569931
17761,-83.8888000,43.59620000
12635,-116.3588028,43.59650040
12634,-116.3920975,43.59680176
12662,-116.5546799,43.59744263
34243,-72.9630051,43.59749985
12636,-116.3574982,43.59820175
35951,-89.7935028,43.59820175
12513,-116.1865005,43.59830093
35944,-89.7907028,43.59830093
12637,-116.3572006,43.59849930
29447,-96.7111090,43.59961000
12519,-116.2744980,43.60129929
17594,-70.3370972,43.60139847
29427,-96.7118988,43.60179901
18343,-84.7754974,43.60200119
29261,-96.5724029,43.60359955
29422,-96.7108307,43.60369873
12529,-116.2141037,43.60459900
18324,-84.1685028,43.60480118
12659,-116.5076981,43.60509872
34242,-72.9816971,43.60739899
12512,-116.1931000,43.60900116
18338,-84.9648972,43.61059952
18339,-84.7325974,43.61130142
12502,-116.2811966,43.61159897
18344,-84.9035034,43.61209869
12501,-116.2844009,43.61289978
18323,-84.2453995,43.61299896
12531,-116.2527161,43.61428070
35952,-89.7870430,43.61526400
12522,-116.2063980,43.61579895
12532,-116.2071991,43.61629868
12526,-116.2072983,43.61719894
34254,-72.9738998,43.61759949
17593,-70.3537979,43.61809921
17611,-70.3058014,43.61940002
25140,-74.0722000,43.61980000
17618,-70.3058701,43.61982727
12515,-116.2322845,43.62028503
17599,-70.3527985,43.62039948
17597,-70.3524017,43.62049866
17616,-70.3038635,43.62125397
35934,-89.8020020,43.62360001
17763,-83.8901977,43.62369919
35940,-89.7976685,43.62549973
35954,-89.8021011,43.62639999
17758,-83.9509964,43.62639999
35942,-89.7591934,43.62725067
34391,-72.4616850,43.62791500
36425,-108.2194977,43.62910080
17615,-70.3340988,43.63000107
17614,-70.3414154,43.63040161
19314,-95.6121902,43.63074875
17619,-70.3397980,43.63209915
34253,-72.9765470,43.63316800
34246,-72.9764023,43.63339996
19315,-95.5942993,43.63449860
19316,-95.6219940,43.63545227
19313,-95.5926971,43.63589859
34235,-72.4039993,43.63746643
19317,-95.5935974,43.63959885
17617,-70.3412018,43.64009857
18802,-94.0909000,43.64086000
34366,-72.3348520,43.64218100
34251,-72.9824905,43.64281464
34144,-72.7888000,43.64528000
34363,-72.3406982,43.64530182
34362,-72.3338776,43.64548492
19018,-94.9944000,43.64889908
34364,-72.3210983,43.64960098
34189,-72.8967438,43.65016556
36418,-108.2005997,43.65069962
17542,-70.3118973,43.65090179
17541,-70.3099976,43.65309906
17544,-70.2614975,43.65330124
18732,-93.3423004,43.65359879
17540,-70.2639999,43.65430069
18325,-84.2470017,43.65480042
18326,-84.2372971,43.65480042
34138,-72.7908020,43.65480042
18728,-93.3386002,43.65510178
18327,-84.2661438,43.65510178
17549,-70.2552032,43.65560150
17547,-70.2819977,43.65570068
19052,-96.2131000,43.65620000
18729,-93.3366013,43.65620041
35418,-90.3323975,43.65670013
17543,-70.2502975,43.65760040
12551,-116.6636963,43.66120148
34367,-72.3636000,43.66150000
35783,-87.7584000,43.67300034
19017,-95.0128021,43.67409897
22669,-72.2595978,43.67409897
17551,-70.3253479,43.67549896
12606,-114.3640976,43.67570114
18942,-94.4480972,43.67570114
18945,-94.4464035,43.67669296
17548,-70.3285790,43.67761100
18748,-92.9934998,43.67900085
12605,-114.3622971,43.67950058
18944,-94.4903000,43.67955000
17545,-70.3290024,43.68019867
17546,-70.3291779,43.68115616
18746,-92.9796829,43.68154144
18747,-92.9797974,43.68159866
12607,-114.3665619,43.68272781
18730,-93.3587036,43.68600082
18726,-93.3585968,43.68610001
35933,-89.8328018,43.68650055
17787,-85.4988022,43.68750000
18064,-86.3854980,43.68769836
17786,-85.5129013,43.68949890
17788,-85.4963379,43.68954468
29361,-98.0099250,43.69013200
29363,-98.0238770,43.69094900
29365,-98.0156021,43.69599915
29359,-98.0168762,43.69790649
27352,-124.1110001,43.69820023
29357,-98.0187988,43.70119858
29364,-98.0466630,43.70147800
29362,-98.0459976,43.70180130
25156,-74.9857025,43.70339966
29358,-98.0300598,43.70378494
29360,-98.0480041,43.70755386
35781,-87.7561035,43.71400070
36421,-108.3556976,43.72259903
12572,-111.1110001,43.72499847
35459,-87.7799988,43.73960114
35780,-87.7126999,43.74530029
27244,-122.4749985,43.74589920
35709,-87.9610977,43.74710083
22719,-71.3987503,43.75130844
35347,-88.4763031,43.75529861
35345,-88.4749985,43.75569916
35782,-87.7452011,43.75640106
35776,-87.7521973,43.75839996
35346,-88.4040985,43.75930023
29286,-103.6096344,43.76330948
29273,-103.6075974,43.76430130
29280,-103.6000977,43.76729965
35778,-87.7594910,43.77361298
35350,-88.4465103,43.78016281
36188,-110.9596024,43.78689957
35351,-88.4812012,43.79130173
35573,-90.0544968,43.79600143
35575,-90.0540466,43.79671478
29375,-99.3893356,43.80098343
29271,-99.3343000,43.80252000
29268,-99.3249200,43.80720000
35462,-91.2563019,43.80860138
29269,-99.3329010,43.81000137
35467,-91.2501984,43.81190109
35465,-91.2537003,43.81209946
12685,-111.7977982,43.81790161
29376,-99.3619000,43.81920000
12687,-111.7888718,43.82062531
17741,-83.0008620,43.82195800
12688,-111.7900009,43.82590103
12686,-111.8081680,43.82596300
35400,-88.9558029,43.83679962
17355,-70.1212006,43.84019852
34073,-73.0329895,43.84026337
35763,-88.8357010,43.84170151
17362,-70.1189957,43.84211731
17858,-84.7680969,43.84320068
35469,-91.2483978,43.84680176
35461,-91.2480011,43.84980011
17357,-70.1054993,43.85039902
17742,-82.9997025,43.85260010
35468,-91.2474976,43.85279846
35466,-91.2470017,43.85329819
27422,-121.4638977,43.85499954
19300,-95.1165314,43.85554886
17359,-70.0998001,43.85649872
35463,-91.2601013,43.85926437
17358,-70.1007004,43.86109924
17354,-70.1003799,43.86291122
25431,-73.7518387,43.87050629
35674,-91.2133560,43.87118149
35675,-91.1884994,43.87810135
17289,-69.9533005,43.88489914
29339,-103.4129000,43.88520000
29367,-100.7166977,43.88619995
29369,-100.7055969,43.88669968
29342,-103.4273987,43.88869858
29343,-103.4265976,43.89070129
35920,-91.0457993,43.89080048
35138,-89.8124000,43.89590000
35673,-91.2273026,43.89799881
17937,-85.2749023,43.90050125
36360,-110.5167000,43.90460000
17286,-69.9197998,43.90693665
17229,-69.8249969,43.90729904
19198,-92.4941025,43.91630173
17284,-69.9643021,43.91889954
29314,-103.5710220,43.92546844
35801,-90.8124008,43.92679977
29368,-100.7029037,43.93360138
29325,-103.5751038,43.93399811
29313,-103.5633011,43.93550110
18222,-86.4047012,43.95569992
18228,-86.4237976,43.95610046
18225,-86.4218979,43.95610046
35795,-90.7872000,43.96420000
19223,-94.6181030,43.97000122
25477,-75.9113007,43.97230148
19183,-92.4611969,43.97249985
25480,-75.9507370,43.97531509
25478,-75.9428482,43.97649002
25479,-75.9358597,43.97778320
35683,-88.5837021,43.98360062
29470,-102.2384033,43.98770142
22744,-71.1107025,43.98780060
29471,-102.2128983,43.98939896
35855,-90.4825974,43.98979950
19181,-92.4598999,43.98999023
29475,-102.2389984,43.99069977
19201,-92.4613037,43.99160004
19161,-96.3272095,43.99478149
35684,-88.5698013,43.99599838
19185,-92.4635010,43.99679947
35682,-88.5814972,43.99840164
19189,-92.4642029,43.99919891
35688,-88.5706482,43.99931335
19195,-92.4626923,44.00019836
19202,-92.4631348,44.00638580
34194,-73.1683000,44.00660000
35689,-88.5840988,44.00949860
35687,-88.5381012,44.01340103
36436,-107.9553070,44.01668167
19177,-92.4684982,44.01679993
36438,-107.9363022,44.01710129
35852,-90.5022354,44.01729965
35853,-90.5022590,44.01751800
35854,-90.5044022,44.01918411
36437,-107.9558029,44.02080154
35857,-90.4918976,44.02080154
19187,-92.4629974,44.02109909
19188,-92.4628982,44.02109909
19199,-92.4800034,44.02159882
19192,-92.4647980,44.02159882
19200,-92.4816971,44.02170181
19196,-92.4628982,44.02199936
19191,-92.4657974,44.02310181
19180,-92.4644012,44.02360153
19190,-92.4675903,44.02368927
26953,-121.3145981,44.02460098
27245,-116.9422989,44.02500153
27250,-116.9412460,44.02518845
27246,-116.9459000,44.02569962
27249,-116.9488144,44.02707291
27247,-116.9626090,44.02726700
19184,-92.4844055,44.02839661
19306,-91.6206970,44.03089905
35685,-88.5878982,44.03089905
26956,-121.3376390,44.03144600
35686,-88.5814972,44.03279877
22737,-71.1210022,44.03350067
22741,-71.1262000,44.03450000
22671,-71.6783066,44.03767395
19305,-91.6191025,44.04048538
19304,-91.6653976,44.04330063
19194,-92.4893270,44.04532100
27416,-123.0208050,44.04703100
27423,-121.3317032,44.05130005
26955,-121.3026900,44.05244400
26943,-121.3026962,44.05310059
19179,-92.4955978,44.05329895
19303,-91.6918564,44.05334091
26944,-121.2637024,44.05339813
19186,-92.4950027,44.05369949
19301,-91.6425018,44.05550003
26957,-121.3126984,44.05649948
26942,-121.3026962,44.05749893
29403,-103.2300034,44.05929947
29391,-103.2324982,44.05939865
29414,-103.2311020,44.06110001
29412,-103.2328568,44.06140518
29406,-103.2325900,44.06235400
17440,-70.1549759,44.06367493
35557,-87.7132874,44.06446838
26961,-121.3025970,44.06470108
26947,-121.3087006,44.06600189
35906,-89.2637253,44.06690216
19182,-92.5039978,44.06790161
35905,-89.2810974,44.06949997
27414,-123.0343018,44.07089996
22673,-71.6408000,44.07210000
26948,-121.2929993,44.07329941
35558,-87.6996002,44.07559967
17439,-70.1799250,44.07689200
27419,-123.0421982,44.07839966
29408,-103.2293010,44.08033000
29411,-103.2311020,44.08039856
35559,-87.6962967,44.08050156
26962,-121.3054962,44.08150101
27412,-123.0393982,44.08250046
27411,-123.0411987,44.08259964
27413,-123.0399017,44.08309937
27415,-123.0402985,44.08330154
29398,-103.2138000,44.08430000
27417,-123.0438700,44.08811900
19147,-93.2460022,44.09560013
26968,-121.3022003,44.09680176
17167,-70.2258987,44.09889984
29394,-103.2016449,44.09936905
29397,-103.2012024,44.10129929
29401,-103.2014999,44.10279846
29410,-103.2032013,44.10398483
29390,-103.2048035,44.10520172
29389,-103.2221610,44.10563700
17166,-70.2258987,44.10710144
29413,-103.2020569,44.10783005
29400,-103.2019577,44.10787964
19145,-93.2908020,44.11050034
26959,-121.2934875,44.11064911
26950,-121.2955017,44.11270142
19063,-93.9947000,44.15560000
22650,-71.1821000,44.15960000
19058,-93.9495316,44.16720963
19061,-94.0033035,44.16780090
19060,-93.9513970,44.16866200
22647,-71.1848000,44.17090000
35656,-88.4850998,44.17819977
34050,-72.4984970,44.18659973
19056,-94.0141983,44.18790054
34204,-72.5758820,44.21371460
17819,-85.4060974,44.21559906
17820,-85.5808029,44.22240067
18295,-86.3109970,44.22700119
17814,-85.4426651,44.23118210
17817,-85.3965988,44.23199844
17816,-85.3965988,44.23519897
27348,-121.1949997,44.24369812
35156,-88.4685974,44.24629974
27351,-121.1835785,44.24686432
18699,-84.2255173,44.24697876
27347,-121.1866989,44.25220108
17813,-85.4611511,44.25250244
18602,-83.5360947,44.25431824
35457,-88.3600845,44.25868607
34203,-72.5789250,44.26076700
18297,-86.3161011,44.26089859
35159,-88.4691009,44.26129913
35151,-88.4729004,44.26179886
35153,-88.4152000,44.26190000
35149,-88.4513016,44.26190186
35162,-88.4092026,44.26200104
35160,-88.4605026,44.26210022
35165,-88.4590836,44.26213837
35458,-88.3479996,44.26229858
35157,-88.4685974,44.26269913
35155,-88.4610977,44.26309967
35158,-88.4675980,44.26430130
35167,-88.4710999,44.26453781
35213,-90.7801971,44.26470184
35163,-88.4713974,44.26589966
18947,-93.3379974,44.26910019
24779,-73.9749985,44.27021790
24785,-73.9773026,44.27080154
27350,-121.1742860,44.27256800
35152,-88.4645462,44.27322769
36284,-105.4885025,44.27399826
27349,-121.2589035,44.27460098
29309,-100.5971985,44.27560043
36275,-105.4934006,44.27584076
36277,-105.4892426,44.27610397
36280,-105.4884033,44.27700043
17927,-83.4879990,44.28020096
17444,-69.0087970,44.28123100
27467,-124.1082380,44.28156900
35215,-90.8732986,44.28490067
24782,-73.9844971,44.28490067
24780,-73.9844971,44.28680038
19122,-94.4414978,44.29280090
24781,-73.9774017,44.29280090
36273,-105.4968872,44.29338455
36283,-105.5268021,44.29359818
36276,-105.5261993,44.29359818
36279,-105.5269012,44.29370117
19124,-94.4432373,44.29475784
36281,-105.5310830,44.29517800
36274,-105.5294037,44.29529953
35211,-90.8209000,44.29550171
24778,-73.9995041,44.29564667
27405,-121.5606995,44.29869843
18095,-84.7369003,44.29890060
35150,-88.3712570,44.30076000
27342,-120.8305969,44.30279922
19319,-92.6860123,44.30295181
22689,-71.8034800,44.30595500
17168,-69.8087006,44.30839920
29263,-96.7526016,44.30970001
29264,-96.7520981,44.30989838
25318,-74.1216202,44.31019974
29265,-96.7518387,44.31098557
17173,-69.8107986,44.31579971
18946,-93.2948990,44.31600189
17172,-69.8173670,44.31676300
17170,-69.8172226,44.31781387
17174,-69.8176651,44.31830597
27468,-124.1015300,44.32404600
25321,-74.1329270,44.32904800
18097,-84.8031998,44.32960129
25324,-74.1812973,44.33240128
35212,-90.6389084,44.33563614
18099,-84.8066025,44.33589935
29335,-98.2144012,44.34040070
17171,-69.7974014,44.34109879
29334,-98.2157974,44.34159851
29333,-98.2138977,44.34180069
17169,-69.7957687,44.34772110
34339,-72.7873993,44.34830093
35887,-89.1300820,44.35045000
18096,-84.7947006,44.35350037
36194,-106.6965714,44.35412979
36199,-106.6891022,44.35419846
36197,-106.6738840,44.35434200
36195,-106.7043533,44.35469818
36191,-106.6858978,44.35530090
35960,-89.8174744,44.36378479
29301,-103.7324753,44.36483002
29304,-97.4552612,44.36551285
35962,-89.8178329,44.36570358
24713,-74.2323220,44.36670700
35959,-89.8173981,44.36759949
29381,-100.3538818,44.36768341
29386,-100.3568344,44.36877441
29292,-103.7349014,44.36909866
29382,-100.3599014,44.37020111
29385,-100.3614044,44.37081909
35961,-89.8142230,44.37224300
29379,-100.3638992,44.37229919
29295,-103.7249756,44.37369156
29297,-103.7312012,44.37620163
29299,-103.7300034,44.37689972
34370,-73.1138992,44.38550186
17214,-68.2139282,44.38596344
17200,-68.2114730,44.38814100
22591,-71.1899910,44.39372400
17198,-68.2235107,44.39457703
17207,-68.2231979,44.39490128
29462,-103.5083008,44.39870071
17247,-70.7949860,44.40197900
17246,-70.8238983,44.40729904
17248,-70.8123000,44.40750000
18402,-83.3281021,44.40819931
34259,-73.2165909,44.40920258
35261,-88.1215057,44.41129684
34262,-73.2152634,44.41215134
22596,-71.1940002,44.41569901
36408,-104.3457031,44.41609955
29464,-103.5346680,44.41803400
34269,-73.2115021,44.42559814
34270,-73.2115021,44.42570114
17236,-68.9813156,44.42765045
34258,-73.2109604,44.42847824
17194,-68.2753982,44.42950058
35478,-92.2990000,44.43220000
29463,-103.3342972,44.43669891
17235,-69.0187988,44.43690109
19074,-95.7752609,44.43805313
19134,-93.1822128,44.43990707
19070,-95.7638860,44.44318800
34311,-72.7409973,44.44459915
35259,-88.0686035,44.44540024
34371,-73.1166000,44.44570160
35260,-88.0609970,44.45009995
19072,-95.7594986,44.45050049
35708,-89.5227070,44.45053900
19073,-95.7568131,44.45083618
34369,-73.0970993,44.45299911
35706,-89.5724029,44.45380020
34267,-73.1796036,44.45690155
34268,-73.1701660,44.45953369
19022,-92.2835007,44.46099854
34264,-73.1810460,44.46644400
34372,-73.1144028,44.46720123
34265,-73.1806030,44.46900177
34095,-73.1809006,44.46910095
34097,-73.1825027,44.46950150
35396,-88.0771179,44.47011948
35381,-88.0767975,44.47050095
34285,-72.6748880,44.47063700
35372,-88.0765991,44.47090149
34281,-72.6882000,44.47111300
35397,-88.0770035,44.47140121
35376,-88.0768356,44.47228241
35383,-88.0773010,44.47249985
34291,-72.6905975,44.47320175
35382,-88.0771027,44.47349930
34293,-72.6968994,44.47359848
29454,-103.8132019,44.47439957
34304,-72.7169037,44.47470093
29458,-103.8097000,44.47480011
34297,-72.7012024,44.47480011
34286,-72.7006000,44.47590000
35392,-88.0758896,44.47590256
29455,-103.8150024,44.47602081
34292,-72.7031021,44.47660065
35386,-88.0604019,44.47729874
34094,-73.2185974,44.47890091
35370,-87.9309006,44.48469925
29452,-103.8099976,44.48569870
35394,-88.0268021,44.48730087
18824,-92.9095993,44.49079895
29450,-103.8526535,44.49208069
29459,-103.8602982,44.49209976
34104,-73.1690064,44.49315643
35398,-88.1222992,44.49560165
35391,-88.1304016,44.49589920
35374,-88.0510200,44.49652400
35379,-88.0541382,44.49662781
29453,-103.8645020,44.49860001
35373,-88.0550003,44.49900055
35384,-88.0502014,44.49929810
34310,-72.7500992,44.50120163
29451,-103.8597031,44.50139999
34120,-73.0814972,44.50149918
34298,-72.7599029,44.50299835
35375,-88.0068970,44.50350189
34106,-73.1807660,44.50384100
34107,-73.1811981,44.50400162
34275,-72.0117798,44.50922012
35390,-88.0177002,44.51169968
36246,-109.0945969,44.51539993
36233,-109.0867004,44.51634979
36223,-109.0868988,44.51639938
35380,-88.0148315,44.51659775
36224,-109.0792999,44.51679993
35385,-88.0136032,44.51760101
35393,-88.0112991,44.51760101
36226,-109.0718002,44.52159882
35813,-89.5291977,44.52420044
36225,-109.0365524,44.52460098
35809,-89.5607986,44.52479935
36234,-109.0672989,44.52619934
36238,-109.0550003,44.52619934
36232,-109.0541534,44.52627945
34105,-73.1877975,44.52730179
35388,-88.0615180,44.53067100
35806,-89.5743027,44.53699875
17343,-68.4149017,44.53779984
17341,-68.4157715,44.53820419
35807,-89.5757370,44.54009628
35810,-89.5757980,44.54119873
35377,-88.0707855,44.54198456
17646,-69.6707001,44.54420090
17645,-69.6774979,44.54541397
17647,-69.6308975,44.55160141
17643,-69.6306000,44.55160141
19013,-92.5589371,44.56568146
17291,-68.7924780,44.57132600
35690,-91.2010610,44.57908200
24398,-75.1404572,44.60029984
24397,-75.1692963,44.60139847
35553,-92.3013000,44.60980000
27231,-124.0502014,44.61470032
27230,-124.0593109,44.63150024
27228,-124.0588989,44.63230133
17976,-86.2426630,44.63263700
26870,-123.0645981,44.64170074
26873,-123.0654984,44.64179993
26872,-123.0556030,44.64450073
26871,-123.0545425,44.64452744
19027,-93.2926810,44.64506300
19026,-93.2936020,44.64820099
18625,-85.6457977,44.64929962
27227,-124.0543976,44.65769958
20798,-111.1045990,44.65890121
20792,-111.1126022,44.66026306
20808,-111.1103973,44.66080093
35570,-90.1778030,44.66099930
20793,-111.1034927,44.66132736
29258,-103.8546390,44.66135100
20788,-111.0990982,44.66210175
29257,-103.8538310,44.66246300
20815,-111.1016998,44.66339874
25153,-75.5395203,44.66516876
20787,-111.2646027,44.68170166
35572,-90.1621018,44.68299866
20789,-111.2627029,44.68450165
36251,-104.5990982,44.68460083
20809,-111.2518997,44.68659973
35568,-90.1570969,44.68859863
18040,-84.6324005,44.69070053
25214,-73.4885025,44.69578552
25215,-73.4997101,44.69595337
25216,-73.5003586,44.69598389
25217,-73.5049973,44.69599915
25212,-73.5000000,44.69889832
25218,-73.4876022,44.70930099
18995,-92.8503037,44.72140121
18992,-92.8506012,44.72150040
18621,-85.6576996,44.72280121
25220,-73.4368896,44.72520828
18168,-85.1796875,44.72964859
18744,-93.2143021,44.73270035
18817,-93.2806015,44.74349976
18816,-93.2807999,44.74359894
18644,-85.5391998,44.74560165
18642,-85.5363693,44.74584579
18646,-85.5317001,44.74589920
18818,-93.2785034,44.74610138
18615,-85.5447006,44.74610138
18617,-85.5363007,44.74610138
18632,-85.5578003,44.74909973
36370,-108.7484800,44.75404000
18622,-85.5793838,44.75879669
18618,-85.5850983,44.76240158
18640,-85.6181030,44.76279831
18637,-85.6096020,44.76396300
18633,-85.6097031,44.76409912
18960,-94.1315994,44.76710129
18815,-93.2934036,44.76910019
18819,-93.2912950,44.76927700
35296,-91.4646988,44.76952362
17679,-85.5013000,44.77190000
35298,-91.4288025,44.77190018
17678,-85.5012970,44.77190018
36399,-106.9385986,44.77379990
17176,-68.8640976,44.77479935
26919,-117.8296967,44.77700043
18820,-93.2846985,44.77830124
35772,-88.5997000,44.78150000
26916,-117.8132019,44.78189850
26921,-117.8198166,44.78190231
35774,-88.5888825,44.78201675
35773,-88.5682983,44.78210068
36400,-106.9406967,44.78419876
19243,-93.4756012,44.78490067
17188,-68.8142260,44.78498800
17180,-68.8146362,44.78599930
35651,-89.6758194,44.78656006
18907,-93.2061997,44.78760147
17186,-68.8160370,44.78760900
18912,-93.2080002,44.78789902
18906,-93.2059021,44.78789902
35304,-91.5174026,44.78850174
35771,-88.5689011,44.78889847
35293,-91.5183563,44.78919983
17184,-68.8109970,44.78990173
35299,-91.5187988,44.79010010
35297,-91.5192032,44.79050064
17187,-68.8113709,44.79071045
18834,-93.5986710,44.79080963
17185,-68.8107910,44.79098511
26922,-117.8796921,44.79152679
17181,-68.8098984,44.79169846
35300,-91.5188980,44.79290009
17179,-68.8094025,44.79299927
35302,-91.5089722,44.79305267
19246,-93.5078964,44.79420090
19245,-93.5077972,44.79539871
17680,-85.5286255,44.80102921
18913,-93.1967011,44.80239868
29259,-103.7613000,44.80340000
36397,-106.9558029,44.80379868
36402,-106.9390090,44.80523000
36396,-106.9460983,44.80659866
35303,-91.4997025,44.81150055
17182,-68.8135986,44.81290054
18831,-93.6100000,44.81310000
27421,-122.7955017,44.81809998
35963,-89.1025000,44.81870000
36403,-106.9555969,44.82120132
35817,-87.4031982,44.82120132
35833,-87.3909988,44.82260132
18911,-93.1685028,44.82590103
18902,-93.1696014,44.83160019
35295,-91.5222015,44.83200073
18846,-92.9611969,44.83340073
18789,-93.2958984,44.83349991
18904,-93.1668014,44.83449936
17183,-68.7427979,44.83539963
35837,-87.3726760,44.83801600
17177,-68.7451706,44.83850861
35305,-91.5960007,44.84410095
18910,-93.1579971,44.84560013
18908,-93.1491013,44.84730148
18905,-93.1587982,44.84790039
24828,-74.3000031,44.84799957
24826,-74.3071442,44.84868240
35819,-87.3619003,44.84899902
18791,-93.2399979,44.85200119
18781,-93.2466431,44.85242844
20799,-111.1939011,44.85520172
18792,-93.3476040,44.85540000
18798,-93.3479004,44.85540009
18829,-93.5347977,44.85689926
18790,-93.2215200,44.85733700
18786,-93.3323975,44.85760117
18903,-93.1672974,44.85839844
18787,-93.3466080,44.85853800
18780,-93.3562012,44.85860062
18785,-93.2325974,44.85869980
18784,-93.2885971,44.85879898
18783,-93.3167038,44.85900116
18788,-93.2177963,44.85950089
18777,-93.2310810,44.85976700
18923,-93.4244003,44.85990143
18924,-93.4241028,44.86000061
18794,-93.2435989,44.86009979
18782,-93.2230988,44.86009979
18793,-93.2779999,44.86050034
18796,-93.2530975,44.86090088
35652,-89.6375427,44.86100006
18799,-93.2743988,44.86126709
18755,-93.2575836,44.86130524
18778,-93.2573166,44.86143494
35654,-89.6248322,44.86146164
18776,-93.2274017,44.86159897
18779,-93.2530975,44.86180115
18797,-93.3508987,44.86190033
35653,-89.6324997,44.86190033
18920,-93.4339981,44.86209869
18917,-93.4204025,44.86280060
18921,-93.4197006,44.86280060
18915,-93.4194031,44.86280060
19176,-93.2826996,44.86349869
18922,-93.4219971,44.86479950
18918,-93.4208984,44.86510086
20795,-111.1946030,44.86560059
18916,-93.4279022,44.86800003
35764,-92.6216965,44.86869812
35767,-92.6220627,44.87026978
19006,-94.3757019,44.87360001
29482,-97.1084595,44.88358688
35672,-87.8836975,44.88660049
18919,-93.4206009,44.88909912
29481,-97.0492020,44.88980103
29480,-97.0674973,44.89009857
29476,-97.1455002,44.89020157
29478,-97.0595398,44.89090347
27374,-123.0345993,44.89099884
19109,-93.4197998,44.89120102
19005,-94.3886032,44.89530182
19110,-93.4069977,44.89879990
35583,-91.9320984,44.90119934
17532,-68.6905975,44.90349960
35579,-91.9327011,44.90409851
35581,-91.9298240,44.90434200
12632,-116.0969009,44.90570068
12630,-116.0980377,44.91149139
35896,-89.6495972,44.91400146
29307,-102.0999985,44.91510010
35247,-91.3895035,44.91529846
27366,-122.9997025,44.91989899
27372,-122.9961014,44.92010117
19312,-92.9701004,44.92169952
27369,-122.9950027,44.92210007
25048,-74.9473190,44.92368317
25050,-74.8867950,44.92378998
19310,-92.9694977,44.92710114
35894,-89.6649017,44.93050003
25049,-74.8929977,44.93050003
27380,-123.0207062,44.93611526
27377,-122.9916992,44.93840027
19228,-93.0921020,44.94409943
19233,-93.1025009,44.94440079
19309,-92.8964005,44.94490051
35136,-90.3155823,44.94507217
27379,-122.9901047,44.94629669
22122,-92.9841860,44.94636600
19311,-92.9060974,44.94699860
27373,-122.9919930,44.94711600
34215,-72.1704190,44.94791800
19232,-93.0932999,44.94800186
27375,-122.9918976,44.94879913
27367,-122.9870987,44.94910049
27376,-122.9938965,44.95019913
35895,-89.6632004,44.95080185
19226,-93.1084976,44.95149994
34214,-72.1582720,44.95174900
19231,-93.0926971,44.95209885
19236,-93.0270004,44.95280075
35180,-92.3684000,44.95370000
35899,-89.6650009,44.95679855
19230,-93.1824036,44.95769882
35425,-92.7237015,44.95849991
35424,-92.7235031,44.95849991
35903,-89.6606750,44.95881653
35900,-89.6596985,44.95899963
35422,-92.7401428,44.95998383
35421,-92.7365036,44.96200180
35428,-92.7389908,44.96232224
35897,-89.6557007,44.96329880
19137,-92.9574738,44.96340942
19111,-93.4329987,44.96649933
27371,-123.0082550,44.96760178
19082,-93.3503037,44.96929932
27370,-122.9887009,44.97050095
19095,-93.2773972,44.97069931
19092,-93.2773972,44.97109985
18961,-93.3603973,44.97119904
19225,-93.1546020,44.97119904
19087,-93.3587260,44.97123700
35181,-92.3749000,44.97156000
19088,-93.2723999,44.97159958
19086,-93.2732010,44.97320175
19084,-93.2714005,44.97320175
19108,-93.4112015,44.97340012
19079,-93.2716980,44.97340012
19077,-93.2674026,44.97340012
19089,-93.2474976,44.97340012
19080,-93.2213211,44.97376251
19097,-93.2298966,44.97380066
19083,-93.2664032,44.97430038
19101,-93.2748032,44.97660065
19098,-93.2733994,44.97740173
19094,-93.2733994,44.97769928
19100,-93.2670975,44.97819901
19104,-93.2638016,44.98020172
19106,-93.2738037,44.98720169
27368,-122.9888992,44.98799896
35420,-92.6520996,44.98889923
20545,-110.6931992,44.99290085
19102,-93.2118988,45.00220108
19166,-93.4543991,45.00699997
29305,-101.2292862,45.00764847
19162,-93.4548035,45.00830078
19165,-93.4591980,45.01296234
19163,-93.4592743,45.01323700
19099,-93.4530029,45.01449966
17981,-84.6771011,45.01950073
20494,-109.9311120,45.02056100
17983,-84.6881027,45.02310181
17982,-84.6847992,45.02740097
17987,-84.6863174,45.02923203
20549,-110.7054980,45.03183000
19259,-92.8422012,45.03580093
19269,-92.8367004,45.03649902
19264,-92.8342972,45.04090118
35314,-87.2901993,45.04389954
19251,-93.1445999,45.06090164
19250,-93.1420975,45.06090164
17693,-83.4744034,45.06110001
19066,-93.4437027,45.06859970
18806,-93.3018112,45.07121658
18808,-93.3049011,45.07189941
18811,-93.3028030,45.07279968
18809,-93.3159027,45.07540131
18810,-93.3164080,45.07567500
17695,-83.4533005,45.07960129
35566,-87.6489029,45.09059906
19067,-93.4459000,45.09450150
19296,-95.0424881,45.09601974
19299,-95.0422974,45.09690094
19068,-93.4487000,45.09719849
35665,-92.5367966,45.10010147
35561,-87.6314011,45.10039902
35663,-92.5374985,45.11610031
19297,-95.0718660,45.12106500
18321,-87.6131973,45.12129974
19294,-95.0383835,45.12241745
18322,-87.6127701,45.12272644
19249,-93.1842610,45.12402200
19293,-95.0112000,45.12480164
18844,-93.2722015,45.13309860
18845,-93.2738037,45.13809967
18775,-93.2324905,45.14051437
27461,-122.8750916,45.14604568
27459,-122.8772354,45.15100098
27460,-122.8833771,45.15226364
19037,-94.5738983,45.15240097
35147,-89.1521988,45.16220093
18813,-93.8579025,45.16709900
18812,-93.8607025,45.16960144
35588,-89.6556015,45.17800140
35590,-89.6581039,45.17806244
20733,-109.2481003,45.18000031
20731,-109.2469482,45.19453812
19205,-93.5486984,45.19789886
18841,-93.3531036,45.20690155
17800,-84.8519974,45.21189880
29354,-96.6218140,45.21913700
20511,-112.6315536,45.22161102
20505,-112.6316986,45.22209930
20506,-112.6363525,45.22368240
26986,-122.6972570,45.26114600
18957,-93.0068970,45.27930069
19113,-93.7987976,45.29560089
27454,-122.7684021,45.29750061
26874,-122.7718964,45.30270004
27455,-122.7674637,45.30368423
35245,-91.6536026,45.30810165
17840,-85.2585983,45.31949997
17839,-85.2392044,45.32547379
27157,-118.0747080,45.32927600
27456,-122.7732010,45.33679962
27457,-122.7664032,45.33679962
27458,-122.7649307,45.33703613
27450,-121.9643021,45.33779907
20350,-111.1978989,45.34870148
18425,-84.9670486,45.35116577
17766,-85.0755997,45.35459900
18424,-84.9688034,45.35599899
18421,-84.9710007,45.36209869
18427,-84.9710007,45.36510086
18432,-84.9936066,45.36667252
17765,-85.0203018,45.36679840
27446,-122.7559967,45.37889862
18423,-84.9101181,45.38668442
18759,-93.8671820,45.38820800
18760,-93.8700027,45.38869858
27435,-122.7472000,45.39139938
27433,-122.7478040,45.39297600
27381,-122.2778015,45.40029907
27429,-122.7466965,45.40710068
35237,-91.7353973,45.40750122
27431,-122.7468033,45.42660141
18052,-84.9058991,45.42720032
27432,-122.7443619,45.44263077
27272,-122.7377548,45.44339371
27338,-122.7884979,45.44649887
27434,-122.7755966,45.44710159
27430,-122.7827988,45.45420074
29253,-98.5158920,45.45806122
29251,-98.4489288,45.45886230
29250,-98.4482498,45.45913696
29254,-98.4532089,45.45929337
18054,-84.9265976,45.46409988
29248,-98.4890976,45.46829987
35859,-89.6937000,45.47100000
29252,-98.5036392,45.47370529
29249,-98.5072021,45.47389984
26940,-122.7878036,45.47660065
27437,-123.8480988,45.47729874
35477,-91.1222060,45.47978200
35754,-91.7344971,45.48070145
35759,-91.7329712,45.48358917
26934,-122.8140488,45.48859787
35862,-89.7339706,45.48900986
19217,-94.1474991,45.49409866
35858,-89.7266006,45.50510025
27337,-122.6800232,45.50563049
27323,-122.6731033,45.50680161
19221,-94.1575012,45.50930023
19130,-92.9617004,45.51010132
27313,-122.6753998,45.51269913
27316,-122.6795349,45.51409149
26938,-122.8395996,45.51580048
27304,-122.6731033,45.51750183
27297,-122.6796036,45.51760101
27336,-122.6815033,45.51819992
27333,-122.6798019,45.51900101
27301,-122.5632019,45.51910019
27341,-122.6798019,45.52009964
27290,-122.6771011,45.52009964
27312,-122.6789017,45.52019882
27295,-122.6868973,45.52040100
27292,-122.6818008,45.52059937
27339,-122.6784973,45.52119827
27286,-122.6738968,45.52170181
27315,-122.6952972,45.52249908
26936,-122.8382034,45.52769852
26939,-122.8376999,45.52769852
26937,-122.8376007,45.52769852
27321,-122.6607971,45.53060150
27279,-122.6556015,45.53139877
27322,-122.6481018,45.53139877
27308,-122.6613007,45.53160095
26941,-122.8349991,45.53170013
27274,-122.6612015,45.53229904
27271,-122.5785980,45.53250122
27273,-122.4738007,45.53340530
27277,-122.5773010,45.53405380
27441,-122.4208984,45.53689957
27300,-122.6996002,45.53710175
27287,-122.5030975,45.53770065
27442,-122.3937988,45.54349899
26935,-122.9498978,45.54510117
27440,-122.3977509,45.54533005
27443,-122.3991050,45.54540100
19214,-94.2063980,45.54949951
19212,-94.2078552,45.54950333
19218,-94.2034988,45.55099869
27307,-122.7239990,45.55130005
19220,-94.2086029,45.55229950
27317,-122.5780869,45.55291367
27275,-122.7020035,45.55749893
27266,-122.5786972,45.55879974
19215,-94.1575012,45.55879974
27268,-122.5598984,45.55939865
27269,-122.5567017,45.55979919
19210,-94.1325989,45.56010056
19224,-94.2863998,45.56359863
35256,-88.8908997,45.56425095
27302,-122.5761032,45.56460190
27276,-122.5428009,45.56710052
27288,-122.5410004,45.56710052
27296,-122.5365982,45.56719971
27299,-122.5382996,45.56729889
27270,-122.5384674,45.56749725
27306,-122.5444031,45.56790161
27332,-122.5473404,45.56847000
27331,-122.5401993,45.56880188
27318,-122.5763931,45.57044220
27264,-122.5635990,45.57462000
27320,-122.5764694,45.57728577
27285,-122.5737000,45.57939911
27293,-122.5687027,45.57939911
19211,-94.0879500,45.58130000
27326,-122.5764008,45.58269882
19121,-95.9188843,45.59228516
19120,-95.9172974,45.59289932
27267,-122.6794968,45.59299850
27278,-122.6819992,45.59429932
35072,-122.5382996,45.60110092
27428,-121.2273254,45.60246658
27426,-121.1389999,45.60423660
27298,-122.6902008,45.61560059
35073,-122.6516037,45.61579895
27424,-121.1707993,45.61859894
35065,-122.5543976,45.62300110
35071,-122.6738968,45.62559891
35752,-89.4268036,45.63169861
35751,-89.4266968,45.63199997
35745,-89.4260025,45.63199997
35748,-89.3889542,45.63213348
17849,-84.4824982,45.63539886
35746,-89.4114990,45.63850021
20671,-110.5724520,45.64239500
20484,-109.2425995,45.64279938
20662,-110.5748215,45.64371109
20664,-110.5729141,45.64637375
20659,-110.5723038,45.64950180
35080,-122.5982971,45.65159988
35070,-122.5927963,45.65349960
35077,-122.5904999,45.65520096
17452,-68.6924973,45.65719986
35068,-122.5769196,45.65798187
35066,-122.5761032,45.65800095
27255,-118.8053513,45.66139221
20668,-110.5625000,45.66149902
27260,-118.7781830,45.66177368
27256,-118.7748032,45.66230011
27254,-118.7695999,45.66230011
19075,-94.8106003,45.66510010
28299,-121.8943950,45.66673900
26970,-120.8343964,45.66920090
27261,-118.7910995,45.67039871
18257,-84.6942978,45.67210007
27257,-118.7671890,45.67315900
35075,-122.6630020,45.67319870
20417,-111.0442963,45.67959976
35703,-90.3909988,45.68140030
20423,-111.0460205,45.69248581
20418,-111.0463028,45.69380188
20439,-111.0481520,45.69876300
20424,-111.0466003,45.69879913
20416,-111.0464020,45.69919968
20435,-111.0493927,45.69977570
20428,-111.0679016,45.70019913
20429,-111.0668030,45.70019913
20443,-111.0610962,45.70080185
20436,-111.0671790,45.71245000
35067,-122.6509781,45.71666336
35078,-122.6518021,45.71670151
19240,-94.9533234,45.72218704
19238,-94.9501038,45.72290039
20400,-108.5558929,45.74276352
17932,-87.0861969,45.74560165
20384,-108.5588608,45.74768448
20382,-108.5636978,45.74779892
20397,-108.5524600,45.74976300
20394,-108.5430984,45.74980164
20396,-108.5447617,45.74993515
20401,-108.5466995,45.75009918
20405,-108.5371704,45.75320053
20407,-108.5466995,45.75364304
20391,-108.5475006,45.75370026
20399,-108.5665436,45.75415421
20390,-108.5665970,45.75429916
20389,-108.5381012,45.75429916
20406,-108.5645981,45.75439835
20346,-111.1852036,45.76390076
18259,-84.7314350,45.76986600
18280,-84.7262039,45.77045059
18261,-84.7295990,45.77069855
18269,-84.7268143,45.77203751
20345,-111.1852036,45.77209854
18268,-84.7269120,45.77445300
18281,-84.7263489,45.77484512
17933,-87.0835800,45.77629089
18267,-84.7259445,45.77642441
17935,-87.0835037,45.77679825
18282,-84.7266006,45.77690125
18260,-84.7257004,45.77849960
20387,-108.5037994,45.78219986
18270,-84.7321014,45.78279877
18265,-84.7328415,45.78330612
20378,-108.5025024,45.78390121
20388,-108.5096970,45.78440094
18283,-84.7270813,45.78680420
20392,-108.5160751,45.79233932
35785,-92.3818970,45.79830170
18122,-88.0449448,45.80866623
18737,-95.3878021,45.81150055
20395,-108.4115982,45.81399918
20359,-109.9086990,45.83190155
26973,-119.7021103,45.83677292
18121,-88.0529785,45.83750153
18125,-88.0491028,45.84439850
18735,-95.3879929,45.84538269
18733,-95.3882980,45.84569931
18740,-95.3882980,45.84930038
27365,-122.8258972,45.85409927
18507,-84.7300644,45.85474777
18508,-84.7376260,45.85629000
18506,-84.7284927,45.86913681
35642,-89.7096860,45.87162400
27439,-123.9600960,45.87216200
35638,-89.7875977,45.87440109
35645,-89.7868000,45.87540000
18498,-84.7266312,45.87675858
35802,-91.9380035,45.87739944
18501,-84.7253037,45.88209915
18499,-84.7249985,45.88473129
20471,-106.6342600,45.88602000
35641,-89.7011261,45.89061737
25666,-123.9620910,45.89890300
35119,-122.7437973,45.90969849
35284,-89.2544022,45.91400146
35279,-89.2527008,45.91490173
20501,-114.1479034,45.91600037
27447,-119.3339005,45.91839981
12577,-116.1285850,45.92495500
35694,-90.4419780,45.93302900
35276,-89.2565002,45.93809891
18298,-86.2354584,45.94725800
18300,-86.2282890,45.95185000
18299,-86.2268448,45.95347977
19044,-94.8656006,45.96440125
19038,-94.3377991,45.97320175
20455,-112.5058975,45.97430038
19040,-94.3435020,45.97704100
27394,-123.9265680,45.97892500
20447,-112.5077972,45.98239899
20456,-112.5040970,45.98569870
20451,-112.5070496,45.98713303
27386,-123.9253540,45.99310303
20449,-112.5123062,45.99330902
27398,-123.9260025,45.99520111
27385,-123.9289017,45.99589920
35407,-91.4784698,46.00545883
20457,-112.6562830,46.00571300
35414,-91.4818649,46.00993347
19001,-92.9282913,46.01097488
20448,-112.5320663,46.01424789
35404,-91.4660034,46.02460098
20453,-112.8097200,46.04824000
35090,-118.3402023,46.06729889
35087,-118.3673019,46.06829834
35093,-118.3345108,46.06937790
35085,-118.3416977,46.06980133
35092,-118.3332825,46.07089996
35091,-118.3028488,46.08006287
18127,-88.6324005,46.09270096
26965,-123.1998978,46.10229874
34687,-122.9400024,46.12960052
34604,-122.8993454,46.13848495
19139,-93.7073059,46.14087296
34605,-122.8963190,46.14534300
34603,-122.9189987,46.14870071
34606,-122.8999023,46.15169907
34607,-122.8987198,46.15185165
22152,-103.3995972,46.17800140
34608,-119.1751022,46.18460083
34616,-119.1778030,46.18479919
26905,-123.8591995,46.18500137
26908,-123.8023224,46.19299316
34615,-119.2191010,46.20220184
34611,-119.1592026,46.20750046
18385,-84.6695023,46.21129990
34619,-119.2233429,46.21618652
34609,-119.1102982,46.21739960
34617,-119.2239990,46.22040176
34819,-119.7865982,46.22050095
34610,-119.2274246,46.22146988
20412,-112.0867000,46.22180000
34618,-119.2257996,46.22309875
34613,-119.2274017,46.22320175
34777,-119.1136590,46.22813100
34846,-119.2309020,46.23107800
34847,-119.2211490,46.23461300
20584,-114.1556015,46.24359894
34773,-119.0822500,46.24861300
34771,-119.1167984,46.25279999
20590,-114.1573029,46.26160049
22232,-96.6190033,46.26330185
20539,-106.6753006,46.26399994
34843,-119.2677002,46.26520157
34772,-119.1791410,46.26877500
34845,-119.2684021,46.26879883
34775,-119.2203751,46.27315140
34844,-119.2741013,46.27369690
18948,-96.1166992,46.28739929
18952,-96.1144028,46.28990173
18951,-96.1167984,46.29019928
22233,-96.6080475,46.29043579
18949,-96.1196976,46.29050064
18375,-85.5082855,46.30369949
35020,-119.9818954,46.30722427
18803,-94.2029343,46.32779694
19257,-94.6458520,46.33824200
18757,-94.2530975,46.35120010
34685,-124.0534973,46.35496140
18758,-94.2454987,46.35749817
18350,-86.6041031,46.38000107
18351,-86.6207581,46.38174057
20685,-105.8375000,46.38970000
20680,-105.8229065,46.39319992
12618,-117.0039978,46.39720154
20681,-105.8227005,46.39720154
20679,-105.8227997,46.39849854
20684,-105.8226013,46.40169907
35135,-120.2782364,46.40444946
12616,-117.0013885,46.41249084
12620,-117.0015030,46.41429901
18354,-86.6391000,46.41620000
12617,-117.0201035,46.41930008
34494,-117.0567017,46.41979980
34496,-117.0408340,46.42023400
34497,-117.0473557,46.42518234
18411,-85.0762650,46.42935900
12622,-116.9806366,46.43179321
18352,-86.5758972,46.43249893
19119,-92.7182999,46.44570160
20742,-108.5418015,46.44720078
18533,-84.3235016,46.45019913
35430,-90.1931992,46.45818710
18531,-84.3696976,46.46239853
18532,-84.3783341,46.46330261
18541,-84.3700027,46.46580124
18530,-84.3653030,46.46889877
18534,-84.3640976,46.46969986
18539,-84.3640976,46.46989822
18310,-87.3398285,46.48371124
18136,-87.7325974,46.48550034
18535,-84.3860016,46.48580170
18374,-85.5147000,46.49470000
18540,-84.3478928,46.50084686
19128,-94.2978980,46.50202300
18306,-87.3737030,46.51119995
35169,-90.5599976,46.52989960
18308,-87.3927994,46.54470062
18309,-87.4000778,46.54470825
18307,-87.4290008,46.54669952
18304,-87.4433975,46.54959869
18305,-87.4402008,46.54959869
35064,-120.4737015,46.56193542
35130,-120.4780426,46.56312561
35121,-120.4731979,46.56529999
35173,-90.9026032,46.58388901
20612,-112.0394610,46.58736400
20606,-112.0397000,46.58960000
20613,-111.9996033,46.58980179
20616,-112.0013990,46.59003700
20605,-112.0026016,46.59030151
20603,-112.0043869,46.59106445
20608,-112.0034027,46.59120178
20602,-112.0068359,46.59121704
35170,-90.8843840,46.59242700
20610,-112.0018990,46.59244000
18379,-85.2415000,46.59550000
20600,-112.0374080,46.59550800
35874,-90.9541702,46.60047913
35132,-120.4981995,46.60419846
20618,-112.0100021,46.60499954
35128,-120.4940033,46.60530090
35129,-120.4634018,46.60670090
35126,-120.4881973,46.60689926
35127,-120.4933014,46.60710144
35131,-120.5112000,46.61249924
35124,-120.5604706,46.62050629
35125,-120.5121994,46.62070084
35123,-120.5119019,46.62080002
35122,-120.5122986,46.62179947
35133,-120.5122986,46.62229919
18410,-85.1031036,46.62500000
34489,-122.9541016,46.64500046
35847,-92.0111008,46.67851257
19158,-94.4642000,46.69620000
18838,-92.4635010,46.71300125
34821,-117.1653976,46.71350098
34822,-117.1802902,46.71468353
18857,-95.7185974,46.72060013
35846,-92.0710983,46.72240067
35843,-92.1259994,46.72370148
35845,-92.0718002,46.72430038
18889,-92.2209168,46.72637177
34488,-122.9792990,46.73096800
34820,-117.1932983,46.73180008
12643,-117.0212021,46.73279953
35844,-92.0977020,46.73369980
12647,-117.0164032,46.73410034
20675,-114.0821991,46.74380112
18894,-92.1503982,46.74800110
18872,-92.1481400,46.74969864
18885,-92.1299160,46.76030400
17743,-88.4928970,46.77000046
18888,-92.1044006,46.78189850
18873,-92.0926209,46.78219986
18893,-92.0957031,46.78329849
18879,-92.0942993,46.78400040
18880,-92.1016006,46.78530121
18870,-92.1023026,46.78649902
18878,-92.0919580,46.79189900
18875,-92.1744843,46.79639816
22144,-100.7934036,46.79669952
22137,-100.7881012,46.79679871
22147,-100.7827988,46.80649948
18876,-92.0640030,46.80670166
18874,-92.1569977,46.80723190
18877,-92.1531982,46.80770111
18860,-95.8266983,46.81019974
35191,-90.8136000,46.81147200
18856,-95.8302994,46.81190109
18855,-95.8584976,46.82249832
22145,-100.7746353,46.82495880
22148,-100.7366104,46.82554626
34767,-119.1594009,46.82720184
22150,-100.7745361,46.82823563
22141,-100.7722778,46.82832336
22136,-100.7714996,46.82929993
22149,-100.7697983,46.82949829
18544,-89.5707016,46.83060074
22138,-100.7775726,46.83283997
22146,-100.7725980,46.83334600
20687,-114.0492020,46.83340073
22139,-100.7752228,46.83500290
20714,-114.0413284,46.83575439
19117,-96.7684021,46.83760071
22143,-100.7751007,46.83829880
20713,-114.0359497,46.83920288
19116,-96.7670080,46.83993700
22182,-96.7983704,46.84567642
18863,-95.7810000,46.84630000
22184,-96.8618088,46.84868240
22186,-96.8600006,46.85179901
22178,-96.8594971,46.85189819
22212,-100.9207993,46.85279846
22181,-96.8510971,46.85604858
22167,-96.8422165,46.85649872
22164,-96.8379974,46.85929871
22173,-96.8367996,46.85969925
22165,-96.8385239,46.85980225
22171,-96.8383102,46.86001587
22170,-96.8348999,46.86159897
22177,-96.8515244,46.86175156
22175,-96.8451996,46.86190033
22185,-96.8387756,46.86448669
22174,-96.8479004,46.86510086
22166,-96.8448105,46.86619949
22172,-96.8454971,46.86669922
20697,-113.9871979,46.86890030
20704,-113.9854965,46.86930084
20705,-113.9938965,46.86949921
20686,-113.9908340,46.87126900
19118,-96.7323990,46.87559891
22236,-96.8907547,46.87607574
22237,-96.8845978,46.87630081
22153,-97.2110000,46.87651400
22180,-96.7857971,46.87810135
22176,-96.7828980,46.87900925
22210,-98.7154999,46.88019943
22209,-98.7193985,46.88809967
22208,-98.7204208,46.88816071
22206,-98.7191238,46.88836670
22163,-102.7945023,46.89400101
22161,-102.7858963,46.89749908
22159,-102.7973633,46.89843369
22158,-102.7902870,46.89876700
19154,-95.0510025,46.90420151
22169,-96.7952957,46.90547562
20703,-114.0373993,46.90779877
20694,-114.0367126,46.90848541
20715,-114.0360184,46.90861893
20699,-114.0354004,46.91120148
20707,-114.0346985,46.91249847
20688,-114.0335007,46.91379929
20708,-114.0335420,46.91576300
20719,-114.0710983,46.91799927
22229,-98.0219345,46.91820908
20696,-114.1669006,46.92710114
34521,-120.5389557,46.97451782
34524,-120.5399094,46.97526550
34403,-123.8102036,46.97620010
35061,-122.8439026,46.97959900
35059,-122.8439026,46.97969818
34520,-120.5481033,46.98089981
34741,-124.1649857,46.99563217
34756,-122.9113230,46.99813700
35058,-122.9091034,47.00099945
34743,-124.1663971,47.00640106
34747,-124.1666031,47.00770187
34740,-124.1664963,47.01330185
34744,-124.1650543,47.01451874
34738,-124.1657028,47.01739883
35060,-122.9225006,47.02429962
34758,-122.9151001,47.02750015
34751,-122.9008690,47.04058500
34755,-122.9002991,47.04309845
34757,-122.9022980,47.04759979
34638,-122.8230972,47.04830170
34752,-122.8249969,47.04859924
34637,-122.8229980,47.04970169
34635,-122.8213348,47.04980087
20651,-109.4226685,47.06744766
18675,-94.5410000,47.08790000
19280,-91.5777969,47.08980179
18983,-93.5767975,47.10110092
34707,-119.3169022,47.10319901
20561,-104.7124023,47.10570145
18091,-88.5745010,47.11550140
34850,-118.3679990,47.11794700
34706,-119.2657928,47.11795425
34852,-118.3649979,47.11880112
18094,-88.5584106,47.12230301
18090,-88.5647965,47.12239838
34851,-118.3813858,47.12357330
18050,-88.5746307,47.12493896
20567,-104.6931000,47.12540054
18049,-88.5813980,47.12570190
20564,-104.6933975,47.12739944
34711,-119.2727814,47.13242340
34643,-122.4921494,47.15671158
34827,-122.3028030,47.16080093
34823,-122.3013992,47.16170120
34644,-122.5197983,47.17129898
35029,-122.4629974,47.17739868
35035,-122.4629974,47.17910004
35038,-122.4595990,47.18843700
35030,-122.4619217,47.19565964
34526,-121.9626007,47.19900131
34825,-122.2937012,47.21070099
18989,-93.5288010,47.21369934
35033,-122.4643021,47.21379852
34964,-123.1274033,47.22850037
35024,-122.4257355,47.23862839
35037,-122.3598800,47.23913700
35036,-122.4132004,47.23960114
34551,-122.3530426,47.24291611
34550,-122.3899994,47.24300003
34549,-122.3864970,47.24306300
34552,-122.3796692,47.24323654
35040,-122.4396973,47.25059891
35042,-122.4580002,47.27330017
34527,-119.5650000,47.28330000
34546,-122.3106079,47.29019928
34417,-122.2334976,47.30099869
34587,-122.5821370,47.30903700
34543,-122.3134003,47.31259918
34545,-122.3011017,47.31460190
34544,-122.3144989,47.31520081
34586,-122.5864029,47.31779861
34541,-122.3082920,47.31820900
34542,-122.3113861,47.31884003
34420,-122.2303009,47.32080078
34419,-122.2248993,47.32130051
34421,-122.2310750,47.32323700
20754,-115.2811500,47.34445000
34623,-122.2991028,47.37699890
34624,-122.2610779,47.38087082
34620,-122.2613983,47.38199997
34625,-122.2294006,47.39960098
18999,-92.9244232,47.40078354
34622,-122.2492905,47.40132141
34627,-122.2277985,47.40150070
34626,-122.2591019,47.41210175
34914,-122.2879370,47.41607200
34857,-122.2974014,47.41609955
34877,-122.2959976,47.42620087
34887,-122.2958984,47.42649841
35096,-120.3134003,47.42720032
34882,-122.2957993,47.42800140
18998,-92.9213715,47.42801285
34854,-122.2949905,47.43017578
34920,-122.2938995,47.43113708
34935,-122.2925949,47.43123627
34912,-122.2749970,47.43316200
35097,-120.3173523,47.43337250
34903,-122.2962036,47.43460083
34874,-122.2954025,47.43519974
35102,-120.3192291,47.43532944
34628,-122.2435989,47.43970108
34923,-122.2957993,47.43980026
35095,-120.3231659,47.44077682
35101,-120.3245960,47.44266000
34908,-122.2918015,47.44520187
34864,-122.2938843,47.44542313
34871,-122.2951965,47.44570160
34884,-122.2962036,47.44580078
34836,-122.2170715,47.44655991
34925,-122.2955017,47.45149994
35099,-120.3332977,47.45159912
35050,-122.2543030,47.45420074
34913,-122.2938820,47.45482400
35098,-120.3358994,47.45489883
35051,-122.2623978,47.45510101
35056,-122.2444000,47.45800018
35049,-122.2442017,47.45890045
20331,-114.8804630,47.45898100
35052,-122.2444000,47.45949936
35047,-122.2446976,47.45959854
35055,-122.2447968,47.46110153
18940,-92.5267181,47.46178818
35054,-122.2449036,47.46269989
34841,-122.2217026,47.46269989
34837,-122.2186966,47.46400070
35053,-122.2680969,47.46419907
18766,-94.8719025,47.46450043
34839,-122.2186966,47.46459961
35048,-122.2466965,47.46500015
34890,-122.2478027,47.46689987
34838,-122.2149963,47.47100067
34875,-122.2827454,47.47840118
34840,-122.1936035,47.48210144
20576,-111.3379974,47.48270035
34873,-122.2698710,47.48606400
20568,-111.3276978,47.48839951
20582,-111.2861862,47.49096298
18767,-94.8956986,47.49169922
18763,-94.8990021,47.49240112
20571,-111.2923355,47.49248505
20578,-111.3007965,47.49420166
20583,-111.2833023,47.49449921
18770,-94.9068985,47.49459839
20574,-111.2904968,47.49539948
20573,-111.3076019,47.49599838
20579,-111.3069000,47.49909973
18768,-94.9357986,47.50220108
34796,-122.6436996,47.50260162
18765,-94.9319992,47.50299835
18764,-94.9489975,47.50559998
20572,-111.3348389,47.50899506
20577,-111.3444977,47.51100159
20486,-113.7121430,47.52804200
34970,-121.8267975,47.53070068
12603,-116.1316986,47.53939819
34599,-122.0575027,47.55030060
34600,-122.0606020,47.55181200
34676,-120.6858730,47.55319000
34470,-122.6250992,47.56389999
34468,-122.6728973,47.56809998
34474,-122.6810074,47.56983566
18958,-95.7372971,47.57149887
34438,-122.1316986,47.57740021
34433,-122.1642990,47.57789993
34431,-122.1336975,47.58050156
34430,-122.1343002,47.58162689
34702,-122.2358932,47.58860779
34657,-120.6663971,47.59389877
19046,-90.7893982,47.59840012
34861,-122.3351974,47.60160065
35011,-117.5399017,47.60309982
34855,-122.3363037,47.60490036
34926,-122.3312988,47.60649872
34894,-122.3336029,47.60689926
34916,-122.3335330,47.60698900
34945,-122.3339005,47.60739899
34896,-122.3322983,47.60760117
34869,-122.3315964,47.60779953
34878,-122.3343964,47.60820007
34932,-122.3274002,47.60850143
34885,-122.3329010,47.60919952
34900,-122.3414993,47.60950089
34922,-122.3349991,47.60969925
34439,-122.1908035,47.60990143
34432,-122.1887970,47.61009979
34909,-122.3464966,47.61019897
34929,-122.3333969,47.61019897
34442,-122.1908035,47.61100006
34939,-122.3338013,47.61180115
34876,-122.3501968,47.61209869
34910,-122.3384018,47.61220169
34897,-122.3338380,47.61263100
34938,-122.3339996,47.61280060
34948,-122.3379974,47.61299896
34918,-122.3295975,47.61299896
34946,-122.3410034,47.61380005
34428,-122.1859970,47.61529922
34921,-122.3405304,47.61579514
34872,-122.3378830,47.61614227
34904,-122.3394012,47.61740112
34934,-122.3294983,47.61759949
34860,-122.3406982,47.61800003
34436,-122.2031021,47.61830139
34437,-122.2014999,47.61840057
34888,-122.3436966,47.61859894
34859,-122.3460007,47.61980057
34889,-122.3423996,47.61989975
34891,-122.3593979,47.61999893
34941,-122.3435974,47.62003708
34919,-122.3438034,47.62026978
34976,-117.5075989,47.62049866
34443,-122.1981964,47.62110138
34881,-122.3473969,47.62559891
34866,-122.3437958,47.62567902
34927,-122.3338120,47.62631300
34868,-122.3399963,47.62749863
34930,-122.3298035,47.62929916
34835,-122.1374969,47.62929916
34440,-122.1457977,47.63349915
34434,-122.1444016,47.63470078
34429,-122.1440964,47.63489914
34435,-122.1320038,47.63510132
35003,-117.5024643,47.64127350
34997,-117.4733030,47.64152700
34986,-117.4757004,47.64160156
34631,-122.1999969,47.64300156
34987,-117.5373001,47.64319992
34994,-117.4115982,47.64670181
35001,-117.4105988,47.65219879
34984,-117.4144974,47.65349960
34992,-117.4109950,47.65438100
35004,-117.4222946,47.65608215
35009,-117.4251022,47.65650177
34981,-117.4237030,47.65703400
34943,-122.3175964,47.65719986
34634,-122.2064972,47.65719986
34980,-117.2332001,47.65719986
34947,-122.3177032,47.65879822
35014,-117.4105988,47.66035843
34985,-117.4093018,47.66040039
34982,-117.4149017,47.66059875
34979,-117.4093018,47.66099930
35007,-117.4160995,47.66329956
34989,-117.4113007,47.66339874
35006,-117.4108963,47.66339874
34942,-122.3000031,47.66355515
34998,-117.4132996,47.66410065
34931,-122.3004990,47.66569901
35084,-117.1967087,47.66669083
34996,-117.1970978,47.66699982
35008,-117.2162018,47.66759872
34977,-117.2162018,47.66790009
34833,-122.1060028,47.66930008
34832,-122.1215973,47.67079926
35002,-117.2836533,47.67126846
34988,-117.2810974,47.67139816
34834,-122.1216965,47.67179871
34678,-117.1121950,47.67318300
12564,-116.7546997,47.67350006
34999,-117.2031021,47.67490005
35012,-117.2818985,47.67540359
35013,-117.4113007,47.68640137
34993,-117.1970978,47.69089890
20726,-114.1589966,47.69499969
12563,-116.8052368,47.69761276
12562,-116.7810030,47.69825300
12560,-116.7919998,47.70059967
12566,-116.7920810,47.70066300
12565,-116.7894974,47.70069885
12569,-116.7910156,47.70076370
12682,-117.0105972,47.70429993
12681,-116.9431000,47.70579910
20728,-114.2105026,47.70669937
34632,-122.1779580,47.70799900
34895,-122.3328690,47.70883700
12683,-117.0005264,47.70949936
12679,-116.8981018,47.71030045
12680,-116.9982020,47.71203700
34630,-122.2500992,47.71300125
34978,-117.4105530,47.72176361
34858,-122.3448029,47.72880173
35000,-117.4117813,47.72956848
18774,-94.5543030,47.73031100
34886,-122.3451004,47.73130035
34818,-122.6369019,47.73279953
34815,-122.6402969,47.74259949
34975,-117.4113998,47.74399948
35005,-117.4036255,47.74684143
18978,-90.2667007,47.76819992
34465,-122.1809998,47.76900101
34870,-122.3461990,47.77080154
34466,-122.1801987,47.77730179
34519,-122.3436966,47.78279877
34464,-122.2132034,47.79050064
34463,-122.2203979,47.79130173
34462,-122.2139969,47.79180145
34697,-122.2925034,47.81209946
34696,-122.2900009,47.81729889
20540,-110.6675034,47.81740189
34695,-122.2886963,47.82099915
34698,-122.2731018,47.82099915
34694,-122.2817993,47.82329941
34699,-122.2708969,47.82339859
34700,-122.2690964,47.83359909
34492,-120.0271988,47.83710098
34703,-121.9727020,47.85990143
34704,-121.9773026,47.86059952
34537,-122.2368430,47.88176300
34531,-122.2317963,47.88209915
34535,-122.2281036,47.88209915
34532,-122.2386017,47.88349915
34721,-122.2873001,47.88940048
22200,-97.0884018,47.88949966
22194,-97.0743790,47.89119720
22197,-97.0785980,47.89160156
18963,-90.3059006,47.89670181
22205,-97.0451965,47.89970016
22195,-97.0766373,47.90252304
18937,-91.8425490,47.90306300
34528,-122.2434006,47.90579987
34539,-122.2070999,47.91040039
22199,-97.0912018,47.92020035
34725,-122.3001022,47.92089844
34533,-122.2077026,47.92129898
22192,-97.0880966,47.92850113
22196,-97.0900803,47.92916870
22204,-97.0898972,47.93039703
22202,-97.0904465,47.93104935
22198,-97.0964966,47.93109894
22201,-97.0904999,47.93130112
34722,-122.3029560,47.94479000
34723,-122.3037033,47.94900131
34529,-122.1927032,47.97660065
34538,-122.2005310,47.97753906
20370,-114.0449630,47.99805200
34530,-122.2001038,48.00245667
34558,-124.3774033,48.04199982
34701,-122.1881027,48.05260086
34787,-123.7927240,48.05783600
34958,-123.1351080,48.07555200
34954,-123.0911713,48.07765579
34959,-123.0932007,48.07938385
20627,-114.2391968,48.09740067
22156,-98.8496018,48.10079956
22155,-98.8624725,48.10228348
34794,-123.3908920,48.10560989
34782,-123.3993988,48.10589981
19277,-96.1913986,48.10739899
34805,-122.7579240,48.11582700
34789,-123.4344025,48.11809921
22154,-98.8425980,48.14419937
34412,-122.1828995,48.14759827
34956,-123.1650370,48.14888200
34413,-122.1598969,48.15200043
22239,-103.6254930,48.16457600
20488,-111.9420013,48.17689896
22238,-103.6262970,48.17689896
20636,-114.3074510,48.18440800
20638,-114.3069687,48.18618393
20630,-114.3130035,48.18719864
20640,-114.3144989,48.20050049
22215,-101.3164978,48.20600128
22219,-101.3057022,48.20700073
22216,-101.3156662,48.20878220
22222,-101.3126984,48.20909882
20635,-114.2928009,48.20959854
22218,-101.2982025,48.21088409
20629,-114.3283234,48.21574402
22220,-101.2612000,48.22959900
22224,-101.2952271,48.24802399
22223,-101.3090000,48.24816000
22221,-101.2947006,48.25080109
12694,-116.5440979,48.27429962
12698,-116.5520020,48.28319931
34732,-122.6427994,48.30089951
34731,-122.6430969,48.30720139
12700,-116.5452194,48.30997849
12697,-116.5459930,48.31064600
22226,-99.9949493,48.35400391
20479,-114.1410980,48.36940002
20824,-114.3064040,48.38749400
20827,-114.3358002,48.39220047
20818,-114.3357010,48.39659882
20825,-114.3564987,48.40750122
22189,-97.4237976,48.41249847
34763,-119.5280991,48.41269684
34761,-119.5057526,48.42089844
34714,-122.3416977,48.43560028
34716,-122.3430176,48.43603516
34717,-122.3355026,48.43799973
34715,-122.3374023,48.44229889
34476,-122.3427963,48.46400070
35106,-120.1385000,48.48790000
20746,-111.8763580,48.51200104
34568,-123.0170975,48.53519821
20594,-109.6634979,48.55160141
34501,-117.9180679,48.55429840
20598,-109.6949997,48.55519867
20597,-109.7151031,48.55709839
34569,-123.0803870,48.57553400
19009,-93.3226013,48.61009979
20498,-112.3434982,48.63679886
34513,-122.9432983,48.64889908
34514,-122.9496670,48.66252700
18750,-94.6392975,48.67219925
12543,-116.3096008,48.69720078
34452,-122.4691430,48.73373700
34448,-122.4701070,48.73597600
34456,-122.4680786,48.73795700
34446,-122.4664001,48.74480057
34451,-122.4906998,48.74560165
34454,-122.4860992,48.78089905
34445,-122.4828033,48.78369904
34449,-122.5182037,48.78860092
34450,-122.4854965,48.79159927
34453,-122.4840393,48.79529572
19206,-95.7468000,48.80930000
34547,-122.5784080,48.84702300
34548,-122.5719910,48.85443115
19291,-95.3236008,48.91289902
331,-131.6540985,55.34410095
340,-131.6759491,55.35094452
321,-131.6940002,55.35559845
335,-131.7191010,55.36769867
549,-132.3840942,56.45920181
458,-135.3260956,57.04930115
449,-135.3715620,57.07796400
346,-152.4051971,57.79660034
293,-134.4096985,58.29719925
300,-134.4098053,58.29750061
288,-134.4259949,58.30400085
304,-134.5832062,58.36169815
285,-134.5832062,58.36180115
303,-134.5715637,58.36330414
291,-134.5865021,58.36550140
286,-134.5856018,58.36579895
299,-134.5904990,58.40148000
218,-135.7368927,58.41329956
265,-151.5549011,59.64089966
245,-151.5574036,59.64130020
0,-151.8485400,59.76950000
417,-149.4414978,60.11759949
422,-149.4183960,60.13679886
474,-151.0789032,60.45569992
475,-151.0777000,60.47750000
476,-151.0621948,60.48440170
477,-151.0623016,60.48939896
116,-149.9064026,60.50320053
202,-149.1390991,60.95619965
514,-146.3527985,61.12519836
37,-149.8033850,61.13736300
43,-149.8689850,61.14446300
48,-149.8833840,61.17496600
38,-149.9437070,61.17560800
68,-149.9412020,61.17749600
18,-149.9393980,61.17906700
72,-149.8633700,61.18021000
55,-149.8820160,61.18056300
52,-149.8813820,61.18056300
54,-149.9373070,61.18074100
74,-149.9377690,61.18092300
20,-149.9357790,61.18163300
49,-149.8889790,61.18190100
19,-149.9288130,61.18309100
80,-149.9126140,61.18584700
75,-149.8943510,61.18796300
21,-149.8625840,61.18796300
87,-149.9126140,61.18846200
85,-149.8828140,61.18935700
47,-149.8705930,61.18936300
78,-149.8626140,61.18953700
22,-149.8712840,61.20834200
57,-149.9039840,61.21056200
50,-149.9040880,61.21446300
16,-149.8828910,61.21446300
33,-149.8880450,61.21473700
79,-149.8712840,61.21531500
64,-149.8981720,61.21546300
128,-149.8766022,61.21569824
81,-149.8768990,61.21673700
91,-149.9013970,61.21746100
77,-149.8624100,61.21746300
27,-149.9017000,61.21760000
39,-149.8786100,61.21773700
66,-149.8459840,61.21821500
56,-149.8862150,61.21869400
69,-149.8495140,61.21899300
53,-149.8916840,61.21917400
51,-149.8916860,61.21936300
76,-149.7332140,61.22215500
35,-149.8835850,61.22273600
83,-149.8749320,61.23070000
145,-149.5572968,61.34280014
133,-150.4710999,61.34420013
532,-149.4824982,61.57740021
380,-149.1134949,61.60160065
382,-148.9970000,61.62330000
111,-148.7999000,63.41740000
509,-142.1502075,63.59849930
130,-150.4660950,63.73270035
132,-148.8984690,63.74586200
124,-150.4623000,63.77960000
161,-147.7151350,64.83326900
189,-147.8123016,64.83370209
184,-147.7171783,64.83445740
170,-147.8502045,64.83460236
164,-147.7480011,64.83689880
191,-147.7563629,64.83726501
188,-147.8383942,64.83989716
163,-147.7245941,64.84359741
167,-147.7704163,64.84376526
190,-147.7203064,64.84380341
195,-147.7225037,64.86150360
100,-155.7183990,70.61779785
